"lemma","analysis_period","q_many_n","q_many_total","number_plural_n","number_plural_total","det_a_n","det_a_total","q_plural_n","q_plural_total","det_plural_n","det_plural_total","semantics","q_many_prop","q_many_prop_smoothed","q_many_logit_smoothed","number_plural_prop","number_plural_prop_smoothed","number_plural_logit_smoothed","det_a_prop","det_a_prop_smoothed","det_a_logit_smoothed","q_plural_prop","q_plural_prop_smoothed","q_plural_logit_smoothed","det_plural_prop","det_plural_prop_smoothed","det_plural_logit_smoothed","has_q_many","has_number_plural","has_det_a","complete_primary","min_primary_total","primary_total"
"ale","a_o?",0,0,0,7,0,0,0,0,0,0,"s",,0.5,0,0,0.0625,-2.70805020110221,,0.5,0,,0.5,0,,0.5,0,FALSE,TRUE,FALSE,FALSE,0,7
"attor_poison","a_o?",0,0,8,29,0,0,0,0,0,0,"s",,0.5,0,0.275862068965517,0.283333333333333,-0.927986771637346,,0.5,0,,0.5,0,,0.5,0,FALSE,TRUE,FALSE,FALSE,0,29
"bearn_child","a_o?",0,0,70,109,0,0,0,0,0,0,"c",,0.5,0,0.642201834862385,0.640909090909091,0.579312037911147,,0.5,0,,0.5,0,,0.5,0,FALSE,TRUE,FALSE,FALSE,0,109
"bigleofa_food","a_o?",0,0,0,2,0,0,0,0,0,0,"s",,0.5,0,0,0.166666666666667,-1.6094379124341,,0.5,0,,0.5,0,,0.5,0,FALSE,TRUE,FALSE,FALSE,0,2
"bishop","a_o?",1,1,41,418,0,0,0,0,0,0,"c",1,0.75,1.09861228866811,0.0980861244019139,0.0990453460620525,-2.20787714145243,,0.5,0,,0.5,0,,0.5,0,TRUE,TRUE,FALSE,FALSE,0,419
"bliss","a_o?",0,10,1,71,0,0,0,0,0,0,"a",0,0.0454545454545455,-3.04452243772342,0.0140845070422535,0.0208333333333333,-3.85014760171006,,0.5,0,,0.5,0,,0.5,0,TRUE,TRUE,FALSE,FALSE,0,81
"blood","a_o?",1,1,1,100,0,0,0,0,0,0,"s",1,0.75,1.09861228866811,0.01,0.0148514851485149,-4.19469253605638,,0.5,0,,0.5,0,,0.5,0,TRUE,TRUE,FALSE,FALSE,0,101
"book","a_o?",1,3,96,185,0,0,0,0,0,0,"c",0.333333333333333,0.375,-0.510825623765991,0.518918918918919,0.518817204301075,0.0753043830641306,,0.5,0,,0.5,0,,0.5,0,TRUE,TRUE,FALSE,FALSE,0,188
"brother","a_o?",0,0,63,224,0,0,0,0,0,0,"c",,0.5,0,0.28125,0.282222222222222,-0.933465236764065,,0.5,0,,0.5,0,,0.5,0,FALSE,TRUE,FALSE,FALSE,0,224
"butter","a_o?",0,0,0,5,0,0,0,0,0,0,"s",,0.5,0,0,0.0833333333333333,-2.39789527279837,,0.5,0,,0.5,0,,0.5,0,FALSE,TRUE,FALSE,FALSE,0,5
"cloth","a_o?",0,0,6,23,0,0,0,0,0,0,"s",,0.5,0,0.260869565217391,0.270833333333333,-0.990398704027877,,0.5,0,,0.5,0,,0.5,0,FALSE,TRUE,FALSE,FALSE,0,23
"craft","a_o?",0,0,13,42,0,0,0,0,0,0,"a",,0.5,0,0.30952380952381,0.313953488372093,-0.78170057790139,,0.5,0,,0.5,0,,0.5,0,FALSE,TRUE,FALSE,FALSE,0,42
"daughter","a_o?",0,0,1,54,0,0,0,0,0,0,"c",,0.5,0,0.0185185185185185,0.0272727272727273,-3.5742165457938,,0.5,0,,0.5,0,,0.5,0,FALSE,TRUE,FALSE,FALSE,0,54
"day","a_o?",3,5,195,702,0,0,0,0,0,0,"a",0.6,0.583333333333333,0.336472236621213,0.277777777777778,0.278093883357041,-0.953936331490522,,0.5,0,,0.5,0,,0.5,0,TRUE,TRUE,FALSE,FALSE,0,707
"death","a_o?",0,0,4,257,0,0,0,0,0,0,"a",,0.5,0,0.0155642023346304,0.0174418604651163,-4.03128642625496,,0.5,0,,0.5,0,,0.5,0,FALSE,TRUE,FALSE,FALSE,0,257
"devil","a_o?",0,2,77,259,0,0,0,0,0,0,"c",0,0.166666666666667,-1.6094379124341,0.297297297297297,0.298076923076923,-0.856472236663245,,0.5,0,,0.5,0,,0.5,0,TRUE,TRUE,FALSE,FALSE,0,261
"doom","a_o?",0,2,11,100,0,0,0,0,0,0,"a",0,0.166666666666667,-1.6094379124341,0.11,0.113861386138614,-2.05189158991161,,0.5,0,,0.5,0,,0.5,0,TRUE,TRUE,FALSE,FALSE,0,102
"dust","a_o?",0,0,0,64,0,0,0,0,0,0,"s",,0.5,0,0,0.00769230769230769,-4.85981240436167,,0.5,0,,0.5,0,,0.5,0,FALSE,TRUE,FALSE,FALSE,0,64
"earth","a_o?",0,0,1,262,0,0,0,0,0,0,"s",,0.5,0,0.00381679389312977,0.00570342205323194,-5.16096917539681,,0.5,0,,0.5,0,,0.5,0,FALSE,TRUE,FALSE,FALSE,0,262
"eced_acid","a_o?",0,0,0,66,0,0,0,0,0,0,"s",,0.5,0,0,0.00746268656716418,-4.89034912822175,,0.5,0,,0.5,0,,0.5,0,FALSE,TRUE,FALSE,FALSE,0,66
"evil","a_o?",2,11,29,168,0,0,0,0,0,0,"a",0.181818181818182,0.208333333333333,-1.33500106673234,0.172619047619048,0.174556213017751,-1.55367433791565,,0.5,0,,0.5,0,,0.5,0,TRUE,TRUE,FALSE,FALSE,0,179
"eye","a_o?",0,10,182,285,0,0,0,0,0,0,"c",0,0.0454545454545455,-3.04452243772342,0.63859649122807,0.638111888111888,0.567178560317122,,0.5,0,,0.5,0,,0.5,0,TRUE,TRUE,FALSE,FALSE,0,295
"fæt_cup","a_o?",0,0,41,55,0,0,0,0,0,0,"c",,0.5,0,0.745454545454545,0.741071428571429,1.05154477781012,,0.5,0,,0.5,0,,0.5,0,FALSE,TRUE,FALSE,FALSE,0,55
"father","a_o?",1,1,32,298,0,0,0,0,0,0,"c",1,0.75,1.09861228866811,0.10738255033557,0.108695652173913,-2.10413415427021,,0.5,0,,0.5,0,,0.5,0,TRUE,TRUE,FALSE,FALSE,0,299
"feoh_cattle","a_o?",0,0,0,80,0,0,0,0,0,0,"s",,0.5,0,0,0.00617283950617284,-5.08140436498446,,0.5,0,,0.5,0,,0.5,0,FALSE,TRUE,FALSE,FALSE,0,80
"fish","a_o?",0,0,8,15,0,0,0,0,0,0,"c",,0.5,0,0.533333333333333,0.53125,0.125163142954006,,0.5,0,,0.5,0,,0.5,0,FALSE,TRUE,FALSE,FALSE,0,15
"flesh","a_o?",0,0,1,50,0,0,0,0,0,0,"s",,0.5,0,0.02,0.0294117647058824,-3.49650756146648,,0.5,0,,0.5,0,,0.5,0,FALSE,TRUE,FALSE,FALSE,0,50
"folk","a_o?",0,2,17,377,0,0,0,0,0,0,"c",0,0.166666666666667,-1.6094379124341,0.0450928381962865,0.0462962962962963,-3.02529107579554,,0.5,0,,0.5,0,,0.5,0,TRUE,TRUE,FALSE,FALSE,0,379
"gebroþor_brethren","a_o?",0,0,59,59,0,0,0,0,0,0,"c",,0.5,0,1,0.991666666666667,4.77912349311153,,0.5,0,,0.5,0,,0.5,0,FALSE,TRUE,FALSE,FALSE,0,59
"geleafa_belief","a_o?",0,0,2,162,0,0,0,0,0,0,"a",,0.5,0,0.0123456790123457,0.0153374233128834,-4.16200321069592,,0.5,0,,0.5,0,,0.5,0,FALSE,TRUE,FALSE,FALSE,0,162
"gold","a_o?",0,0,0,38,0,0,0,0,0,0,"s",,0.5,0,0,0.0128205128205128,-4.34380542185368,,0.5,0,,0.5,0,,0.5,0,FALSE,TRUE,FALSE,FALSE,0,38
"hand","a_o?",0,0,76,199,0,0,0,0,0,0,"c",,0.5,0,0.381909547738693,0.3825,-0.478950415235542,,0.5,0,,0.5,0,,0.5,0,FALSE,TRUE,FALSE,FALSE,0,199
"heart","a_o?",0,0,15,131,0,0,0,0,0,0,"c",,0.5,0,0.114503816793893,0.117424242424242,-2.01705124908055,,0.5,0,,0.5,0,,0.5,0,FALSE,TRUE,FALSE,FALSE,0,131
"heaven","a_o?",0,0,129,203,0,0,0,0,0,0,"a",,0.5,0,0.635467980295567,0.634803921568627,0.552881755754078,,0.5,0,,0.5,0,,0.5,0,FALSE,TRUE,FALSE,FALSE,0,203
"honey","a_o?",0,0,0,54,0,0,0,0,0,0,"s",,0.5,0,0,0.00909090909090909,-4.69134788222914,,0.5,0,,0.5,0,,0.5,0,FALSE,TRUE,FALSE,FALSE,0,54
"horse","a_o?",0,0,22,34,0,0,0,0,0,0,"c",,0.5,0,0.647058823529412,0.642857142857143,0.587786664902119,,0.5,0,,0.5,0,,0.5,0,FALSE,TRUE,FALSE,FALSE,0,34
"hound","a_o?",0,0,5,18,0,0,0,0,0,0,"c",,0.5,0,0.277777777777778,0.289473684210526,-0.897941593205958,,0.5,0,,0.5,0,,0.5,0,FALSE,TRUE,FALSE,FALSE,0,18
"house","a_o?",1,1,10,88,0,0,0,0,0,0,"c",1,0.75,1.09861228866811,0.113636363636364,0.117977528089888,-2.01172336762489,,0.5,0,,0.5,0,,0.5,0,TRUE,TRUE,FALSE,FALSE,0,89
"king","a_o?",1,1,60,1193,0,0,0,0,0,0,"c",1,0.75,1.09861228866811,0.0502933780385583,0.0506700167504188,-2.93042210491079,,0.5,0,,0.5,0,,0.5,0,TRUE,TRUE,FALSE,FALSE,0,1194
"land","a_o?",0,0,26,312,0,0,0,0,0,0,"a",,0.5,0,0.0833333333333333,0.0846645367412141,-2.38059380316262,,0.5,0,,0.5,0,,0.5,0,FALSE,TRUE,FALSE,FALSE,0,312
"lift_air","a_o?",0,0,0,8,0,0,0,0,0,0,"s",,0.5,0,0,0.0555555555555556,-2.83321334405622,,0.5,0,,0.5,0,,0.5,0,FALSE,TRUE,FALSE,FALSE,0,8
"loaf","a_o?",0,0,8,49,0,0,0,0,0,0,"s",,0.5,0,0.163265306122449,0.17,-1.58562726374038,,0.5,0,,0.5,0,,0.5,0,FALSE,TRUE,FALSE,FALSE,0,49
"lore","a_o?",0,0,28,153,0,0,0,0,0,0,"a",,0.5,0,0.183006535947712,0.185064935064935,-1.48240167129723,,0.5,0,,0.5,0,,0.5,0,FALSE,TRUE,FALSE,FALSE,0,153
"love","a_o?",0,2,7,188,0,0,0,0,0,0,"a",0,0.166666666666667,-1.6094379124341,0.0372340425531915,0.0396825396825397,-3.18635263316264,,0.5,0,,0.5,0,,0.5,0,TRUE,TRUE,FALSE,FALSE,0,190
"man","a_o?",26,26,910,1674,0,0,0,0,0,0,"c",1,0.981481481481482,3.97029191355212,0.543608124253286,0.543582089552239,0.174771873798546,,0.5,0,,0.5,0,,0.5,0,TRUE,TRUE,FALSE,FALSE,0,1700
"meat","a_o?",0,0,11,81,0,0,0,0,0,0,"s",,0.5,0,0.135802469135802,0.140243902439024,-1.81326567444902,,0.5,0,,0.5,0,,0.5,0,FALSE,TRUE,FALSE,FALSE,0,81
"middaneard_world","a_o?",0,0,2,186,0,0,0,0,0,0,"a",,0.5,0,0.010752688172043,0.0133689839572193,-4.30135873160643,,0.5,0,,0.5,0,,0.5,0,FALSE,TRUE,FALSE,FALSE,0,186
"might","a_o?",0,3,14,101,0,0,0,0,0,0,"a",0,0.125,-1.94591014905531,0.138613861386139,0.142156862745098,-1.79749014393704,,0.5,0,,0.5,0,,0.5,0,TRUE,TRUE,FALSE,FALSE,0,104
"milk","a_o?",0,0,0,10,0,0,0,0,0,0,"s",,0.5,0,0,0.0454545454545455,-3.04452243772342,,0.5,0,,0.5,0,,0.5,0,FALSE,TRUE,FALSE,FALSE,0,10
"mood","a_o?",0,2,8,227,0,0,0,0,0,0,"a",0,0.166666666666667,-1.6094379124341,0.0352422907488987,0.037280701754386,-3.25128606901896,,0.5,0,,0.5,0,,0.5,0,TRUE,TRUE,FALSE,FALSE,0,229
"name","a_o?",0,0,20,366,0,0,0,0,0,0,"a",,0.5,0,0.0546448087431694,0.055858310626703,-2.8274579324856,,0.5,0,,0.5,0,,0.5,0,FALSE,TRUE,FALSE,FALSE,0,366
"night","a_o?",0,0,67,229,0,0,0,0,0,0,"a",,0.5,0,0.292576419213974,0.293478260869565,-0.878550403891308,,0.5,0,,0.5,0,,0.5,0,FALSE,TRUE,FALSE,FALSE,0,229
"oil","a_o?",0,0,0,58,0,0,0,0,0,0,"s",,0.5,0,0,0.00847457627118644,-4.76217393479776,,0.5,0,,0.5,0,,0.5,0,FALSE,TRUE,FALSE,FALSE,0,58
"rice_power","a_o?",0,0,10,347,0,0,0,0,0,0,"a",,0.5,0,0.0288184438040346,0.0301724137931034,-3.47019025314911,,0.5,0,,0.5,0,,0.5,0,FALSE,TRUE,FALSE,FALSE,0,347
"right","a_o?",0,0,0,87,0,0,0,0,0,0,"a",,0.5,0,0,0.00568181818181818,-5.16478597392351,,0.5,0,,0.5,0,,0.5,0,FALSE,TRUE,FALSE,FALSE,0,87
"salt","a_o?",0,0,0,21,0,0,0,0,0,0,"s",,0.5,0,0,0.0227272727272727,-3.76120011569356,,0.5,0,,0.5,0,,0.5,0,FALSE,TRUE,FALSE,FALSE,0,21
"seaw_juice","a_o?",0,0,0,57,0,0,0,0,0,0,"s",,0.5,0,0,0.00862068965517241,-4.74493212836325,,0.5,0,,0.5,0,,0.5,0,FALSE,TRUE,FALSE,FALSE,0,57
"seed","a_o?",0,1,3,63,0,0,0,0,0,0,"s",0,0.25,-1.09861228866811,0.0476190476190476,0.0546875,-2.84988039654143,,0.5,0,,0.5,0,,0.5,0,TRUE,TRUE,FALSE,FALSE,0,64
"ship","a_o?",0,0,252,305,0,0,0,0,0,0,"c",,0.5,0,0.826229508196721,0.82516339869281,1.55172959481345,,0.5,0,,0.5,0,,0.5,0,FALSE,TRUE,FALSE,FALSE,0,305
"silver","a_o?",0,0,0,32,0,0,0,0,0,0,"s",,0.5,0,0,0.0151515151515152,-4.17438726989564,,0.5,0,,0.5,0,,0.5,0,FALSE,TRUE,FALSE,FALSE,0,32
"sin","a_o?",1,3,187,242,0,0,0,0,0,0,"a",0.333333333333333,0.375,-0.510825623765991,0.772727272727273,0.771604938271605,1.21739582465808,,0.5,0,,0.5,0,,0.5,0,TRUE,TRUE,FALSE,FALSE,0,245
"son","a_o?",0,0,92,395,0,0,0,0,0,0,"c",,0.5,0,0.232911392405063,0.233585858585859,-1.18817296598117,,0.5,0,,0.5,0,,0.5,0,FALSE,TRUE,FALSE,FALSE,0,395
"soul","a_o?",1,1,108,339,0,0,0,0,0,0,"a",1,0.75,1.09861228866811,0.31858407079646,0.319117647058824,-0.757829700545775,,0.5,0,,0.5,0,,0.5,0,TRUE,TRUE,FALSE,FALSE,0,340
"stench","a_o?",0,3,0,0,0,0,0,0,0,0,"s",0,0.125,-1.94591014905531,,0.5,0,,0.5,0,,0.5,0,,0.5,0,TRUE,FALSE,FALSE,FALSE,0,3
"stone","a_o?",0,3,32,56,0,0,0,0,0,0,"c",0,0.125,-1.94591014905531,0.571428571428571,0.570175438596491,0.28256697178501,,0.5,0,,0.5,0,,0.5,0,TRUE,TRUE,FALSE,FALSE,0,59
"þearf_need","a_o?",0,0,28,117,0,0,0,0,0,0,"a",,0.5,0,0.239316239316239,0.241525423728814,-1.1443345380062,,0.5,0,,0.5,0,,0.5,0,FALSE,TRUE,FALSE,FALSE,0,117
"tree","a_o?",0,0,12,65,0,0,0,0,0,0,"c",,0.5,0,0.184615384615385,0.189393939393939,-1.45395300959371,,0.5,0,,0.5,0,,0.5,0,FALSE,TRUE,FALSE,FALSE,0,65
"water","a_o?",0,0,11,202,0,0,0,0,0,0,"s",,0.5,0,0.0544554455445545,0.0566502463054187,-2.8125407732515,,0.5,0,,0.5,0,,0.5,0,FALSE,TRUE,FALSE,FALSE,0,202
"wer_man","a_o?",0,0,43,126,0,0,0,0,0,0,"c",,0.5,0,0.341269841269841,0.34251968503937,-0.652085693762171,,0.5,0,,0.5,0,,0.5,0,FALSE,TRUE,FALSE,FALSE,0,126
"wet","a_o?",0,0,0,12,0,0,0,0,0,0,"s",,0.5,0,0,0.0384615384615385,-3.2188758248682,,0.5,0,,0.5,0,,0.5,0,FALSE,TRUE,FALSE,FALSE,0,12
"wife","a_o?",0,0,68,234,0,0,0,0,0,0,"c",,0.5,0,0.290598290598291,0.291489361702128,-0.888161564152319,,0.5,0,,0.5,0,,0.5,0,FALSE,TRUE,FALSE,FALSE,0,234
"wisdom","a_o?",0,5,0,97,0,0,0,0,0,0,"a",0,0.0833333333333333,-2.39789527279837,0,0.00510204081632653,-5.27299955856375,,0.5,0,,0.5,0,,0.5,0,TRUE,TRUE,FALSE,FALSE,0,102
"wood","a_o?",0,0,3,21,0,0,0,0,0,0,"s",,0.5,0,0.142857142857143,0.159090909090909,-1.66500776358891,,0.5,0,,0.5,0,,0.5,0,FALSE,TRUE,FALSE,FALSE,0,21
"work","a_o?",0,5,138,217,0,0,0,0,0,0,"a",0,0.0833333333333333,-2.39789527279837,0.63594470046083,0.635321100917431,0.555113303967107,,0.5,0,,0.5,0,,0.5,0,TRUE,TRUE,FALSE,FALSE,0,222
"wyrd_fate","a_o?",0,0,5,8,0,0,0,0,0,0,"a",,0.5,0,0.625,0.611111111111111,0.451985123743057,,0.5,0,,0.5,0,,0.5,0,FALSE,TRUE,FALSE,FALSE,0,8
"wyrt_plant","a_o?",0,0,29,778,0,0,0,0,0,0,"c",,0.5,0,0.0372750642673522,0.0378690629011553,-3.23501605419688,,0.5,0,,0.5,0,,0.5,0,FALSE,TRUE,FALSE,FALSE,0,778
"year","a_o?",5,5,147,594,0,0,0,0,0,0,"a",1,0.916666666666667,2.39789527279837,0.247474747474747,0.247899159663866,-1.10984836193504,,0.5,0,,0.5,0,,0.5,0,TRUE,TRUE,FALSE,FALSE,0,599
"ale","b_o1",0,0,0,2,0,0,0,0,0,0,"s",,0.5,0,0,0.166666666666667,-1.6094379124341,,0.5,0,,0.5,0,,0.5,0,FALSE,TRUE,FALSE,FALSE,0,2
"bearn_child","b_o1",0,0,3,7,0,0,0,0,0,0,"c",,0.5,0,0.428571428571429,0.4375,-0.251314428280906,,0.5,0,,0.5,0,,0.5,0,FALSE,TRUE,FALSE,FALSE,0,7
"bishop","b_o1",0,0,0,1,0,0,0,0,0,0,"c",,0.5,0,0,0.25,-1.09861228866811,,0.5,0,,0.5,0,,0.5,0,FALSE,TRUE,FALSE,FALSE,0,1
"book","b_o1",0,0,1,2,0,0,0,0,0,0,"c",,0.5,0,0.5,0.5,0,,0.5,0,,0.5,0,,0.5,0,FALSE,TRUE,FALSE,FALSE,0,2
"brother","b_o1",0,0,1,2,0,0,0,0,0,0,"c",,0.5,0,0.5,0.5,0,,0.5,0,,0.5,0,,0.5,0,FALSE,TRUE,FALSE,FALSE,0,2
"butter","b_o1",0,0,0,2,0,0,0,0,0,0,"s",,0.5,0,0,0.166666666666667,-1.6094379124341,,0.5,0,,0.5,0,,0.5,0,FALSE,TRUE,FALSE,FALSE,0,2
"daughter","b_o1",0,0,0,1,0,0,0,0,0,0,"c",,0.5,0,0,0.25,-1.09861228866811,,0.5,0,,0.5,0,,0.5,0,FALSE,TRUE,FALSE,FALSE,0,1
"day","b_o1",0,0,1,14,0,0,0,0,0,0,"a",,0.5,0,0.0714285714285714,0.1,-2.19722457733622,,0.5,0,,0.5,0,,0.5,0,FALSE,TRUE,FALSE,FALSE,0,14
"feoh_cattle","b_o1",0,0,0,1,0,0,0,0,0,0,"s",,0.5,0,0,0.25,-1.09861228866811,,0.5,0,,0.5,0,,0.5,0,FALSE,TRUE,FALSE,FALSE,0,1
"fish","b_o1",0,0,0,1,0,0,0,0,0,0,"c",,0.5,0,0,0.25,-1.09861228866811,,0.5,0,,0.5,0,,0.5,0,FALSE,TRUE,FALSE,FALSE,0,1
"gold","b_o1",0,0,0,1,0,0,0,0,0,0,"s",,0.5,0,0,0.25,-1.09861228866811,,0.5,0,,0.5,0,,0.5,0,FALSE,TRUE,FALSE,FALSE,0,1
"heaven","b_o1",0,0,1,1,0,0,0,0,0,0,"a",,0.5,0,1,0.75,1.09861228866811,,0.5,0,,0.5,0,,0.5,0,FALSE,TRUE,FALSE,FALSE,0,1
"honey","b_o1",0,0,0,2,0,0,0,0,0,0,"s",,0.5,0,0,0.166666666666667,-1.6094379124341,,0.5,0,,0.5,0,,0.5,0,FALSE,TRUE,FALSE,FALSE,0,2
"king","b_o1",0,0,0,3,0,0,0,0,0,0,"c",,0.5,0,0,0.125,-1.94591014905531,,0.5,0,,0.5,0,,0.5,0,FALSE,TRUE,FALSE,FALSE,0,3
"land","b_o1",0,0,2,38,0,0,0,0,0,0,"a",,0.5,0,0.0526315789473684,0.0641025641025641,-2.68102152871429,,0.5,0,,0.5,0,,0.5,0,FALSE,TRUE,FALSE,FALSE,0,38
"loaf","b_o1",0,0,7,7,0,0,0,0,0,0,"s",,0.5,0,1,0.9375,2.70805020110221,,0.5,0,,0.5,0,,0.5,0,FALSE,TRUE,FALSE,FALSE,0,7
"love","b_o1",0,0,0,2,0,0,0,0,0,0,"a",,0.5,0,0,0.166666666666667,-1.6094379124341,,0.5,0,,0.5,0,,0.5,0,FALSE,TRUE,FALSE,FALSE,0,2
"man","b_o1",0,0,3,13,0,0,0,0,0,0,"c",,0.5,0,0.230769230769231,0.25,-1.09861228866811,,0.5,0,,0.5,0,,0.5,0,FALSE,TRUE,FALSE,FALSE,0,13
"name","b_o1",0,0,1,5,0,0,0,0,0,0,"a",,0.5,0,0.2,0.25,-1.09861228866811,,0.5,0,,0.5,0,,0.5,0,FALSE,TRUE,FALSE,FALSE,0,5
"salt","b_o1",0,0,0,1,0,0,0,0,0,0,"s",,0.5,0,0,0.25,-1.09861228866811,,0.5,0,,0.5,0,,0.5,0,FALSE,TRUE,FALSE,FALSE,0,1
"soul","b_o1",0,0,7,16,0,0,0,0,0,0,"a",,0.5,0,0.4375,0.441176470588235,-0.23638877806423,,0.5,0,,0.5,0,,0.5,0,FALSE,TRUE,FALSE,FALSE,0,16
"þearf_need","b_o1",0,0,1,1,0,0,0,0,0,0,"a",,0.5,0,1,0.75,1.09861228866811,,0.5,0,,0.5,0,,0.5,0,FALSE,TRUE,FALSE,FALSE,0,1
"wife","b_o1",0,0,0,7,0,0,0,0,0,0,"c",,0.5,0,0,0.0625,-2.70805020110221,,0.5,0,,0.5,0,,0.5,0,FALSE,TRUE,FALSE,FALSE,0,7
"wisdom","b_o1",0,0,0,1,0,0,0,0,0,0,"a",,0.5,0,0,0.25,-1.09861228866811,,0.5,0,,0.5,0,,0.5,0,FALSE,TRUE,FALSE,FALSE,0,1
"year","b_o1",0,0,0,3,0,0,0,0,0,0,"a",,0.5,0,0,0.125,-1.94591014905531,,0.5,0,,0.5,0,,0.5,0,FALSE,TRUE,FALSE,FALSE,0,3
"ale","c_o2",0,0,0,122,0,0,0,0,0,0,"s",,0.5,0,0,0.0040650406504065,-5.50125821054473,,0.5,0,,0.5,0,,0.5,0,FALSE,TRUE,FALSE,FALSE,0,122
"attor_poison","c_o2",0,0,1,61,0,0,0,0,0,0,"s",,0.5,0,0.0163934426229508,0.0241935483870968,-3.69717825692863,,0.5,0,,0.5,0,,0.5,0,FALSE,TRUE,FALSE,FALSE,0,61
"bearn_child","c_o2",0,0,82,124,0,0,0,0,0,0,"c",,0.5,0,0.661290322580645,0.66,0.663294217410264,,0.5,0,,0.5,0,,0.5,0,FALSE,TRUE,FALSE,FALSE,0,124
"bigleofa_food","c_o2",0,0,0,9,0,0,0,0,0,0,"s",,0.5,0,0,0.05,-2.94443897916644,,0.5,0,,0.5,0,,0.5,0,FALSE,TRUE,FALSE,FALSE,0,9
"bishop","c_o2",4,4,91,1078,0,0,0,0,0,0,"c",1,0.9,2.19722457733622,0.0844155844155844,0.0848007414272474,-2.3788375244938,,0.5,0,,0.5,0,,0.5,0,TRUE,TRUE,FALSE,FALSE,0,1082
"bliss","c_o2",0,3,3,59,0,0,0,0,0,0,"a",0,0.125,-1.94591014905531,0.0508474576271186,0.0583333333333333,-2.78147766965703,,0.5,0,,0.5,0,,0.5,0,TRUE,TRUE,FALSE,FALSE,0,62
"blood","c_o2",0,0,0,169,0,0,0,0,0,0,"s",,0.5,0,0,0.00294117647058824,-5.82600010738045,,0.5,0,,0.5,0,,0.5,0,FALSE,TRUE,FALSE,FALSE,0,169
"book","c_o2",0,1,83,166,0,0,0,0,0,0,"c",0,0.25,-1.09861228866811,0.5,0.5,0,,0.5,0,,0.5,0,,0.5,0,TRUE,TRUE,FALSE,FALSE,0,167
"brother","c_o2",1,1,319,602,0,0,0,0,0,0,"c",1,0.75,1.09861228866811,0.529900332225914,0.529850746268657,0.119545150649783,,0.5,0,,0.5,0,,0.5,0,TRUE,TRUE,FALSE,FALSE,0,603
"butter","c_o2",0,0,0,149,0,0,0,0,0,0,"s",,0.5,0,0,0.00333333333333333,-5.70044357339069,,0.5,0,,0.5,0,,0.5,0,FALSE,TRUE,FALSE,FALSE,0,149
"cloth","c_o2",0,0,9,97,0,0,0,0,0,0,"s",,0.5,0,0.0927835051546392,0.0969387755102041,-2.23171075340739,,0.5,0,,0.5,0,,0.5,0,FALSE,TRUE,FALSE,FALSE,0,97
"craft","c_o2",3,5,77,163,0,0,0,0,0,0,"a",0.6,0.583333333333333,0.336472236621213,0.47239263803681,0.472560975609756,-0.109866477578532,,0.5,0,,0.5,0,,0.5,0,TRUE,TRUE,FALSE,FALSE,0,168
"daughter","c_o2",0,0,8,76,0,0,0,0,0,0,"c",,0.5,0,0.105263157894737,0.11038961038961,-2.08676758177191,,0.5,0,,0.5,0,,0.5,0,FALSE,TRUE,FALSE,FALSE,0,76
"day","c_o2",12,13,413,1496,0,0,0,0,0,0,"a",0.923076923076923,0.892857142857143,2.12026353620009,0.276069518716578,0.276219104876419,-0.963294306512668,,0.5,0,,0.5,0,,0.5,0,TRUE,TRUE,FALSE,FALSE,0,1509
"death","c_o2",0,0,2,364,0,0,0,0,0,0,"a",,0.5,0,0.00549450549450549,0.00684931506849315,-4.97673374242057,,0.5,0,,0.5,0,,0.5,0,FALSE,TRUE,FALSE,FALSE,0,364
"devil","c_o2",1,1,48,196,0,0,0,0,0,0,"c",1,0.75,1.09861228866811,0.244897959183673,0.246192893401015,-1.11902116029932,,0.5,0,,0.5,0,,0.5,0,TRUE,TRUE,FALSE,FALSE,0,197
"doom","c_o2",0,2,50,236,0,0,0,0,0,0,"a",0,0.166666666666667,-1.6094379124341,0.211864406779661,0.213080168776371,-1.30645790280256,,0.5,0,,0.5,0,,0.5,0,TRUE,TRUE,FALSE,FALSE,0,238
"dust","c_o2",0,0,2,120,0,0,0,0,0,0,"s",,0.5,0,0.0166666666666667,0.0206611570247934,-3.85862222870103,,0.5,0,,0.5,0,,0.5,0,FALSE,TRUE,FALSE,FALSE,0,120
"earth","c_o2",0,0,1,404,0,0,0,0,0,0,"s",,0.5,0,0.00247524752475248,0.0037037037037037,-5.59471137960184,,0.5,0,,0.5,0,,0.5,0,FALSE,TRUE,FALSE,FALSE,0,404
"eced_acid","c_o2",0,0,0,116,0,0,0,0,0,0,"s",,0.5,0,0,0.00427350427350427,-5.4510384535657,,0.5,0,,0.5,0,,0.5,0,FALSE,TRUE,FALSE,FALSE,0,116
"evil","c_o2",11,21,71,338,0,0,0,0,0,0,"a",0.523809523809524,0.522727272727273,0.0909717782057266,0.210059171597633,0.210914454277286,-1.3194221166361,,0.5,0,,0.5,0,,0.5,0,TRUE,TRUE,FALSE,FALSE,0,359
"eye","c_o2",0,15,331,539,0,0,0,0,0,0,"c",0,0.03125,-3.43398720448515,0.614100185528757,0.613888888888889,0.463688768387061,,0.5,0,,0.5,0,,0.5,0,TRUE,TRUE,FALSE,FALSE,0,554
"fæt_cup","c_o2",0,0,108,187,0,0,0,0,0,0,"c",,0.5,0,0.577540106951872,0.577127659574468,0.310993151320228,,0.5,0,,0.5,0,,0.5,0,FALSE,TRUE,FALSE,FALSE,0,187
"father","c_o2",0,0,44,447,0,0,0,0,0,0,"c",,0.5,0,0.0984340044742729,0.0993303571428571,-2.20468729853781,,0.5,0,,0.5,0,,0.5,0,FALSE,TRUE,FALSE,FALSE,0,447
"feoh_cattle","c_o2",0,0,1,115,0,0,0,0,0,0,"s",,0.5,0,0.00869565217391304,0.0129310344827586,-4.33510971488613,,0.5,0,,0.5,0,,0.5,0,FALSE,TRUE,FALSE,FALSE,0,115
"fish","c_o2",0,0,18,33,0,0,0,0,0,0,"c",,0.5,0,0.545454545454545,0.544117647058823,0.176930708159078,,0.5,0,,0.5,0,,0.5,0,FALSE,TRUE,FALSE,FALSE,0,33
"flesh","c_o2",0,0,3,102,0,0,0,0,0,0,"s",,0.5,0,0.0294117647058824,0.0339805825242718,-3.34739467566918,,0.5,0,,0.5,0,,0.5,0,FALSE,TRUE,FALSE,FALSE,0,102
"folk","c_o2",12,22,78,547,0,0,0,0,0,0,"c",0.545454545454545,0.543478260869565,0.174353387144778,0.142595978062157,0.143248175182482,-1.78856967385995,,0.5,0,,0.5,0,,0.5,0,TRUE,TRUE,FALSE,FALSE,0,569
"gebroþor_brethren","c_o2",0,0,78,78,0,0,0,0,0,0,"c",,0.5,0,1,0.993670886075949,5.0562458053483,,0.5,0,,0.5,0,,0.5,0,FALSE,TRUE,FALSE,FALSE,0,78
"geleafa_belief","c_o2",0,0,0,317,0,0,0,0,0,0,"a",,0.5,0,0,0.00157232704402516,-6.45362499889269,,0.5,0,,0.5,0,,0.5,0,FALSE,TRUE,FALSE,FALSE,0,317
"gold","c_o2",0,1,0,73,0,0,0,0,0,0,"s",0,0.25,-1.09861228866811,0,0.00675675675675676,-4.99043258677874,,0.5,0,,0.5,0,,0.5,0,TRUE,TRUE,FALSE,FALSE,0,74
"hand","c_o2",0,2,103,316,0,0,0,0,0,0,"c",0,0.166666666666667,-1.6094379124341,0.325949367088608,0.326498422712934,-0.724065219963255,,0.5,0,,0.5,0,,0.5,0,TRUE,TRUE,FALSE,FALSE,0,318
"heart","c_o2",0,0,65,275,0,0,0,0,0,0,"c",,0.5,0,0.236363636363636,0.23731884057971,-1.16743551048123,,0.5,0,,0.5,0,,0.5,0,FALSE,TRUE,FALSE,FALSE,0,275
"heaven","c_o2",0,0,219,321,0,0,0,0,0,0,"a",,0.5,0,0.682242990654206,0.68167701863354,0.761489433936763,,0.5,0,,0.5,0,,0.5,0,FALSE,TRUE,FALSE,FALSE,0,321
"honey","c_o2",0,0,0,221,0,0,0,0,0,0,"s",,0.5,0,0,0.00225225225225225,-6.09356977004514,,0.5,0,,0.5,0,,0.5,0,FALSE,TRUE,FALSE,FALSE,0,221
"horse","c_o2",1,1,53,179,0,0,0,0,0,0,"c",1,0.75,1.09861228866811,0.29608938547486,0.297222222222222,-0.860560654265614,,0.5,0,,0.5,0,,0.5,0,TRUE,TRUE,FALSE,FALSE,0,180
"hound","c_o2",0,1,20,73,0,0,0,0,0,0,"c",0,0.25,-1.09861228866811,0.273972602739726,0.277027027027027,-0.959256767757598,,0.5,0,,0.5,0,,0.5,0,TRUE,TRUE,FALSE,FALSE,0,74
"house","c_o2",0,0,32,253,0,0,0,0,0,0,"c",,0.5,0,0.126482213438735,0.127952755905512,-1.9191825001495,,0.5,0,,0.5,0,,0.5,0,FALSE,TRUE,FALSE,FALSE,0,253
"king","c_o2",7,9,131,1451,0,0,0,0,0,0,"c",0.777777777777778,0.75,1.09861228866811,0.0902825637491385,0.090564738292011,-2.30675888011937,,0.5,0,,0.5,0,,0.5,0,TRUE,TRUE,FALSE,FALSE,0,1460
"land","c_o2",7,7,70,600,0,0,0,0,0,0,"a",1,0.9375,2.70805020110221,0.116666666666667,0.117304492512479,-2.01820724823581,,0.5,0,,0.5,0,,0.5,0,TRUE,TRUE,FALSE,FALSE,0,607
"lift_air","c_o2",0,0,3,46,0,0,0,0,0,0,"s",,0.5,0,0.0652173913043478,0.074468085106383,-2.51999796959927,,0.5,0,,0.5,0,,0.5,0,FALSE,TRUE,FALSE,FALSE,0,46
"loaf","c_o2",0,0,15,126,0,0,0,0,0,0,"s",,0.5,0,0.119047619047619,0.122047244094488,-1.97318456697497,,0.5,0,,0.5,0,,0.5,0,FALSE,TRUE,FALSE,FALSE,0,126
"lore","c_o2",0,0,43,343,0,0,0,0,0,0,"a",,0.5,0,0.12536443148688,0.126453488372093,-1.93268681588062,,0.5,0,,0.5,0,,0.5,0,FALSE,TRUE,FALSE,FALSE,0,343
"love","c_o2",0,5,11,264,0,0,0,0,0,0,"a",0,0.0833333333333333,-2.39789527279837,0.0416666666666667,0.0433962264150943,-3.09301678766203,,0.5,0,,0.5,0,,0.5,0,TRUE,TRUE,FALSE,FALSE,0,269
"man","c_o2",129,130,1935,3620,0,0,0,0,0,0,"c",0.992307692307692,0.988549618320611,4.45821577303143,0.534530386740331,0.534520850593759,0.138303435343587,,0.5,0,,0.5,0,,0.5,0,TRUE,TRUE,FALSE,FALSE,0,3750
"meat","c_o2",0,0,61,221,0,0,0,0,0,0,"s",,0.5,0,0.276018099547511,0.277027027027027,-0.959256767757598,,0.5,0,,0.5,0,,0.5,0,FALSE,TRUE,FALSE,FALSE,0,221
"middaneard_world","c_o2",0,0,0,293,0,0,0,0,0,0,"a",,0.5,0,0,0.00170068027210884,-6.3750248198281,,0.5,0,,0.5,0,,0.5,0,FALSE,TRUE,FALSE,FALSE,0,293
"might","c_o2",0,4,2,62,0,0,0,0,0,0,"a",0,0.1,-2.19722457733622,0.032258064516129,0.0396825396825397,-3.18635263316264,,0.5,0,,0.5,0,,0.5,0,TRUE,TRUE,FALSE,FALSE,0,66
"milk","c_o2",0,0,16,95,0,0,0,0,0,0,"s",,0.5,0,0.168421052631579,0.171875,-1.57239664075375,,0.5,0,,0.5,0,,0.5,0,FALSE,TRUE,FALSE,FALSE,0,95
"mood","c_o2",0,0,54,901,0,0,0,0,0,0,"a",,0.5,0,0.0599334073251942,0.0604212860310421,-2.74409013758541,,0.5,0,,0.5,0,,0.5,0,FALSE,TRUE,FALSE,FALSE,0,901
"name","c_o2",0,1,29,467,0,0,0,0,0,0,"a",0,0.25,-1.09861228866811,0.0620985010706638,0.063034188034188,-2.69896954846646,,0.5,0,,0.5,0,,0.5,0,TRUE,TRUE,FALSE,FALSE,0,468
"night","c_o2",0,0,109,413,0,0,0,0,0,0,"a",,0.5,0,0.263922518159806,0.264492753623188,-1.0227465378934,,0.5,0,,0.5,0,,0.5,0,FALSE,TRUE,FALSE,FALSE,0,413
"oil","c_o2",0,0,0,179,0,0,0,0,0,0,"s",,0.5,0,0,0.00277777777777778,-5.88332238848828,,0.5,0,,0.5,0,,0.5,0,FALSE,TRUE,FALSE,FALSE,0,179
"rice_power","c_o2",0,0,28,672,0,0,0,0,0,0,"a",,0.5,0,0.0416666666666667,0.0423476968796434,-3.11857073510464,,0.5,0,,0.5,0,,0.5,0,FALSE,TRUE,FALSE,FALSE,0,672
"right","c_o2",0,0,1,135,0,0,0,0,0,0,"a",,0.5,0,0.00740740740740741,0.0110294117647059,-4.49609909093373,,0.5,0,,0.5,0,,0.5,0,FALSE,TRUE,FALSE,FALSE,0,135
"salt","c_o2",0,0,0,92,0,0,0,0,0,0,"s",,0.5,0,0,0.00537634408602151,-5.22035582507832,,0.5,0,,0.5,0,,0.5,0,FALSE,TRUE,FALSE,FALSE,0,92
"seaw_juice","c_o2",0,0,2,80,0,0,0,0,0,0,"s",,0.5,0,0.025,0.0308641975308642,-3.44680789291421,,0.5,0,,0.5,0,,0.5,0,FALSE,TRUE,FALSE,FALSE,0,80
"seed","c_o2",0,0,7,124,0,0,0,0,0,0,"s",,0.5,0,0.0564516129032258,0.06,-2.75153531304195,,0.5,0,,0.5,0,,0.5,0,FALSE,TRUE,FALSE,FALSE,0,124
"ship","c_o2",0,1,111,208,0,0,0,0,0,0,"c",0,0.25,-1.09861228866811,0.533653846153846,0.533492822966507,0.134172212896372,,0.5,0,,0.5,0,,0.5,0,TRUE,TRUE,FALSE,FALSE,0,209
"silver","c_o2",0,1,0,38,0,0,0,0,0,0,"s",0,0.25,-1.09861228866811,0,0.0128205128205128,-4.34380542185368,,0.5,0,,0.5,0,,0.5,0,TRUE,TRUE,FALSE,FALSE,0,39
"sin","c_o2",0,4,201,314,0,0,0,0,0,0,"a",0,0.1,-2.19722457733622,0.640127388535032,0.63968253968254,0.57398654446528,,0.5,0,,0.5,0,,0.5,0,TRUE,TRUE,FALSE,FALSE,0,318
"son","c_o2",0,0,50,385,0,0,0,0,0,0,"c",,0.5,0,0.12987012987013,0.130829015544041,-1.89364862013042,,0.5,0,,0.5,0,,0.5,0,FALSE,TRUE,FALSE,FALSE,0,385
"soul","c_o2",3,3,117,383,0,0,0,0,0,0,"a",1,0.875,1.94591014905531,0.305483028720627,0.305989583333333,-0.818935910021686,,0.5,0,,0.5,0,,0.5,0,TRUE,TRUE,FALSE,FALSE,0,386
"stench","c_o2",0,1,0,0,0,0,0,0,0,0,"s",0,0.25,-1.09861228866811,,0.5,0,,0.5,0,,0.5,0,,0.5,0,TRUE,FALSE,FALSE,FALSE,0,1
"stone","c_o2",0,3,56,145,0,0,0,0,0,0,"c",0,0.125,-1.94591014905531,0.386206896551724,0.386986301369863,-0.459997987128414,,0.5,0,,0.5,0,,0.5,0,TRUE,TRUE,FALSE,FALSE,0,148
"þearf_need","c_o2",0,0,50,244,0,0,0,0,0,0,"a",,0.5,0,0.204918032786885,0.206122448979592,-1.34845882677719,,0.5,0,,0.5,0,,0.5,0,FALSE,TRUE,FALSE,FALSE,0,244
"tree","c_o2",0,1,63,118,0,0,0,0,0,0,"c",0,0.25,-1.09861228866811,0.533898305084746,0.533613445378151,0.134656885146257,,0.5,0,,0.5,0,,0.5,0,TRUE,TRUE,FALSE,FALSE,0,119
"water","c_o2",0,1,29,522,0,0,0,0,0,0,"s",0,0.25,-1.09861228866811,0.0555555555555556,0.0564053537284895,-2.81713259552776,,0.5,0,,0.5,0,,0.5,0,TRUE,TRUE,FALSE,FALSE,0,523
"wer_man","c_o2",0,0,154,1056,0,0,0,0,0,0,"c",,0.5,0,0.145833333333333,0.146168401135289,-1.76497459386924,,0.5,0,,0.5,0,,0.5,0,FALSE,TRUE,FALSE,FALSE,0,1056
"wet","c_o2",0,2,26,109,0,0,0,0,0,0,"s",0,0.166666666666667,-1.6094379124341,0.238532110091743,0.240909090909091,-1.14770189886463,,0.5,0,,0.5,0,,0.5,0,TRUE,TRUE,FALSE,FALSE,0,111
"wife","c_o2",1,1,116,421,0,0,0,0,0,0,"c",1,0.75,1.09861228866811,0.275534441805226,0.2760663507109,-0.964058505605895,,0.5,0,,0.5,0,,0.5,0,TRUE,TRUE,FALSE,FALSE,0,422
"wisdom","c_o2",0,0,3,225,0,0,0,0,0,0,"a",,0.5,0,0.0133333333333333,0.0154867256637168,-4.15216413311093,,0.5,0,,0.5,0,,0.5,0,FALSE,TRUE,FALSE,FALSE,0,225
"wood","c_o2",0,1,11,89,0,0,0,0,0,0,"s",0,0.25,-1.09861228866811,0.123595505617978,0.127777777777778,-1.92075158941916,,0.5,0,,0.5,0,,0.5,0,TRUE,TRUE,FALSE,FALSE,0,90
"work","c_o2",4,11,258,455,0,0,0,0,0,0,"a",0.363636363636364,0.375,-0.510825623765991,0.567032967032967,0.566885964912281,0.269157109607307,,0.5,0,,0.5,0,,0.5,0,TRUE,TRUE,FALSE,FALSE,0,466
"wyrd_fate","c_o2",0,0,6,87,0,0,0,0,0,0,"a",,0.5,0,0.0689655172413793,0.0738636363636364,-2.52880084334523,,0.5,0,,0.5,0,,0.5,0,FALSE,TRUE,FALSE,FALSE,0,87
"wyrt_plant","c_o2",0,0,177,272,0,0,0,0,0,0,"c",,0.5,0,0.650735294117647,0.65018315018315,0.619844361428786,,0.5,0,,0.5,0,,0.5,0,FALSE,TRUE,FALSE,FALSE,0,272
"year","c_o2",39,39,284,662,0,0,0,0,0,0,"a",1,0.9875,4.36944785246703,0.429003021148036,0.429110105580694,-0.285482819311118,,0.5,0,,0.5,0,,0.5,0,TRUE,TRUE,FALSE,FALSE,0,701
"ale","d_o3",0,0,0,7,0,0,0,0,0,0,"s",,0.5,0,0,0.0625,-2.70805020110221,,0.5,0,,0.5,0,,0.5,0,FALSE,TRUE,FALSE,FALSE,0,7
"attor_poison","d_o3",0,0,0,26,0,0,0,0,0,0,"s",,0.5,0,0,0.0185185185185185,-3.97029191355212,,0.5,0,,0.5,0,,0.5,0,FALSE,TRUE,FALSE,FALSE,0,26
"bearn_child","d_o3",0,0,318,482,0,0,0,0,0,0,"c",,0.5,0,0.659751037344398,0.659420289855073,0.660711904806792,,0.5,0,,0.5,0,,0.5,0,FALSE,TRUE,FALSE,FALSE,0,482
"bigleofa_food","d_o3",0,0,8,97,0,0,0,0,0,0,"s",,0.5,0,0.0824742268041237,0.086734693877551,-2.35417246178454,,0.5,0,,0.5,0,,0.5,0,FALSE,TRUE,FALSE,FALSE,0,97
"bishop","d_o3",2,2,94,743,0,0,0,0,0,0,"c",1,0.833333333333333,1.6094379124341,0.126514131897712,0.127016129032258,-1.92760300161096,,0.5,0,,0.5,0,,0.5,0,TRUE,TRUE,FALSE,FALSE,0,745
"bliss","d_o3",0,20,2,174,0,0,0,0,0,0,"a",0,0.0238095238095238,-3.71357206670431,0.0114942528735632,0.0142857142857143,-4.23410650459726,,0.5,0,,0.5,0,,0.5,0,TRUE,TRUE,FALSE,FALSE,0,194
"blood","d_o3",0,0,3,197,0,0,0,0,0,0,"s",,0.5,0,0.0152284263959391,0.0176767676767677,-4.01766919456313,,0.5,0,,0.5,0,,0.5,0,FALSE,TRUE,FALSE,FALSE,0,197
"book","d_o3",1,1,134,212,0,0,0,0,0,0,"c",1,0.75,1.09861228866811,0.632075471698113,0.631455399061033,0.538465574253531,,0.5,0,,0.5,0,,0.5,0,TRUE,TRUE,FALSE,FALSE,0,213
"brother","d_o3",0,0,40,466,0,0,0,0,0,0,"c",,0.5,0,0.0858369098712446,0.0867237687366167,-2.35431039281924,,0.5,0,,0.5,0,,0.5,0,FALSE,TRUE,FALSE,FALSE,0,466
"butter","d_o3",0,0,0,4,0,0,0,0,0,0,"s",,0.5,0,0,0.1,-2.19722457733622,,0.5,0,,0.5,0,,0.5,0,FALSE,TRUE,FALSE,FALSE,0,4
"cloth","d_o3",0,0,8,25,0,0,0,0,0,0,"s",,0.5,0,0.32,0.326923076923077,-0.722134717433198,,0.5,0,,0.5,0,,0.5,0,FALSE,TRUE,FALSE,FALSE,0,25
"craft","d_o3",0,1,17,104,0,0,0,0,0,0,"a",0,0.25,-1.09861228866811,0.163461538461538,0.166666666666667,-1.6094379124341,,0.5,0,,0.5,0,,0.5,0,TRUE,TRUE,FALSE,FALSE,0,105
"daughter","d_o3",0,0,59,273,0,0,0,0,0,0,"c",,0.5,0,0.216117216117216,0.217153284671533,-1.28233342581649,,0.5,0,,0.5,0,,0.5,0,FALSE,TRUE,FALSE,FALSE,0,273
"day","d_o3",6,15,580,1810,0,0,0,0,0,0,"a",0.4,0.40625,-0.379489621704904,0.320441988950276,0.320541137493098,-0.751286068693164,,0.5,0,,0.5,0,,0.5,0,TRUE,TRUE,FALSE,FALSE,0,1825
"death","d_o3",0,0,3,704,0,0,0,0,0,0,"a",,0.5,0,0.00426136363636364,0.0049645390070922,-5.30045793104715,,0.5,0,,0.5,0,,0.5,0,FALSE,TRUE,FALSE,FALSE,0,704
"devil","d_o3",0,3,205,977,0,0,0,0,0,0,"c",0,0.125,-1.94591014905531,0.209825997952917,0.210122699386503,-1.32418597483561,,0.5,0,,0.5,0,,0.5,0,TRUE,TRUE,FALSE,FALSE,0,980
"doom","d_o3",0,26,38,274,0,0,0,0,0,0,"a",0,0.0185185185185185,-3.97029191355212,0.138686131386861,0.14,-1.81528996663825,,0.5,0,,0.5,0,,0.5,0,TRUE,TRUE,FALSE,FALSE,0,300
"dust","d_o3",0,0,0,55,0,0,0,0,0,0,"s",,0.5,0,0,0.00892857142857143,-4.70953020131233,,0.5,0,,0.5,0,,0.5,0,FALSE,TRUE,FALSE,FALSE,0,55
"earth","d_o3",0,1,1,614,0,0,0,0,0,0,"s",0,0.25,-1.09861228866811,0.00162866449511401,0.0024390243902439,-6.0137151560428,,0.5,0,,0.5,0,,0.5,0,TRUE,TRUE,FALSE,FALSE,0,615
"eced_acid","d_o3",0,0,0,9,0,0,0,0,0,0,"s",,0.5,0,0,0.05,-2.94443897916644,,0.5,0,,0.5,0,,0.5,0,FALSE,TRUE,FALSE,FALSE,0,9
"evil","d_o3",2,11,23,279,0,0,0,0,0,0,"a",0.181818181818182,0.208333333333333,-1.33500106673234,0.0824372759856631,0.0839285714285714,-2.39012824346071,,0.5,0,,0.5,0,,0.5,0,TRUE,TRUE,FALSE,FALSE,0,290
"eye","d_o3",0,8,172,376,0,0,0,0,0,0,"c",0,0.0555555555555556,-2.83321334405622,0.457446808510638,0.457559681697613,-0.170170739011442,,0.5,0,,0.5,0,,0.5,0,TRUE,TRUE,FALSE,FALSE,0,384
"fæt_cup","d_o3",0,0,123,158,0,0,0,0,0,0,"c",,0.5,0,0.778481012658228,0.776729559748428,1.24670845958666,,0.5,0,,0.5,0,,0.5,0,FALSE,TRUE,FALSE,FALSE,0,158
"father","d_o3",1,1,99,1417,0,0,0,0,0,0,"c",1,0.75,1.09861228866811,0.0698659139026112,0.0701692524682652,-2.58409236162879,,0.5,0,,0.5,0,,0.5,0,TRUE,TRUE,FALSE,FALSE,0,1418
"feoh_cattle","d_o3",0,0,0,158,0,0,0,0,0,0,"s",,0.5,0,0,0.00314465408805031,-5.75890177387728,,0.5,0,,0.5,0,,0.5,0,FALSE,TRUE,FALSE,FALSE,0,158
"fish","d_o3",0,0,69,106,0,0,0,0,0,0,"c",,0.5,0,0.650943396226415,0.649532710280374,0.616985819594381,,0.5,0,,0.5,0,,0.5,0,FALSE,TRUE,FALSE,FALSE,0,106
"flesh","d_o3",0,0,0,170,0,0,0,0,0,0,"s",,0.5,0,0,0.00292397660818713,-5.83188247728352,,0.5,0,,0.5,0,,0.5,0,FALSE,TRUE,FALSE,FALSE,0,170
"folk","d_o3",1,9,21,1419,0,0,0,0,0,0,"c",0.111111111111111,0.15,-1.73460105538811,0.0147991543340381,0.0151408450704225,-4.1751025775084,,0.5,0,,0.5,0,,0.5,0,TRUE,TRUE,FALSE,FALSE,0,1428
"gebroþor_brethren","d_o3",0,0,374,374,0,0,0,0,0,0,"c",,0.5,0,1,0.998666666666667,6.61873898351725,,0.5,0,,0.5,0,,0.5,0,FALSE,TRUE,FALSE,FALSE,0,374
"geleafa_belief","d_o3",0,0,0,810,0,0,0,0,0,0,"a",,0.5,0,0,0.00061652281134402,-7.39079852173568,,0.5,0,,0.5,0,,0.5,0,FALSE,TRUE,FALSE,FALSE,0,810
"gold","d_o3",0,1,1,161,0,0,0,0,0,0,"s",0,0.25,-1.09861228866811,0.0062111801242236,0.00925925925925926,-4.67282883446191,,0.5,0,,0.5,0,,0.5,0,TRUE,TRUE,FALSE,FALSE,0,162
"hand","d_o3",0,0,274,587,0,0,0,0,0,0,"c",,0.5,0,0.466780238500852,0.466836734693878,-0.13284809912339,,0.5,0,,0.5,0,,0.5,0,FALSE,TRUE,FALSE,FALSE,0,587
"heart","d_o3",0,0,80,401,0,0,0,0,0,0,"c",,0.5,0,0.199501246882793,0.200248756218905,-1.38474035925316,,0.5,0,,0.5,0,,0.5,0,FALSE,TRUE,FALSE,FALSE,0,401
"heaven","d_o3",0,0,545,854,0,0,0,0,0,0,"a",,0.5,0,0.638173302107728,0.638011695906433,0.566744713148474,,0.5,0,,0.5,0,,0.5,0,FALSE,TRUE,FALSE,FALSE,0,854
"honey","d_o3",0,0,0,24,0,0,0,0,0,0,"s",,0.5,0,0,0.02,-3.89182029811063,,0.5,0,,0.5,0,,0.5,0,FALSE,TRUE,FALSE,FALSE,0,24
"horse","d_o3",0,0,31,58,0,0,0,0,0,0,"c",,0.5,0,0.53448275862069,0.533898305084746,0.135801541159062,,0.5,0,,0.5,0,,0.5,0,FALSE,TRUE,FALSE,FALSE,0,58
"hound","d_o3",0,1,36,51,0,0,0,0,0,0,"c",0,0.25,-1.09861228866811,0.705882352941177,0.701923076923077,0.856472236663245,,0.5,0,,0.5,0,,0.5,0,TRUE,TRUE,FALSE,FALSE,0,52
"house","d_o3",1,2,57,453,0,0,0,0,0,0,"c",0.5,0.5,0,0.125827814569536,0.126651982378855,-1.9308910932716,,0.5,0,,0.5,0,,0.5,0,TRUE,TRUE,FALSE,FALSE,0,455
"king","d_o3",3,3,124,1922,0,0,0,0,0,0,"c",1,0.875,1.94591014905531,0.0645161290322581,0.0647425897035881,-2.67040254723092,,0.5,0,,0.5,0,,0.5,0,TRUE,TRUE,FALSE,FALSE,0,1925
"land","d_o3",2,2,62,1160,0,0,0,0,0,0,"a",1,0.833333333333333,1.6094379124341,0.053448275862069,0.053832902670112,-2.86653433508231,,0.5,0,,0.5,0,,0.5,0,TRUE,TRUE,FALSE,FALSE,0,1162
"lift_air","d_o3",0,0,0,52,0,0,0,0,0,0,"s",,0.5,0,0,0.00943396226415094,-4.65396035015752,,0.5,0,,0.5,0,,0.5,0,FALSE,TRUE,FALSE,FALSE,0,52
"loaf","d_o3",0,0,91,268,0,0,0,0,0,0,"s",,0.5,0,0.33955223880597,0.340148698884758,-0.662631636633995,,0.5,0,,0.5,0,,0.5,0,FALSE,TRUE,FALSE,FALSE,0,268
"lore","d_o3",0,2,31,508,0,0,0,0,0,0,"a",0,0.166666666666667,-1.6094379124341,0.0610236220472441,0.0618860510805501,-2.7185766140892,,0.5,0,,0.5,0,,0.5,0,TRUE,TRUE,FALSE,FALSE,0,510
"love","d_o3",0,11,0,397,0,0,0,0,0,0,"a",0,0.0416666666666667,-3.13549421592915,0,0.00125628140703518,-6.67834211465433,,0.5,0,,0.5,0,,0.5,0,TRUE,TRUE,FALSE,FALSE,0,408
"man","d_o3",54,54,2455,4725,0,0,0,0,0,0,"c",1,0.990909090909091,4.69134788222915,0.51957671957672,0.519572577232332,0.0783303349412934,,0.5,0,,0.5,0,,0.5,0,TRUE,TRUE,FALSE,FALSE,0,4779
"meat","d_o3",0,0,33,193,0,0,0,0,0,0,"s",,0.5,0,0.170984455958549,0.172680412371134,-1.56674850373905,,0.5,0,,0.5,0,,0.5,0,FALSE,TRUE,FALSE,FALSE,0,193
"middaneard_world","d_o3",0,0,0,482,0,0,0,0,0,0,"a",,0.5,0,0,0.0010351966873706,-6.87212810133899,,0.5,0,,0.5,0,,0.5,0,FALSE,TRUE,FALSE,FALSE,0,482
"might","d_o3",0,5,11,361,0,0,0,0,0,0,"a",0,0.0833333333333333,-2.39789527279837,0.0304709141274238,0.031767955801105,-3.41701367110544,,0.5,0,,0.5,0,,0.5,0,TRUE,TRUE,FALSE,FALSE,0,366
"milk","d_o3",0,0,0,18,0,0,0,0,0,0,"s",,0.5,0,0,0.0263157894736842,-3.61091791264422,,0.5,0,,0.5,0,,0.5,0,FALSE,TRUE,FALSE,FALSE,0,18
"mood","d_o3",0,2,12,487,0,0,0,0,0,0,"a",0,0.166666666666667,-1.6094379124341,0.0246406570841889,0.0256147540983607,-3.63863823767719,,0.5,0,,0.5,0,,0.5,0,TRUE,TRUE,FALSE,FALSE,0,489
"name","d_o3",2,2,54,655,0,0,0,0,0,0,"a",1,0.833333333333333,1.6094379124341,0.0824427480916031,0.0830792682926829,-2.40122583374553,,0.5,0,,0.5,0,,0.5,0,TRUE,TRUE,FALSE,FALSE,0,657
"night","d_o3",2,2,72,426,0,0,0,0,0,0,"a",1,0.833333333333333,1.6094379124341,0.169014084507042,0.169789227166276,-1.58712178411155,,0.5,0,,0.5,0,,0.5,0,TRUE,TRUE,FALSE,FALSE,0,428
"oil","d_o3",0,0,1,92,0,0,0,0,0,0,"s",,0.5,0,0.0108695652173913,0.0161290322580645,-4.11087386417331,,0.5,0,,0.5,0,,0.5,0,FALSE,TRUE,FALSE,FALSE,0,92
"rice_power","d_o3",0,0,9,776,0,0,0,0,0,0,"a",,0.5,0,0.0115979381443299,0.0122265122265122,-4.39184668085486,,0.5,0,,0.5,0,,0.5,0,FALSE,TRUE,FALSE,FALSE,0,776
"right","d_o3",0,0,1,200,0,0,0,0,0,0,"a",,0.5,0,0.005,0.00746268656716418,-4.89034912822175,,0.5,0,,0.5,0,,0.5,0,FALSE,TRUE,FALSE,FALSE,0,200
"salt","d_o3",0,0,0,18,0,0,0,0,0,0,"s",,0.5,0,0,0.0263157894736842,-3.61091791264422,,0.5,0,,0.5,0,,0.5,0,FALSE,TRUE,FALSE,FALSE,0,18
"seed","d_o3",0,1,3,77,0,0,0,0,0,0,"s",0,0.25,-1.09861228866811,0.038961038961039,0.0448717948717949,-3.05803615689015,,0.5,0,,0.5,0,,0.5,0,TRUE,TRUE,FALSE,FALSE,0,78
"ship","d_o3",0,1,128,253,0,0,0,0,0,0,"c",0,0.25,-1.09861228866811,0.505928853754941,0.505905511811024,0.0236231457634359,,0.5,0,,0.5,0,,0.5,0,TRUE,TRUE,FALSE,FALSE,0,254
"silver","d_o3",0,0,0,72,0,0,0,0,0,0,"s",,0.5,0,0,0.00684931506849315,-4.97673374242057,,0.5,0,,0.5,0,,0.5,0,FALSE,TRUE,FALSE,FALSE,0,72
"sin","d_o3",1,4,478,594,0,0,0,0,0,0,"a",0.25,0.3,-0.847297860387204,0.804713804713805,0.804201680672269,1.41276493788725,,0.5,0,,0.5,0,,0.5,0,TRUE,TRUE,FALSE,FALSE,0,598
"son","d_o3",0,0,212,1239,0,0,0,0,0,0,"c",,0.5,0,0.171105730427764,0.171370967741935,-1.57594195800592,,0.5,0,,0.5,0,,0.5,0,FALSE,TRUE,FALSE,FALSE,0,1239
"soul","d_o3",0,0,138,615,0,0,0,0,0,0,"a",,0.5,0,0.224390243902439,0.224837662337662,-1.23769383429339,,0.5,0,,0.5,0,,0.5,0,FALSE,TRUE,FALSE,FALSE,0,615
"stone","d_o3",0,0,106,258,0,0,0,0,0,0,"c",,0.5,0,0.410852713178295,0.411196911196911,-0.359019610897987,,0.5,0,,0.5,0,,0.5,0,FALSE,TRUE,FALSE,FALSE,0,258
"þearf_need","d_o3",0,0,118,366,0,0,0,0,0,0,"a",,0.5,0,0.322404371584699,0.322888283378747,-0.740529884961498,,0.5,0,,0.5,0,,0.5,0,FALSE,TRUE,FALSE,FALSE,0,366
"tree","d_o3",0,2,32,142,0,0,0,0,0,0,"c",0,0.166666666666667,-1.6094379124341,0.225352112676056,0.227272727272727,-1.22377543162212,,0.5,0,,0.5,0,,0.5,0,TRUE,TRUE,FALSE,FALSE,0,144
"water","d_o3",0,1,39,331,0,0,0,0,0,0,"s",0,0.25,-1.09861228866811,0.117824773413897,0.118975903614458,-2.00216399476483,,0.5,0,,0.5,0,,0.5,0,TRUE,TRUE,FALSE,FALSE,0,332
"wer_man","d_o3",0,0,102,551,0,0,0,0,0,0,"c",,0.5,0,0.185117967332123,0.185688405797101,-1.47827305533321,,0.5,0,,0.5,0,,0.5,0,FALSE,TRUE,FALSE,FALSE,0,551
"wet","d_o3",0,0,3,41,0,0,0,0,0,0,"s",,0.5,0,0.0731707317073171,0.0833333333333333,-2.39789527279837,,0.5,0,,0.5,0,,0.5,0,FALSE,TRUE,FALSE,FALSE,0,41
"wife","d_o3",0,0,141,743,0,0,0,0,0,0,"c",,0.5,0,0.189771197846568,0.190188172043011,-1.44878794828152,,0.5,0,,0.5,0,,0.5,0,FALSE,TRUE,FALSE,FALSE,0,743
"wisdom","d_o3",0,5,0,221,0,0,0,0,0,0,"a",0,0.0833333333333333,-2.39789527279837,0,0.00225225225225225,-6.09356977004514,,0.5,0,,0.5,0,,0.5,0,TRUE,TRUE,FALSE,FALSE,0,226
"wood","d_o3",0,1,12,54,0,0,0,0,0,0,"s",0,0.25,-1.09861228866811,0.222222222222222,0.227272727272727,-1.22377543162212,,0.5,0,,0.5,0,,0.5,0,TRUE,TRUE,FALSE,FALSE,0,55
"work","d_o3",0,0,305,515,0,0,0,0,0,0,"a",,0.5,0,0.592233009708738,0.592054263565892,0.372464125489214,,0.5,0,,0.5,0,,0.5,0,FALSE,TRUE,FALSE,FALSE,0,515
"wyrd_fate","d_o3",0,0,0,14,0,0,0,0,0,0,"a",,0.5,0,0,0.0333333333333333,-3.36729582998647,,0.5,0,,0.5,0,,0.5,0,FALSE,TRUE,FALSE,FALSE,0,14
"wyrt_plant","d_o3",0,0,31,37,0,0,0,0,0,0,"c",,0.5,0,0.837837837837838,0.828947368421053,1.57818536893,,0.5,0,,0.5,0,,0.5,0,FALSE,TRUE,FALSE,FALSE,0,37
"year","d_o3",12,12,307,878,0,0,0,0,0,0,"a",1,0.961538461538462,3.2188758248682,0.349658314350797,0.349829351535836,-0.619789395988293,,0.5,0,,0.5,0,,0.5,0,TRUE,TRUE,FALSE,FALSE,0,890
"bearn_child","e_o4",0,0,2,7,0,0,0,0,0,0,"c",,0.5,0,0.285714285714286,0.3125,-0.78845736036427,,0.5,0,,0.5,0,,0.5,0,FALSE,TRUE,FALSE,FALSE,0,7
"blood","e_o4",0,0,0,4,0,0,0,0,0,0,"s",,0.5,0,0,0.1,-2.19722457733622,,0.5,0,,0.5,0,,0.5,0,FALSE,TRUE,FALSE,FALSE,0,4
"brother","e_o4",0,0,0,1,0,0,0,0,0,0,"c",,0.5,0,0,0.25,-1.09861228866811,,0.5,0,,0.5,0,,0.5,0,FALSE,TRUE,FALSE,FALSE,0,1
"daughter","e_o4",0,0,1,1,0,0,0,0,0,0,"c",,0.5,0,1,0.75,1.09861228866811,,0.5,0,,0.5,0,,0.5,0,FALSE,TRUE,FALSE,FALSE,0,1
"day","e_o4",0,0,4,12,0,0,0,0,0,0,"a",,0.5,0,0.333333333333333,0.346153846153846,-0.635988766719997,,0.5,0,,0.5,0,,0.5,0,FALSE,TRUE,FALSE,FALSE,0,12
"death","e_o4",0,0,0,2,0,0,0,0,0,0,"a",,0.5,0,0,0.166666666666667,-1.6094379124341,,0.5,0,,0.5,0,,0.5,0,FALSE,TRUE,FALSE,FALSE,0,2
"devil","e_o4",0,0,0,1,0,0,0,0,0,0,"c",,0.5,0,0,0.25,-1.09861228866811,,0.5,0,,0.5,0,,0.5,0,FALSE,TRUE,FALSE,FALSE,0,1
"doom","e_o4",0,1,0,3,0,0,0,0,0,0,"a",0,0.25,-1.09861228866811,0,0.125,-1.94591014905531,,0.5,0,,0.5,0,,0.5,0,TRUE,TRUE,FALSE,FALSE,0,4
"earth","e_o4",0,0,0,9,0,0,0,0,0,0,"s",,0.5,0,0,0.05,-2.94443897916644,,0.5,0,,0.5,0,,0.5,0,FALSE,TRUE,FALSE,FALSE,0,9
"eye","e_o4",0,0,1,2,0,0,0,0,0,0,"c",,0.5,0,0.5,0.5,0,,0.5,0,,0.5,0,,0.5,0,FALSE,TRUE,FALSE,FALSE,0,2
"father","e_o4",0,0,0,3,0,0,0,0,0,0,"c",,0.5,0,0,0.125,-1.94591014905531,,0.5,0,,0.5,0,,0.5,0,FALSE,TRUE,FALSE,FALSE,0,3
"fish","e_o4",0,0,1,1,0,0,0,0,0,0,"c",,0.5,0,1,0.75,1.09861228866811,,0.5,0,,0.5,0,,0.5,0,FALSE,TRUE,FALSE,FALSE,0,1
"flesh","e_o4",0,0,0,1,0,0,0,0,0,0,"s",,0.5,0,0,0.25,-1.09861228866811,,0.5,0,,0.5,0,,0.5,0,FALSE,TRUE,FALSE,FALSE,0,1
"folk","e_o4",0,0,0,3,0,0,0,0,0,0,"c",,0.5,0,0,0.125,-1.94591014905531,,0.5,0,,0.5,0,,0.5,0,FALSE,TRUE,FALSE,FALSE,0,3
"hand","e_o4",0,0,0,3,0,0,0,0,0,0,"c",,0.5,0,0,0.125,-1.94591014905531,,0.5,0,,0.5,0,,0.5,0,FALSE,TRUE,FALSE,FALSE,0,3
"heart","e_o4",0,0,0,1,0,0,0,0,0,0,"c",,0.5,0,0,0.25,-1.09861228866811,,0.5,0,,0.5,0,,0.5,0,FALSE,TRUE,FALSE,FALSE,0,1
"heaven","e_o4",0,0,1,5,0,0,0,0,0,0,"a",,0.5,0,0.2,0.25,-1.09861228866811,,0.5,0,,0.5,0,,0.5,0,FALSE,TRUE,FALSE,FALSE,0,5
"honey","e_o4",0,0,0,1,0,0,0,0,0,0,"s",,0.5,0,0,0.25,-1.09861228866811,,0.5,0,,0.5,0,,0.5,0,FALSE,TRUE,FALSE,FALSE,0,1
"hound","e_o4",0,0,0,1,0,0,0,0,0,0,"c",,0.5,0,0,0.25,-1.09861228866811,,0.5,0,,0.5,0,,0.5,0,FALSE,TRUE,FALSE,FALSE,0,1
"house","e_o4",0,0,0,1,0,0,0,0,0,0,"c",,0.5,0,0,0.25,-1.09861228866811,,0.5,0,,0.5,0,,0.5,0,FALSE,TRUE,FALSE,FALSE,0,1
"king","e_o4",0,0,0,10,0,0,0,0,0,0,"c",,0.5,0,0,0.0454545454545455,-3.04452243772342,,0.5,0,,0.5,0,,0.5,0,FALSE,TRUE,FALSE,FALSE,0,10
"lift_air","e_o4",0,0,0,1,0,0,0,0,0,0,"s",,0.5,0,0,0.25,-1.09861228866811,,0.5,0,,0.5,0,,0.5,0,FALSE,TRUE,FALSE,FALSE,0,1
"loaf","e_o4",0,0,2,2,0,0,0,0,0,0,"s",,0.5,0,1,0.833333333333333,1.6094379124341,,0.5,0,,0.5,0,,0.5,0,FALSE,TRUE,FALSE,FALSE,0,2
"man","e_o4",0,0,8,34,0,0,0,0,0,0,"c",,0.5,0,0.235294117647059,0.242857142857143,-1.13707856949591,,0.5,0,,0.5,0,,0.5,0,FALSE,TRUE,FALSE,FALSE,0,34
"middaneard_world","e_o4",0,0,0,4,0,0,0,0,0,0,"a",,0.5,0,0,0.1,-2.19722457733622,,0.5,0,,0.5,0,,0.5,0,FALSE,TRUE,FALSE,FALSE,0,4
"milk","e_o4",0,0,0,1,0,0,0,0,0,0,"s",,0.5,0,0,0.25,-1.09861228866811,,0.5,0,,0.5,0,,0.5,0,FALSE,TRUE,FALSE,FALSE,0,1
"mood","e_o4",0,0,0,2,0,0,0,0,0,0,"a",,0.5,0,0,0.166666666666667,-1.6094379124341,,0.5,0,,0.5,0,,0.5,0,FALSE,TRUE,FALSE,FALSE,0,2
"name","e_o4",0,0,1,5,0,0,0,0,0,0,"a",,0.5,0,0.2,0.25,-1.09861228866811,,0.5,0,,0.5,0,,0.5,0,FALSE,TRUE,FALSE,FALSE,0,5
"night","e_o4",0,0,1,1,0,0,0,0,0,0,"a",,0.5,0,1,0.75,1.09861228866811,,0.5,0,,0.5,0,,0.5,0,FALSE,TRUE,FALSE,FALSE,0,1
"rice_power","e_o4",0,0,0,1,0,0,0,0,0,0,"a",,0.5,0,0,0.25,-1.09861228866811,,0.5,0,,0.5,0,,0.5,0,FALSE,TRUE,FALSE,FALSE,0,1
"salt","e_o4",0,0,0,1,0,0,0,0,0,0,"s",,0.5,0,0,0.25,-1.09861228866811,,0.5,0,,0.5,0,,0.5,0,FALSE,TRUE,FALSE,FALSE,0,1
"ship","e_o4",0,0,1,1,0,0,0,0,0,0,"c",,0.5,0,1,0.75,1.09861228866811,,0.5,0,,0.5,0,,0.5,0,FALSE,TRUE,FALSE,FALSE,0,1
"sin","e_o4",0,0,1,1,0,0,0,0,0,0,"a",,0.5,0,1,0.75,1.09861228866811,,0.5,0,,0.5,0,,0.5,0,FALSE,TRUE,FALSE,FALSE,0,1
"son","e_o4",0,0,1,5,0,0,0,0,0,0,"c",,0.5,0,0.2,0.25,-1.09861228866811,,0.5,0,,0.5,0,,0.5,0,FALSE,TRUE,FALSE,FALSE,0,5
"soul","e_o4",0,0,0,2,0,0,0,0,0,0,"a",,0.5,0,0,0.166666666666667,-1.6094379124341,,0.5,0,,0.5,0,,0.5,0,FALSE,TRUE,FALSE,FALSE,0,2
"stone","e_o4",0,0,1,2,0,0,0,0,0,0,"c",,0.5,0,0.5,0.5,0,,0.5,0,,0.5,0,,0.5,0,FALSE,TRUE,FALSE,FALSE,0,2
"tree","e_o4",0,0,1,3,0,0,0,0,0,0,"c",,0.5,0,0.333333333333333,0.375,-0.510825623765991,,0.5,0,,0.5,0,,0.5,0,FALSE,TRUE,FALSE,FALSE,0,3
"water","e_o4",0,0,1,8,0,0,0,0,0,0,"s",,0.5,0,0.125,0.166666666666667,-1.6094379124341,,0.5,0,,0.5,0,,0.5,0,FALSE,TRUE,FALSE,FALSE,0,8
"wife","e_o4",0,0,0,4,0,0,0,0,0,0,"c",,0.5,0,0,0.1,-2.19722457733622,,0.5,0,,0.5,0,,0.5,0,FALSE,TRUE,FALSE,FALSE,0,4
"wisdom","e_o4",0,0,0,1,0,0,0,0,0,0,"a",,0.5,0,0,0.25,-1.09861228866811,,0.5,0,,0.5,0,,0.5,0,FALSE,TRUE,FALSE,FALSE,0,1
"wyrt_plant","e_o4",0,0,0,2,0,0,0,0,0,0,"c",,0.5,0,0,0.166666666666667,-1.6094379124341,,0.5,0,,0.5,0,,0.5,0,FALSE,TRUE,FALSE,FALSE,0,2
"year","e_o4",0,0,3,3,0,0,0,0,0,0,"a",,0.5,0,1,0.875,1.94591014905531,,0.5,0,,0.5,0,,0.5,0,FALSE,TRUE,FALSE,FALSE,0,3
"ale","f_m1",0,0,0,2,0,0,0,0,0,0,"s",,0.5,0,0,0.166666666666667,-1.6094379124341,,0.5,0,,0.5,0,,0.5,0,FALSE,TRUE,FALSE,FALSE,0,2
"bishop","f_m1",0,0,18,78,1,38,1,3,7,52,"c",,0.5,0,0.230769230769231,0.234177215189873,-1.18487263295252,0.0263157894736842,0.0384615384615385,-3.2188758248682,0.333333333333333,0.375,-0.510825623765991,0.134615384615385,0.141509433962264,-1.80280930541464,FALSE,TRUE,TRUE,FALSE,0,116
"bliss","f_m1",0,12,12,316,1,35,2,34,5,60,"a",0,0.0384615384615385,-3.2188758248682,0.0379746835443038,0.0394321766561514,-3.1929424428417,0.0285714285714286,0.0416666666666667,-3.13549421592915,0.0588235294117647,0.0714285714285714,-2.56494935746154,0.0833333333333333,0.0901639344262295,-2.31163492851396,TRUE,TRUE,TRUE,TRUE,12,363
"blood","f_m1",0,0,0,116,0,14,0,1,0,26,"s",,0.5,0,0,0.00427350427350427,-5.4510384535657,0,0.0333333333333333,-3.36729582998647,0,0.25,-1.09861228866811,0,0.0185185185185185,-3.97029191355212,FALSE,TRUE,TRUE,FALSE,0,130
"book","f_m1",1,1,26,136,2,32,2,4,3,57,"c",1,0.75,1.09861228866811,0.191176470588235,0.193430656934307,-1.42787078796563,0.0625,0.0757575757575758,-2.50143595173921,0.5,0.5,0,0.0526315789473684,0.0603448275862069,-2.74543773317383,TRUE,TRUE,TRUE,TRUE,1,169
"brother","f_m1",0,0,22,55,0,1,1,1,3,4,"c",,0.5,0,0.4,0.401785714285714,-0.398030129620646,0,0.25,-1.09861228866811,1,0.75,1.09861228866811,0.75,0.7,0.847297860387203,FALSE,TRUE,TRUE,FALSE,0,56
"butter","f_m1",0,0,0,2,0,1,0,0,0,1,"s",,0.5,0,0,0.166666666666667,-1.6094379124341,0,0.25,-1.09861228866811,,0.5,0,0,0.25,-1.09861228866811,FALSE,TRUE,TRUE,FALSE,0,3
"castle","f_m1",0,0,18,67,4,17,2,6,3,30,"c",,0.5,0,0.26865671641791,0.272058823529412,-0.984201937490366,0.235294117647059,0.25,-1.09861228866811,0.333333333333333,0.357142857142857,-0.587786664902119,0.1,0.112903225806452,-2.06142303617716,FALSE,TRUE,TRUE,FALSE,0,84
"cloth","f_m1",0,0,51,77,1,8,0,0,5,13,"s",,0.5,0,0.662337662337662,0.66025641025641,0.664437074677514,0.125,0.166666666666667,-1.6094379124341,,0.5,0,0.384615384615385,0.392857142857143,-0.435318071257846,FALSE,TRUE,TRUE,FALSE,0,85
"craft","f_m1",0,0,14,20,0,1,6,8,1,2,"a",,0.5,0,0.7,0.69047619047619,0.802346472524937,0,0.25,-1.09861228866811,0.75,0.722222222222222,0.955511445027436,0.5,0.5,0,FALSE,TRUE,TRUE,FALSE,0,21
"creature","f_m1",0,0,0,0,0,0,1,7,0,0,"c",,0.5,0,,0.5,0,,0.5,0,0.142857142857143,0.1875,-1.46633706879343,,0.5,0,FALSE,FALSE,FALSE,FALSE,0,0
"daughter","f_m1",0,0,18,68,1,1,0,0,0,4,"c",,0.5,0,0.264705882352941,0.268115942028986,-1.00420260419703,1,0.75,1.09861228866811,,0.5,0,0,0.1,-2.19722457733622,FALSE,TRUE,TRUE,FALSE,0,69
"day","f_m1",2,2,86,452,4,76,6,33,24,223,"a",1,0.833333333333333,1.6094379124341,0.190265486725664,0.190949227373068,-1.44385410738887,0.0526315789473684,0.0584415584415584,-2.77950916508436,0.181818181818182,0.191176470588235,-1.44238382777093,0.10762331838565,0.109375,-2.09714111877924,TRUE,TRUE,TRUE,TRUE,2,530
"death","f_m1",0,0,4,360,0,19,0,6,0,40,"a",,0.5,0,0.0111111111111111,0.0124653739612188,-4.37225684307808,0,0.025,-3.66356164612965,0,0.0714285714285714,-2.56494935746154,0,0.0121951219512195,-4.39444915467244,FALSE,TRUE,TRUE,FALSE,0,379
"devil","f_m1",0,0,46,72,0,10,7,8,11,27,"c",,0.5,0,0.638888888888889,0.636986301369863,0.562307579601134,0,0.0454545454545455,-3.04452243772342,0.875,0.833333333333333,1.6094379124341,0.407407407407407,0.410714285714286,-0.361013345537331,FALSE,TRUE,TRUE,FALSE,0,82
"doom","f_m1",0,0,5,81,0,32,0,3,1,38,"a",,0.5,0,0.0617283950617284,0.0670731707317073,-2.63254264859406,0,0.0151515151515152,-4.17438726989564,0,0.125,-1.94591014905531,0.0263157894736842,0.0384615384615385,-3.2188758248682,FALSE,TRUE,TRUE,FALSE,0,113
"dust","f_m1",0,0,0,11,0,1,0,0,0,1,"s",,0.5,0,0,0.0416666666666667,-3.13549421592915,0,0.25,-1.09861228866811,,0.5,0,0,0.25,-1.09861228866811,FALSE,TRUE,TRUE,FALSE,0,12
"earth","f_m1",0,0,0,100,0,30,0,4,0,47,"s",,0.5,0,0,0.00495049504950495,-5.30330490805908,0,0.0161290322580645,-4.11087386417331,0,0.1,-2.19722457733622,0,0.0104166666666667,-4.55387689160054,FALSE,TRUE,TRUE,FALSE,0,130
"emperor","f_m1",0,0,0,1,0,1,0,0,0,1,"c",,0.5,0,0,0.25,-1.09861228866811,0,0.25,-1.09861228866811,,0.5,0,0,0.25,-1.09861228866811,FALSE,TRUE,TRUE,FALSE,0,2
"enemy","f_m1",0,0,0,0,1,1,1,2,0,1,"c",,0.5,0,,0.5,0,1,0.75,1.09861228866811,0.5,0.5,0,0,0.25,-1.09861228866811,FALSE,FALSE,TRUE,FALSE,0,1
"evil","f_m1",1,2,10,194,0,20,3,37,1,33,"a",0.5,0.5,0,0.0515463917525773,0.0538461538461538,-2.8662742063171,0,0.0238095238095238,-3.71357206670431,0.0810810810810811,0.0921052631578947,-2.28819635554195,0.0303030303030303,0.0441176470588235,-3.07577498122753,TRUE,TRUE,TRUE,TRUE,2,216
"eye","f_m1",0,7,54,127,0,8,2,14,11,23,"c",0,0.0625,-2.70805020110221,0.425196850393701,0.42578125,-0.299084704549593,0,0.0555555555555556,-2.83321334405622,0.142857142857143,0.166666666666667,-1.6094379124341,0.478260869565217,0.479166666666667,-0.0833816089390509,TRUE,TRUE,TRUE,TRUE,7,142
"father","f_m1",0,0,7,179,0,10,0,2,3,17,"c",,0.5,0,0.0391061452513966,0.0416666666666667,-3.13549421592915,0,0.0454545454545455,-3.04452243772342,0,0.166666666666667,-1.6094379124341,0.176470588235294,0.194444444444444,-1.42138568093116,FALSE,TRUE,TRUE,FALSE,0,189
"fish","f_m1",0,0,6,13,0,0,1,1,4,5,"c",,0.5,0,0.461538461538462,0.464285714285714,-0.143100843640673,,0.5,0,1,0.75,1.09861228866811,0.8,0.75,1.09861228866811,FALSE,TRUE,FALSE,FALSE,0,13
"flesh","f_m1",1,2,1,223,0,20,1,11,0,32,"s",0.5,0.5,0,0.00448430493273543,0.00669642857142857,-4.99946199349813,0,0.0238095238095238,-3.71357206670431,0.0909090909090909,0.125,-1.94591014905531,0,0.0151515151515152,-4.17438726989564,TRUE,TRUE,TRUE,TRUE,2,245
"folk","f_m1",0,6,3,277,2,53,0,56,1,148,"c",0,0.0714285714285714,-2.56494935746154,0.0108303249097473,0.012589928057554,-4.36218829245422,0.0377358490566038,0.0462962962962963,-3.02529107579554,0,0.0087719298245614,-4.72738781871234,0.00675675675675676,0.0100671140939597,-4.58836306767171,TRUE,TRUE,TRUE,TRUE,6,336
"fruit","f_m1",0,0,0,11,0,2,0,1,0,3,"s",,0.5,0,0,0.0416666666666667,-3.13549421592915,0,0.166666666666667,-1.6094379124341,0,0.25,-1.09861228866811,0,0.125,-1.94591014905531,FALSE,TRUE,TRUE,FALSE,0,13
"fur","f_m1",0,1,1,99,1,22,0,7,0,36,"s",0,0.25,-1.09861228866811,0.0101010101010101,0.015,-4.18459144006988,0.0454545454545455,0.0652173913043478,-2.66258782702545,0,0.0625,-2.70805020110221,0,0.0135135135135135,-4.29045944114839,TRUE,TRUE,TRUE,TRUE,1,122
"gold","f_m1",0,0,0,53,0,8,0,2,0,9,"s",,0.5,0,0,0.00925925925925926,-4.67282883446191,0,0.0555555555555556,-2.83321334405622,0,0.166666666666667,-1.6094379124341,0,0.05,-2.94443897916644,FALSE,TRUE,TRUE,FALSE,0,61
"grace","f_m1",0,0,4,70,1,11,0,0,1,12,"a",,0.5,0,0.0571428571428571,0.0633802816901408,-2.69312455088553,0.0909090909090909,0.125,-1.94591014905531,,0.5,0,0.0833333333333333,0.115384615384615,-2.03688192726104,FALSE,TRUE,TRUE,FALSE,0,81
"hand","f_m1",0,0,75,160,1,7,0,0,10,19,"c",,0.5,0,0.46875,0.468944099378882,-0.124383719687735,0.142857142857143,0.1875,-1.46633706879343,,0.5,0,0.526315789473684,0.525,0.100083458556983,FALSE,TRUE,TRUE,FALSE,0,167
"heart","f_m1",0,0,44,536,3,71,2,19,1,90,"c",,0.5,0,0.082089552238806,0.0828677839851024,-2.40400527143995,0.0422535211267606,0.0486111111111111,-2.97407077677281,0.105263157894737,0.125,-1.94591014905531,0.0111111111111111,0.0164835164835165,-4.08877351717264,FALSE,TRUE,TRUE,FALSE,0,607
"heaven","f_m1",0,0,2,8,0,2,0,0,1,3,"a",,0.5,0,0.25,0.277777777777778,-0.955511445027436,0,0.166666666666667,-1.6094379124341,,0.5,0,0.333333333333333,0.375,-0.510825623765991,FALSE,TRUE,TRUE,FALSE,0,10
"honey","f_m1",0,0,0,3,0,0,0,0,0,0,"s",,0.5,0,0,0.125,-1.94591014905531,,0.5,0,,0.5,0,,0.5,0,FALSE,TRUE,FALSE,FALSE,0,3
"horse","f_m1",0,0,1,15,1,4,0,0,0,7,"c",,0.5,0,0.0666666666666667,0.09375,-2.26868354131836,0.25,0.3,-0.847297860387204,,0.5,0,0,0.0625,-2.70805020110221,FALSE,TRUE,TRUE,FALSE,0,19
"hound","f_m1",0,0,12,26,0,2,1,2,3,8,"c",,0.5,0,0.461538461538462,0.462962962962963,-0.148420005118273,0,0.166666666666667,-1.6094379124341,0.5,0.5,0,0.375,0.388888888888889,-0.451985123743057,FALSE,TRUE,TRUE,FALSE,0,28
"house","f_m1",0,0,6,127,4,11,1,5,0,37,"c",,0.5,0,0.047244094488189,0.05078125,-2.92811208587901,0.363636363636364,0.375,-0.510825623765991,0.2,0.25,-1.09861228866811,0,0.0131578947368421,-4.31748811353631,FALSE,TRUE,TRUE,FALSE,0,138
"charity","f_m1",0,0,0,30,0,2,0,0,0,2,"a",,0.5,0,0,0.0161290322580645,-4.11087386417331,0,0.166666666666667,-1.6094379124341,,0.5,0,0,0.166666666666667,-1.6094379124341,FALSE,TRUE,TRUE,FALSE,0,32
"king","f_m1",0,0,25,347,4,155,9,11,4,211,"c",,0.5,0,0.0720461095100865,0.0732758620689655,-2.53742468407145,0.0258064516129032,0.0288461538461538,-3.51650822817315,0.818181818181818,0.791666666666667,1.33500106673234,0.018957345971564,0.0212264150943396,-3.83105394289448,FALSE,TRUE,TRUE,FALSE,0,502
"land","f_m1",0,0,15,189,3,38,4,13,6,91,"a",,0.5,0,0.0793650793650794,0.0815789473684211,-2.42108471771728,0.0789473684210526,0.0897435897435897,-2.316769727986,0.307692307692308,0.321428571428571,-0.747214401830221,0.0659340659340659,0.0706521739130435,-2.57671419904112,FALSE,TRUE,TRUE,FALSE,0,227
"loaf","f_m1",0,0,0,8,0,0,0,0,0,1,"s",,0.5,0,0,0.0555555555555556,-2.83321334405622,,0.5,0,,0.5,0,0,0.25,-1.09861228866811,FALSE,TRUE,FALSE,FALSE,0,8
"lore","f_m1",0,1,1,165,0,9,0,11,0,23,"a",0,0.25,-1.09861228866811,0.00606060606060606,0.00903614457831325,-4.69744546209726,0,0.05,-2.94443897916644,0,0.0416666666666667,-3.13549421592915,0,0.0208333333333333,-3.85014760171006,TRUE,TRUE,TRUE,TRUE,1,175
"love","f_m1",0,11,4,469,1,90,2,25,2,114,"a",0,0.0416666666666667,-3.13549421592915,0.00852878464818763,0.00957446808510638,-4.63903469994085,0.0111111111111111,0.0164835164835165,-4.08877351717264,0.08,0.0961538461538462,-2.24070968927596,0.0175438596491228,0.0217391304347826,-3.80666248977032,TRUE,TRUE,TRUE,TRUE,11,570
"man","f_m1",17,17,476,1802,68,280,146,515,146,582,"c",1,0.972222222222222,3.55534806148941,0.264150943396226,0.264281752634498,-1.02383145048354,0.242857142857143,0.243772241992883,-1.13210824309629,0.283495145631068,0.283914728682171,-0.925125311931134,0.25085910652921,0.251286449399657,-1.09176294682253,TRUE,TRUE,TRUE,TRUE,17,2099
"manner","f_m1",2,2,2,14,3,5,1,5,1,15,"a",1,0.833333333333333,1.6094379124341,0.142857142857143,0.166666666666667,-1.6094379124341,0.6,0.583333333333333,0.336472236621213,0.2,0.25,-1.09861228866811,0.0666666666666667,0.09375,-2.26868354131836,TRUE,TRUE,TRUE,TRUE,2,21
"matter","f_m1",0,0,0,1,0,0,0,0,0,0,"s",,0.5,0,0,0.25,-1.09861228866811,,0.5,0,,0.5,0,,0.5,0,FALSE,TRUE,FALSE,FALSE,0,1
"meat","f_m1",1,1,16,80,0,2,1,2,1,6,"s",1,0.75,1.09861228866811,0.2,0.203703703703704,-1.36330484289519,0,0.166666666666667,-1.6094379124341,0.5,0.5,0,0.166666666666667,0.214285714285714,-1.29928298413026,TRUE,TRUE,TRUE,TRUE,1,83
"mercy","f_m1",0,0,0,27,0,1,0,0,0,2,"a",,0.5,0,0,0.0178571428571429,-4.00733318523247,0,0.25,-1.09861228866811,,0.5,0,0,0.166666666666667,-1.6094379124341,FALSE,TRUE,TRUE,FALSE,0,28
"might","f_m1",2,6,49,375,22,51,16,54,30,172,"a",0.333333333333333,0.357142857142857,-0.587786664902119,0.130666666666667,0.131648936170213,-1.88645727914184,0.431372549019608,0.432692307692308,-0.2708749541354,0.296296296296296,0.3,-0.847297860387204,0.174418604651163,0.176300578034682,-1.54161531609534,TRUE,TRUE,TRUE,TRUE,6,432
"milk","f_m1",0,0,1,94,0,2,1,5,1,4,"s",,0.5,0,0.0106382978723404,0.0157894736842105,-4.13249632818648,0,0.166666666666667,-1.6094379124341,0.2,0.25,-1.09861228866811,0.25,0.3,-0.847297860387204,FALSE,TRUE,TRUE,FALSE,0,96
"mood","f_m1",0,0,3,22,0,0,2,2,0,1,"a",,0.5,0,0.136363636363636,0.152173913043478,-1.71765149707433,,0.5,0,1,0.833333333333333,1.6094379124341,0,0.25,-1.09861228866811,FALSE,TRUE,FALSE,FALSE,0,22
"name","f_m1",0,0,5,185,0,11,0,0,1,37,"a",,0.5,0,0.027027027027027,0.0295698924731183,-3.49098268553451,0,0.0416666666666667,-3.13549421592915,,0.5,0,0.027027027027027,0.0394736842105263,-3.19184715248028,FALSE,TRUE,TRUE,FALSE,0,196
"night","f_m1",0,0,7,119,1,13,0,4,0,30,"a",,0.5,0,0.0588235294117647,0.0625,-2.70805020110221,0.0769230769230769,0.107142857142857,-2.12026353620009,0,0.1,-2.19722457733622,0,0.0161290322580645,-4.11087386417331,FALSE,TRUE,TRUE,FALSE,0,132
"oil","f_m1",0,0,0,15,0,1,0,0,0,3,"s",,0.5,0,0,0.03125,-3.43398720448515,0,0.25,-1.09861228866811,,0.5,0,0,0.125,-1.94591014905531,FALSE,TRUE,TRUE,FALSE,0,16
"right","f_m1",0,3,3,85,0,2,1,5,0,3,"a",0,0.125,-1.94591014905531,0.0352941176470588,0.0406976744186047,-3.16003532484527,0,0.166666666666667,-1.6094379124341,0.2,0.25,-1.09861228866811,0,0.125,-1.94591014905531,TRUE,TRUE,TRUE,TRUE,2,90
"salt","f_m1",0,0,0,13,0,1,0,0,0,1,"s",,0.5,0,0,0.0357142857142857,-3.29583686600433,0,0.25,-1.09861228866811,,0.5,0,0,0.25,-1.09861228866811,FALSE,TRUE,TRUE,FALSE,0,14
"seed","f_m1",0,0,4,37,0,9,0,1,2,13,"s",,0.5,0,0.108108108108108,0.118421052631579,-2.00746804205475,0,0.05,-2.94443897916644,0,0.25,-1.09861228866811,0.153846153846154,0.178571428571429,-1.52605630349505,FALSE,TRUE,TRUE,FALSE,0,46
"ship","f_m1",0,0,4,42,1,5,0,0,0,8,"c",,0.5,0,0.0952380952380952,0.104651162790698,-2.14658084451746,0.2,0.25,-1.09861228866811,,0.5,0,0,0.0555555555555556,-2.83321334405622,FALSE,TRUE,TRUE,FALSE,0,47
"silver","f_m1",0,0,0,17,0,0,0,0,0,0,"s",,0.5,0,0,0.0277777777777778,-3.55534806148941,,0.5,0,,0.5,0,,0.5,0,FALSE,TRUE,FALSE,FALSE,0,17
"sin","f_m1",0,1,214,402,11,21,29,53,14,47,"a",0,0.25,-1.09861228866811,0.532338308457711,0.532258064516129,0.129211731480006,0.523809523809524,0.522727272727273,0.0909717782057266,0.547169811320755,0.546296296296296,0.185717145795093,0.297872340425532,0.302083333333333,-0.837396789404492,TRUE,TRUE,TRUE,TRUE,1,424
"son","f_m1",0,0,20,177,4,6,1,3,1,8,"c",,0.5,0,0.112994350282486,0.115168539325843,-2.03900057212133,0.666666666666667,0.642857142857143,0.587786664902119,0.333333333333333,0.375,-0.510825623765991,0.125,0.166666666666667,-1.6094379124341,FALSE,TRUE,TRUE,FALSE,0,183
"soul","f_m1",2,2,51,433,2,79,7,23,10,124,"a",1,0.833333333333333,1.6094379124341,0.117782909930716,0.118663594470046,-2.0051468455969,0.0253164556962025,0.03125,-3.43398720448515,0.304347826086957,0.3125,-0.78845736036427,0.0806451612903226,0.084,-2.38919956583082,TRUE,TRUE,TRUE,TRUE,2,514
"stone","f_m1",0,0,15,48,3,15,0,0,3,22,"c",,0.5,0,0.3125,0.316326530612245,-0.77070541490582,0.2,0.21875,-1.27296567581289,,0.5,0,0.136363636363636,0.152173913043478,-1.71765149707433,FALSE,TRUE,TRUE,FALSE,0,63
"tree","f_m1",0,0,11,27,2,9,0,0,7,19,"c",,0.5,0,0.407407407407407,0.410714285714286,-0.361013345537331,0.222222222222222,0.25,-1.09861228866811,,0.5,0,0.368421052631579,0.375,-0.510825623765991,FALSE,TRUE,TRUE,FALSE,0,36
"venom","f_m1",0,0,0,0,0,1,0,0,0,1,"s",,0.5,0,,0.5,0,0,0.25,-1.09861228866811,,0.5,0,0,0.25,-1.09861228866811,FALSE,FALSE,TRUE,FALSE,0,1
"virtue","f_m1",0,0,3,5,1,2,1,2,1,3,"a",,0.5,0,0.6,0.583333333333333,0.336472236621213,0.5,0.5,0,0.5,0.5,0,0.333333333333333,0.375,-0.510825623765991,FALSE,TRUE,TRUE,FALSE,0,7
"water","f_m1",0,0,18,108,1,11,2,3,9,36,"s",,0.5,0,0.166666666666667,0.169724770642202,-1.5875791186216,0.0909090909090909,0.125,-1.94591014905531,0.666666666666667,0.625,0.510825623765991,0.25,0.256756756756757,-1.06289420606603,FALSE,TRUE,TRUE,FALSE,0,119
"wet","f_m1",0,0,1,10,0,0,1,3,0,0,"s",,0.5,0,0.1,0.136363636363636,-1.84582669049833,,0.5,0,0.333333333333333,0.375,-0.510825623765991,,0.5,0,FALSE,TRUE,FALSE,FALSE,0,10
"wife","f_m1",0,0,12,103,3,5,2,8,1,14,"c",,0.5,0,0.116504854368932,0.120192307692308,-1.99061032797322,0.6,0.583333333333333,0.336472236621213,0.25,0.277777777777778,-0.955511445027436,0.0714285714285714,0.1,-2.19722457733622,FALSE,TRUE,TRUE,FALSE,0,108
"wisdom","f_m1",0,0,2,91,0,4,1,4,1,8,"a",,0.5,0,0.021978021978022,0.0271739130434783,-3.57794789340665,0,0.1,-2.19722457733622,0.25,0.3,-0.847297860387204,0.125,0.166666666666667,-1.6094379124341,FALSE,TRUE,TRUE,FALSE,0,95
"wood","f_m1",0,0,2,4,0,0,1,1,2,2,"s",,0.5,0,0.5,0.5,0,,0.5,0,1,0.75,1.09861228866811,1,0.833333333333333,1.6094379124341,FALSE,TRUE,FALSE,FALSE,0,4
"work","f_m1",1,1,86,141,0,3,8,13,11,25,"a",1,0.75,1.09861228866811,0.609929078014184,0.609154929577465,0.443761393185445,0,0.125,-1.94591014905531,0.615384615384615,0.607142857142857,0.435318071257845,0.44,0.442307692307692,-0.231801614057324,TRUE,TRUE,TRUE,TRUE,1,145
"year","f_m1",1,1,25,95,0,11,6,17,3,56,"a",1,0.75,1.09861228866811,0.263157894736842,0.265625,-1.01693425765384,0,0.0416666666666667,-3.13549421592915,0.352941176470588,0.361111111111111,-0.570544858467613,0.0535714285714286,0.0614035087719298,-2.72691868540659,TRUE,TRUE,TRUE,TRUE,1,107
"bishop","g_m2",0,0,3,3,0,0,0,0,1,1,"c",,0.5,0,1,0.875,1.94591014905531,,0.5,0,,0.5,0,1,0.75,1.09861228866811,FALSE,TRUE,FALSE,FALSE,0,3
"bliss","g_m2",0,0,5,142,1,35,1,6,1,45,"a",,0.5,0,0.0352112676056338,0.0384615384615385,-3.2188758248682,0.0285714285714286,0.0416666666666667,-3.13549421592915,0.166666666666667,0.214285714285714,-1.29928298413026,0.0222222222222222,0.0326086956521739,-3.39002408106403,FALSE,TRUE,TRUE,FALSE,0,177
"blood","g_m2",0,0,0,37,0,5,0,1,0,6,"s",,0.5,0,0,0.0131578947368421,-4.31748811353631,0,0.0833333333333333,-2.39789527279837,0,0.25,-1.09861228866811,0,0.0714285714285714,-2.56494935746154,FALSE,TRUE,TRUE,FALSE,0,42
"book","g_m2",0,0,7,43,0,18,0,0,3,35,"c",,0.5,0,0.162790697674419,0.170454545454545,-1.58240924004618,0,0.0263157894736842,-3.61091791264422,,0.5,0,0.0857142857142857,0.0972222222222222,-2.22847712084032,FALSE,TRUE,TRUE,FALSE,0,61
"brother","g_m2",0,0,13,26,1,1,1,1,0,1,"c",,0.5,0,0.5,0.5,0,1,0.75,1.09861228866811,1,0.75,1.09861228866811,0,0.25,-1.09861228866811,FALSE,TRUE,TRUE,FALSE,0,27
"castle","g_m2",0,0,6,11,0,0,0,0,2,5,"c",,0.5,0,0.545454545454545,0.541666666666667,0.167054084663166,,0.5,0,,0.5,0,0.4,0.416666666666667,-0.336472236621213,FALSE,TRUE,FALSE,FALSE,0,11
"cloth","g_m2",0,0,6,22,3,3,0,0,0,3,"s",,0.5,0,0.272727272727273,0.282608695652174,-0.931558204004944,1,0.875,1.94591014905531,,0.5,0,0,0.125,-1.94591014905531,FALSE,TRUE,TRUE,FALSE,0,25
"country","g_m2",0,0,13,21,0,4,5,5,10,14,"c",,0.5,0,0.619047619047619,0.613636363636364,0.462623521948113,0,0.1,-2.19722457733622,1,0.916666666666667,2.39789527279837,0.714285714285714,0.7,0.847297860387203,FALSE,TRUE,TRUE,FALSE,0,25
"craft","g_m2",0,0,2,9,0,0,0,0,0,0,"a",,0.5,0,0.222222222222222,0.25,-1.09861228866811,,0.5,0,,0.5,0,,0.5,0,FALSE,TRUE,FALSE,FALSE,0,9
"creature","g_m2",0,0,16,31,2,2,10,12,0,2,"c",,0.5,0,0.516129032258065,0.515625,0.0625203569813339,1,0.833333333333333,1.6094379124341,0.833333333333333,0.807692307692308,1.43508452528932,0,0.166666666666667,-1.6094379124341,FALSE,TRUE,TRUE,FALSE,0,33
"daughter","g_m2",0,0,5,11,0,1,0,0,2,3,"c",,0.5,0,0.454545454545455,0.458333333333333,-0.167054084663166,0,0.25,-1.09861228866811,,0.5,0,0.666666666666667,0.625,0.510825623765991,FALSE,TRUE,TRUE,FALSE,0,12
"day","g_m2",1,1,52,228,2,39,10,45,14,75,"a",1,0.75,1.09861228866811,0.228070175438596,0.229257641921397,-1.21250770677577,0.0512820512820513,0.0625,-2.70805020110221,0.222222222222222,0.228260869565217,-1.21815743931789,0.186666666666667,0.190789473684211,-1.44488852538594,TRUE,TRUE,TRUE,TRUE,1,268
"death","g_m2",0,0,0,71,0,14,0,1,0,14,"a",,0.5,0,0,0.00694444444444444,-4.96284463025991,0,0.0333333333333333,-3.36729582998647,0,0.25,-1.09861228866811,0,0.0333333333333333,-3.36729582998647,FALSE,TRUE,TRUE,FALSE,0,85
"devil","g_m2",0,0,15,24,0,9,2,2,5,14,"c",,0.5,0,0.625,0.62,0.489548225318706,0,0.05,-2.94443897916644,1,0.833333333333333,1.6094379124341,0.357142857142857,0.366666666666667,-0.54654370636807,FALSE,TRUE,TRUE,FALSE,0,33
"doom","g_m2",0,0,5,35,0,1,0,1,1,5,"a",,0.5,0,0.142857142857143,0.152777777777778,-1.71297859137494,0,0.25,-1.09861228866811,0,0.25,-1.09861228866811,0.2,0.25,-1.09861228866811,FALSE,TRUE,TRUE,FALSE,0,36
"dust","g_m2",0,0,0,5,0,2,0,0,0,3,"s",,0.5,0,0,0.0833333333333333,-2.39789527279837,0,0.166666666666667,-1.6094379124341,,0.5,0,0,0.125,-1.94591014905531,FALSE,TRUE,TRUE,FALSE,0,7
"earth","g_m2",0,0,1,55,0,18,0,1,0,18,"s",,0.5,0,0.0181818181818182,0.0267857142857143,-3.59273559356103,0,0.0263157894736842,-3.61091791264422,0,0.25,-1.09861228866811,0,0.0263157894736842,-3.61091791264422,FALSE,TRUE,TRUE,FALSE,0,73
"emperor","g_m2",0,0,2,6,1,2,0,0,1,3,"c",,0.5,0,0.333333333333333,0.357142857142857,-0.587786664902119,0.5,0.5,0,,0.5,0,0.333333333333333,0.375,-0.510825623765991,FALSE,TRUE,TRUE,FALSE,0,8
"enemy","g_m2",0,0,88,130,0,14,8,8,3,17,"c",,0.5,0,0.676923076923077,0.675572519083969,0.733498476083513,0,0.0333333333333333,-3.36729582998647,1,0.944444444444444,2.83321334405622,0.176470588235294,0.194444444444444,-1.42138568093116,FALSE,TRUE,TRUE,FALSE,0,144
"evil","g_m2",0,0,37,98,0,3,2,6,2,5,"a",,0.5,0,0.377551020408163,0.378787878787879,-0.494696241836107,0,0.125,-1.94591014905531,0.333333333333333,0.357142857142857,-0.587786664902119,0.4,0.416666666666667,-0.336472236621213,FALSE,TRUE,TRUE,FALSE,0,101
"eye","g_m2",0,0,84,118,1,5,0,0,8,13,"c",,0.5,0,0.711864406779661,0.710084033613445,0.895792210325814,0.2,0.25,-1.09861228866811,,0.5,0,0.615384615384615,0.607142857142857,0.435318071257845,FALSE,TRUE,TRUE,FALSE,0,123
"father","g_m2",0,0,20,115,1,12,1,1,3,18,"c",,0.5,0,0.173913043478261,0.176724137931034,-1.53870136134232,0.0833333333333333,0.115384615384615,-2.03688192726104,1,0.75,1.09861228866811,0.166666666666667,0.184210526315789,-1.48807705542983,FALSE,TRUE,TRUE,FALSE,0,127
"fish","g_m2",0,0,2,2,0,0,0,0,1,1,"c",,0.5,0,1,0.833333333333333,1.6094379124341,,0.5,0,,0.5,0,1,0.75,1.09861228866811,FALSE,TRUE,FALSE,FALSE,0,2
"flesh","g_m2",0,0,4,61,0,10,0,2,0,11,"s",,0.5,0,0.0655737704918033,0.0725806451612903,-2.54770755102703,0,0.0454545454545455,-3.04452243772342,0,0.166666666666667,-1.6094379124341,0,0.0416666666666667,-3.13549421592915,FALSE,TRUE,TRUE,FALSE,0,71
"folk","g_m2",1,8,43,260,1,80,13,29,14,105,"c",0.125,0.166666666666667,-1.6094379124341,0.165384615384615,0.166666666666667,-1.6094379124341,0.0125,0.0185185185185185,-3.97029191355212,0.448275862068966,0.45,-0.200670695462151,0.133333333333333,0.136792452830189,-1.84219032285495,TRUE,TRUE,TRUE,TRUE,8,348
"fruit","g_m2",0,0,2,42,0,7,0,1,2,15,"s",,0.5,0,0.0476190476190476,0.0581395348837209,-2.78501124223834,0,0.0625,-2.70805020110221,0,0.25,-1.09861228866811,0.133333333333333,0.15625,-1.68639895357023,FALSE,TRUE,TRUE,FALSE,0,49
"fur","g_m2",0,0,0,31,0,5,0,0,0,5,"s",,0.5,0,0,0.015625,-4.14313472639153,0,0.0833333333333333,-2.39789527279837,,0.5,0,0,0.0833333333333333,-2.39789527279837,FALSE,TRUE,TRUE,FALSE,0,36
"gold","g_m2",0,0,0,33,0,1,0,0,0,5,"s",,0.5,0,0,0.0147058823529412,-4.20469261939097,0,0.25,-1.09861228866811,,0.5,0,0,0.0833333333333333,-2.39789527279837,FALSE,TRUE,TRUE,FALSE,0,34
"grace","g_m2",0,0,9,165,2,25,2,3,4,32,"a",,0.5,0,0.0545454545454545,0.0572289156626506,-2.80176421137371,0.08,0.0961538461538462,-2.24070968927596,0.666666666666667,0.625,0.510825623765991,0.125,0.136363636363636,-1.84582669049833,FALSE,TRUE,TRUE,FALSE,0,190
"hand","g_m2",0,0,75,129,0,14,0,0,12,26,"c",,0.5,0,0.581395348837209,0.580769230769231,0.325931954585781,0,0.0333333333333333,-3.36729582998647,,0.5,0,0.461538461538462,0.462962962962963,-0.148420005118273,FALSE,TRUE,TRUE,FALSE,0,143
"heart","g_m2",0,0,49,531,2,85,2,27,9,96,"c",,0.5,0,0.0922787193973635,0.0930451127819549,-2.2770082512044,0.0235294117647059,0.0290697674418605,-3.50855589998265,0.0740740740740741,0.0892857142857143,-2.32238772029023,0.09375,0.0979381443298969,-2.22034699475707,FALSE,TRUE,TRUE,FALSE,0,616
"heaven","g_m2",0,0,44,48,0,2,0,0,29,31,"a",,0.5,0,0.916666666666667,0.908163265306122,2.29141179239592,0,0.166666666666667,-1.6094379124341,,0.5,0,0.935483870967742,0.921875,2.46809953147162,FALSE,TRUE,TRUE,FALSE,0,50
"honey","g_m2",0,0,0,13,0,1,0,1,0,1,"s",,0.5,0,0,0.0357142857142857,-3.29583686600433,0,0.25,-1.09861228866811,0,0.25,-1.09861228866811,0,0.25,-1.09861228866811,FALSE,TRUE,TRUE,FALSE,0,14
"horse","g_m2",0,0,2,10,0,1,0,0,0,2,"c",,0.5,0,0.2,0.227272727272727,-1.22377543162212,0,0.25,-1.09861228866811,,0.5,0,0,0.166666666666667,-1.6094379124341,FALSE,TRUE,TRUE,FALSE,0,11
"hound","g_m2",0,0,4,4,0,0,0,0,0,0,"c",,0.5,0,1,0.9,2.19722457733622,,0.5,0,,0.5,0,,0.5,0,FALSE,TRUE,FALSE,FALSE,0,4
"house","g_m2",0,0,3,85,3,38,0,0,0,40,"c",,0.5,0,0.0352941176470588,0.0406976744186047,-3.16003532484527,0.0789473684210526,0.0897435897435897,-2.316769727986,,0.5,0,0,0.0121951219512195,-4.39444915467244,FALSE,TRUE,TRUE,FALSE,0,123
"charity","g_m2",0,0,0,78,0,2,0,1,0,5,"a",,0.5,0,0,0.00632911392405063,-5.05624580534831,0,0.166666666666667,-1.6094379124341,0,0.25,-1.09861228866811,0,0.0833333333333333,-2.39789527279837,FALSE,TRUE,TRUE,FALSE,0,80
"king","g_m2",0,1,38,111,2,25,5,6,17,50,"c",0,0.25,-1.09861228866811,0.342342342342342,0.34375,-0.646627164925052,0.08,0.0961538461538462,-2.24070968927596,0.833333333333333,0.785714285714286,1.29928298413026,0.34,0.343137254901961,-0.649344557901552,TRUE,TRUE,TRUE,TRUE,1,137
"land","g_m2",0,0,8,46,0,18,1,2,1,23,"a",,0.5,0,0.173913043478261,0.180851063829787,-1.51059207779747,0,0.0263157894736842,-3.61091791264422,0.5,0.5,0,0.0434782608695652,0.0625,-2.70805020110221,FALSE,TRUE,TRUE,FALSE,0,64
"loaf","g_m2",0,0,3,4,1,1,0,0,0,1,"s",,0.5,0,0.75,0.7,0.847297860387203,1,0.75,1.09861228866811,,0.5,0,0,0.25,-1.09861228866811,FALSE,TRUE,TRUE,FALSE,0,5
"lore","g_m2",0,0,0,6,0,1,0,0,0,2,"a",,0.5,0,0,0.0714285714285714,-2.56494935746154,0,0.25,-1.09861228866811,,0.5,0,0,0.166666666666667,-1.6094379124341,FALSE,TRUE,TRUE,FALSE,0,7
"love","g_m2",0,0,4,452,2,58,0,8,0,64,"a",,0.5,0,0.00884955752212389,0.00993377483443709,-4.60183128472258,0.0344827586206897,0.0423728813559322,-3.11794990627824,0,0.0555555555555556,-2.83321334405622,0,0.00769230769230769,-4.85981240436167,FALSE,TRUE,TRUE,FALSE,0,510
"man","g_m2",6,6,337,834,57,134,34,90,38,203,"c",1,0.928571428571429,2.56494935746154,0.404076738609113,0.404191616766467,-0.388030046286063,0.425373134328358,0.425925925925926,-0.298492988555997,0.377777777777778,0.379120879120879,-0.493281314115081,0.187192118226601,0.188725490196078,-1.45831295352338,TRUE,TRUE,TRUE,TRUE,6,974
"manner","g_m2",3,3,71,207,9,25,24,63,5,41,"a",1,0.875,1.94591014905531,0.342995169082126,0.34375,-0.646627164925052,0.36,0.365384615384615,-0.55206858230004,0.380952380952381,0.3828125,-0.477627554356395,0.121951219512195,0.130952380952381,-1.89256416835002,TRUE,TRUE,TRUE,TRUE,3,235
"matter","g_m2",0,1,2,16,0,2,0,2,1,7,"s",0,0.25,-1.09861228866811,0.125,0.147058823529412,-1.75785791755237,0,0.166666666666667,-1.6094379124341,0,0.166666666666667,-1.6094379124341,0.142857142857143,0.1875,-1.46633706879343,TRUE,TRUE,TRUE,TRUE,1,19
"meat","g_m2",0,0,10,79,1,8,0,1,2,14,"s",,0.5,0,0.126582278481013,0.13125,-1.88995149540727,0.125,0.166666666666667,-1.6094379124341,0,0.25,-1.09861228866811,0.142857142857143,0.166666666666667,-1.6094379124341,FALSE,TRUE,TRUE,FALSE,0,87
"mercy","g_m2",0,1,0,184,0,17,0,1,0,18,"a",0,0.25,-1.09861228866811,0,0.0027027027027027,-5.91079664404053,0,0.0277777777777778,-3.55534806148941,0,0.25,-1.09861228866811,0,0.0263157894736842,-3.61091791264422,TRUE,TRUE,TRUE,TRUE,1,202
"might","g_m2",0,0,12,90,0,9,2,5,6,15,"a",,0.5,0,0.133333333333333,0.137362637362637,-1.83736998048011,0,0.05,-2.94443897916644,0.4,0.416666666666667,-0.336472236621213,0.4,0.40625,-0.379489621704904,FALSE,TRUE,TRUE,FALSE,0,99
"milk","g_m2",0,0,0,4,0,0,0,0,0,0,"s",,0.5,0,0,0.1,-2.19722457733622,,0.5,0,,0.5,0,,0.5,0,FALSE,TRUE,FALSE,FALSE,0,4
"mood","g_m2",0,0,0,1,0,0,0,0,0,0,"a",,0.5,0,0,0.25,-1.09861228866811,,0.5,0,,0.5,0,,0.5,0,FALSE,TRUE,FALSE,FALSE,0,1
"name","g_m2",0,0,6,204,2,64,3,5,3,81,"a",,0.5,0,0.0294117647058824,0.0317073170731707,-3.41898692322565,0.03125,0.0384615384615385,-3.2188758248682,0.6,0.583333333333333,0.336472236621213,0.037037037037037,0.0426829268292683,-3.11033565629299,FALSE,TRUE,TRUE,FALSE,0,268
"night","g_m2",0,0,3,61,2,15,0,3,0,16,"a",,0.5,0,0.0491803278688525,0.0564516129032258,-2.81626378574244,0.133333333333333,0.15625,-1.68639895357023,0,0.125,-1.94591014905531,0,0.0294117647058824,-3.49650756146648,FALSE,TRUE,TRUE,FALSE,0,76
"oil","g_m2",0,0,0,12,0,1,0,0,0,2,"s",,0.5,0,0,0.0384615384615385,-3.2188758248682,0,0.25,-1.09861228866811,,0.5,0,0,0.166666666666667,-1.6094379124341,FALSE,TRUE,TRUE,FALSE,0,13
"right","g_m2",0,0,3,33,0,2,0,1,2,4,"a",,0.5,0,0.0909090909090909,0.102941176470588,-2.164963715118,0,0.166666666666667,-1.6094379124341,0,0.25,-1.09861228866811,0.5,0.5,0,FALSE,TRUE,TRUE,FALSE,0,35
"seed","g_m2",0,0,0,15,0,3,0,1,0,3,"s",,0.5,0,0,0.03125,-3.43398720448515,0,0.125,-1.94591014905531,0,0.25,-1.09861228866811,0,0.125,-1.94591014905531,FALSE,TRUE,TRUE,FALSE,0,18
"ship","g_m2",0,0,8,36,3,7,0,2,1,12,"c",,0.5,0,0.222222222222222,0.22972972972973,-1.20983792377833,0.428571428571429,0.4375,-0.251314428280906,0,0.166666666666667,-1.6094379124341,0.0833333333333333,0.115384615384615,-2.03688192726104,FALSE,TRUE,TRUE,FALSE,0,43
"silver","g_m2",0,0,0,16,1,1,0,1,0,1,"s",,0.5,0,0,0.0294117647058824,-3.49650756146648,1,0.75,1.09861228866811,0,0.25,-1.09861228866811,0,0.25,-1.09861228866811,FALSE,TRUE,TRUE,FALSE,0,17
"sin","g_m2",5,5,132,473,7,67,24,41,33,146,"a",1,0.916666666666667,2.39789527279837,0.27906976744186,0.279535864978903,-0.946765033584568,0.104477611940299,0.110294117647059,-2.08774034449453,0.585365853658537,0.583333333333333,0.336472236621213,0.226027397260274,0.227891156462585,-1.22025739809044,TRUE,TRUE,TRUE,TRUE,5,545
"son","g_m2",0,0,56,84,1,4,1,1,8,12,"c",,0.5,0,0.666666666666667,0.664705882352941,0.68433655087779,0.25,0.3,-0.847297860387204,1,0.75,1.09861228866811,0.666666666666667,0.653846153846154,0.635988766719997,FALSE,TRUE,TRUE,FALSE,0,88
"soul","g_m2",0,0,34,325,15,53,0,4,12,68,"a",,0.5,0,0.104615384615385,0.105828220858896,-2.13408068175323,0.283018867924528,0.287037037037037,-0.909818217368538,0,0.1,-2.19722457733622,0.176470588235294,0.181159420289855,-1.50851199384414,FALSE,TRUE,TRUE,FALSE,0,378
"stone","g_m2",0,0,7,24,2,11,0,0,2,13,"c",,0.5,0,0.291666666666667,0.3,-0.847297860387204,0.181818181818182,0.208333333333333,-1.33500106673234,,0.5,0,0.153846153846154,0.178571428571429,-1.52605630349505,FALSE,TRUE,TRUE,FALSE,0,35
"substance","g_m2",0,0,3,13,0,2,1,2,1,3,"s",,0.5,0,0.230769230769231,0.25,-1.09861228866811,0,0.166666666666667,-1.6094379124341,0.5,0.5,0,0.333333333333333,0.375,-0.510825623765991,FALSE,TRUE,TRUE,FALSE,0,15
"tree","g_m2",0,0,3,5,0,1,0,0,1,2,"c",,0.5,0,0.6,0.583333333333333,0.336472236621213,0,0.25,-1.09861228866811,,0.5,0,0.5,0.5,0,FALSE,TRUE,TRUE,FALSE,0,6
"venom","g_m2",0,0,0,17,0,0,0,0,0,2,"s",,0.5,0,0,0.0277777777777778,-3.55534806148941,,0.5,0,,0.5,0,0,0.166666666666667,-1.6094379124341,FALSE,TRUE,FALSE,FALSE,0,17
"virtue","g_m2",0,2,67,225,1,21,11,17,18,51,"a",0,0.166666666666667,-1.6094379124341,0.297777777777778,0.298672566371681,-0.853626995438851,0.0476190476190476,0.0681818181818182,-2.6149597780362,0.647058823529412,0.638888888888889,0.570544858467613,0.352941176470588,0.355769230769231,-0.593774706746742,TRUE,TRUE,TRUE,TRUE,2,248
"water","g_m2",3,3,30,79,0,9,4,4,7,25,"s",1,0.875,1.94591014905531,0.379746835443038,0.38125,-0.484245985961279,0,0.05,-2.94443897916644,1,0.9,2.19722457733622,0.28,0.288461538461538,-0.902867711542015,TRUE,TRUE,TRUE,TRUE,3,91
"wet","g_m2",0,0,0,4,0,1,0,0,0,1,"s",,0.5,0,0,0.1,-2.19722457733622,0,0.25,-1.09861228866811,,0.5,0,0,0.25,-1.09861228866811,FALSE,TRUE,TRUE,FALSE,0,5
"wife","g_m2",0,0,2,22,0,3,0,0,0,3,"c",,0.5,0,0.0909090909090909,0.108695652173913,-2.10413415427021,0,0.125,-1.94591014905531,,0.5,0,0,0.125,-1.94591014905531,FALSE,TRUE,TRUE,FALSE,0,25
"wisdom","g_m2",0,0,1,51,0,6,1,1,0,6,"a",,0.5,0,0.0196078431372549,0.0288461538461538,-3.51650822817315,0,0.0714285714285714,-2.56494935746154,1,0.75,1.09861228866811,0,0.0714285714285714,-2.56494935746154,FALSE,TRUE,TRUE,FALSE,0,57
"wood","g_m2",0,0,3,9,0,3,0,0,2,7,"s",,0.5,0,0.333333333333333,0.35,-0.619039208406224,0,0.125,-1.94591014905531,,0.5,0,0.285714285714286,0.3125,-0.78845736036427,FALSE,TRUE,TRUE,FALSE,0,12
"work","g_m2",1,1,120,146,0,2,15,18,34,36,"a",1,0.75,1.09861228866811,0.821917808219178,0.819727891156463,1.51450501993853,0,0.166666666666667,-1.6094379124341,0.833333333333333,0.815789473684211,1.48807705542983,0.944444444444444,0.932432432432432,2.62466859216316,TRUE,TRUE,TRUE,TRUE,1,149
"year","g_m2",0,0,18,39,1,4,0,1,3,10,"a",,0.5,0,0.461538461538462,0.4625,-0.150282203049338,0.25,0.3,-0.847297860387204,0,0.25,-1.09861228866811,0.3,0.318181818181818,-0.762140052046897,FALSE,TRUE,TRUE,FALSE,0,43
"ale","h_m3",0,0,0,2,0,0,0,0,0,0,"s",,0.5,0,0,0.166666666666667,-1.6094379124341,,0.5,0,,0.5,0,,0.5,0,FALSE,TRUE,FALSE,FALSE,0,2
"bishop","h_m3",3,3,58,316,16,101,3,4,19,139,"c",1,0.875,1.94591014905531,0.183544303797468,0.184542586750789,-1.48586893971067,0.158415841584158,0.161764705882353,-1.64515599503618,0.75,0.7,0.847297860387203,0.136690647482014,0.139285714285714,-1.82123528736101,TRUE,TRUE,TRUE,TRUE,3,420
"bliss","h_m3",0,1,3,158,3,60,0,2,0,76,"a",0,0.25,-1.09861228866811,0.0189873417721519,0.0220125786163522,-3.79388276312392,0.05,0.0573770491803279,-2.79902197930794,0,0.166666666666667,-1.6094379124341,0,0.00649350649350649,-5.03043792139244,TRUE,TRUE,TRUE,TRUE,1,219
"blood","h_m3",0,1,1,215,1,38,0,9,0,42,"s",0,0.25,-1.09861228866811,0.00465116279069767,0.00694444444444444,-4.96284463025991,0.0263157894736842,0.0384615384615385,-3.2188758248682,0,0.05,-2.94443897916644,0,0.0116279069767442,-4.44265125649032,TRUE,TRUE,TRUE,TRUE,1,254
"book","h_m3",6,6,87,318,17,143,13,16,29,212,"c",1,0.928571428571429,2.56494935746154,0.273584905660377,0.274294670846395,-0.97294108016272,0.118881118881119,0.121527777777778,-1.97804142723811,0.8125,0.794117647058823,1.34992671694902,0.136792452830189,0.13849765258216,-1.82782440414885,TRUE,TRUE,TRUE,TRUE,6,467
"brother","h_m3",0,0,95,371,2,19,8,9,12,36,"c",,0.5,0,0.256064690026954,0.256720430107527,-1.0630845734757,0.105263157894737,0.125,-1.94591014905531,0.888888888888889,0.85,1.73460105538811,0.333333333333333,0.337837837837838,-0.672944473242426,FALSE,TRUE,TRUE,FALSE,0,390
"butter","h_m3",0,0,0,4,0,0,0,0,0,0,"s",,0.5,0,0,0.1,-2.19722457733622,,0.5,0,,0.5,0,,0.5,0,FALSE,TRUE,FALSE,FALSE,0,4
"castle","h_m3",1,1,22,130,29,83,2,3,4,100,"c",1,0.75,1.09861228866811,0.169230769230769,0.17175572519084,-1.57323486377014,0.349397590361446,0.351190476190476,-0.613810438323424,0.666666666666667,0.625,0.510825623765991,0.04,0.0445544554455446,-3.06546561156867,TRUE,TRUE,TRUE,TRUE,1,214
"cloth","h_m3",0,0,65,142,6,16,3,3,8,32,"s",,0.5,0,0.457746478873239,0.458041958041958,-0.168227793718095,0.375,0.382352941176471,-0.479573080261886,1,0.875,1.94591014905531,0.25,0.257575757575758,-1.05860695405441,FALSE,TRUE,TRUE,FALSE,0,158
"country","h_m3",9,9,54,392,29,155,17,46,15,268,"c",1,0.95,2.94443897916644,0.137755102040816,0.138676844783715,-1.82632339068313,0.187096774193548,0.189102564102564,-1.4558520448218,0.369565217391304,0.372340425531915,-0.522189382416306,0.0559701492537313,0.0576208178438662,-2.79452379910604,TRUE,TRUE,TRUE,TRUE,9,556
"craft","h_m3",0,0,6,35,0,3,0,1,0,5,"a",,0.5,0,0.171428571428571,0.180555555555556,-1.51258808644418,0,0.125,-1.94591014905531,0,0.25,-1.09861228866811,0,0.0833333333333333,-2.39789527279837,FALSE,TRUE,TRUE,FALSE,0,38
"creature","h_m3",0,0,85,159,5,12,40,74,14,27,"c",,0.5,0,0.534591194968553,0.534375,0.137717250557201,0.416666666666667,0.423076923076923,-0.310154928303839,0.540540540540541,0.54,0.160342650075179,0.518518518518518,0.517857142857143,0.071458963982145,FALSE,TRUE,TRUE,FALSE,0,171
"daughter","h_m3",0,0,51,204,12,31,0,0,9,42,"c",,0.5,0,0.25,0.251219512195122,-1.09211875935756,0.387096774193548,0.390625,-0.444685821261446,,0.5,0,0.214285714285714,0.22093023255814,-1.26025364022453,FALSE,TRUE,TRUE,FALSE,0,235
"day","h_m3",4,4,236,1123,77,430,24,113,65,709,"a",1,0.9,2.19722457733622,0.210151380231523,0.210409252669039,-1.32246031341758,0.17906976744186,0.179814385150812,-1.51760554897733,0.212389380530973,0.214912280701754,-1.29556550773013,0.0916784203102962,0.0922535211267606,-2.28642467973804,TRUE,TRUE,TRUE,TRUE,4,1557
"death","h_m3",0,0,3,451,4,121,0,0,1,124,"a",,0.5,0,0.00665188470066519,0.00774336283185841,-4.85314571300348,0.0330578512396694,0.0368852459016393,-3.26236093680794,,0.5,0,0.00806451612903226,0.012,-4.41077604795987,FALSE,TRUE,TRUE,FALSE,0,572
"devil","h_m3",0,0,11,29,7,16,0,0,4,21,"c",,0.5,0,0.379310344827586,0.383333333333333,-0.475423696715075,0.4375,0.441176470588235,-0.23638877806423,,0.5,0,0.19047619047619,0.204545454545455,-1.35812348415319,FALSE,TRUE,TRUE,FALSE,0,45
"doom","h_m3",0,0,9,156,3,26,0,3,2,30,"a",,0.5,0,0.0576923076923077,0.0605095541401274,-2.74253637717338,0.115384615384615,0.12962962962963,-1.90423745265475,0,0.125,-1.94591014905531,0.0666666666666667,0.0806451612903226,-2.43361335540045,FALSE,TRUE,TRUE,FALSE,0,182
"dust","h_m3",0,0,0,12,0,6,0,0,0,6,"s",,0.5,0,0,0.0384615384615385,-3.2188758248682,0,0.0714285714285714,-2.56494935746154,,0.5,0,0,0.0714285714285714,-2.56494935746154,FALSE,TRUE,TRUE,FALSE,0,18
"earth","h_m3",0,0,2,143,1,98,0,1,1,99,"s",,0.5,0,0.013986013986014,0.0173611111111111,-4.03600898520914,0.0102040816326531,0.0151515151515152,-4.17438726989564,0,0.25,-1.09861228866811,0.0101010101010101,0.015,-4.18459144006988,FALSE,TRUE,TRUE,FALSE,0,241
"emperor","h_m3",0,0,7,241,0,44,0,1,1,57,"c",,0.5,0,0.029045643153527,0.0309917355371901,-3.44255256734407,0,0.0111111111111111,-4.48863636973214,0,0.25,-1.09861228866811,0.0175438596491228,0.0258620689655172,-3.62877553004423,FALSE,TRUE,TRUE,FALSE,0,285
"enemy","h_m3",1,1,146,209,4,6,4,6,11,17,"c",1,0.75,1.09861228866811,0.698564593301435,0.697619047619048,0.835985522558476,0.666666666666667,0.642857142857143,0.587786664902119,0.666666666666667,0.642857142857143,0.587786664902119,0.647058823529412,0.638888888888889,0.570544858467613,TRUE,TRUE,TRUE,TRUE,1,216
"evil","h_m3",6,7,28,157,9,23,13,22,4,33,"a",0.857142857142857,0.8125,1.46633706879343,0.178343949044586,0.180379746835443,-1.51377679386499,0.391304347826087,0.395833333333333,-0.422856850820034,0.590909090909091,0.58695652173913,0.351397886837889,0.121212121212121,0.132352941176471,-1.8803128665695,TRUE,TRUE,TRUE,TRUE,7,187
"eye","h_m3",0,3,79,123,4,14,3,7,11,25,"c",0,0.125,-1.94591014905531,0.642276422764228,0.641129032258065,0.580267832488092,0.285714285714286,0.3,-0.847297860387204,0.428571428571429,0.4375,-0.251314428280906,0.44,0.442307692307692,-0.231801614057324,TRUE,TRUE,TRUE,TRUE,3,140
"father","h_m3",1,1,62,475,15,51,4,6,6,59,"c",1,0.75,1.09861228866811,0.130526315789474,0.131302521008403,-1.88949095772139,0.294117647058824,0.298076923076923,-0.856472236663245,0.666666666666667,0.642857142857143,0.587786664902119,0.101694915254237,0.108333333333333,-2.10787947700037,TRUE,TRUE,TRUE,TRUE,1,527
"fish","h_m3",1,1,39,56,2,4,6,7,13,17,"c",1,0.75,1.09861228866811,0.696428571428571,0.692982456140351,0.814099790977608,0.5,0.5,0,0.857142857142857,0.8125,1.46633706879343,0.764705882352941,0.75,1.09861228866811,TRUE,TRUE,TRUE,TRUE,1,61
"flesh","h_m3",0,0,1,216,1,75,0,15,0,79,"s",,0.5,0,0.00462962962962963,0.00691244239631336,-4.96749580143564,0.0133333333333333,0.0197368421052632,-3.90533401727735,0,0.03125,-3.43398720448515,0,0.00625,-5.06890420222023,FALSE,TRUE,TRUE,FALSE,0,291
"folk","h_m3",10,16,13,364,4,64,3,60,2,80,"c",0.625,0.617647058823529,0.479573080261886,0.0357142857142857,0.036986301369863,-3.25952002580634,0.0625,0.0692307692307692,-2.59856596826052,0.05,0.0573770491803279,-2.79902197930794,0.025,0.0308641975308642,-3.44680789291421,TRUE,TRUE,TRUE,TRUE,16,444
"fruit","h_m3",1,1,18,96,3,31,2,3,7,41,"s",1,0.75,1.09861228866811,0.1875,0.190721649484536,-1.44532789270408,0.0967741935483871,0.109375,-2.09714111877924,0.666666666666667,0.625,0.510825623765991,0.170731707317073,0.178571428571429,-1.52605630349505,TRUE,TRUE,TRUE,TRUE,1,128
"fur","h_m3",0,0,1,15,2,7,0,1,0,7,"s",,0.5,0,0.0666666666666667,0.09375,-2.26868354131836,0.285714285714286,0.3125,-0.78845736036427,0,0.25,-1.09861228866811,0,0.0625,-2.70805020110221,FALSE,TRUE,TRUE,FALSE,0,22
"gold","h_m3",0,2,0,133,0,9,0,5,0,12,"s",0,0.166666666666667,-1.6094379124341,0,0.00373134328358209,-5.58724865840025,0,0.05,-2.94443897916644,0,0.0833333333333333,-2.39789527279837,0,0.0384615384615385,-3.2188758248682,TRUE,TRUE,TRUE,TRUE,2,144
"grace","h_m3",0,2,5,412,9,53,4,9,2,81,"a",0,0.166666666666667,-1.6094379124341,0.0121359223300971,0.013317191283293,-4.30529284044249,0.169811320754717,0.175925925925926,-1.5441973905657,0.444444444444444,0.45,-0.200670695462151,0.0246913580246914,0.0304878048780488,-3.45946628978613,TRUE,TRUE,TRUE,TRUE,2,467
"hand","h_m3",0,0,116,307,1,39,0,0,20,64,"c",,0.5,0,0.37785016286645,0.378246753246753,-0.496996535614946,0.0256410256410256,0.0375,-3.24519313318557,,0.5,0,0.3125,0.315384615384615,-0.775064303027832,FALSE,TRUE,TRUE,FALSE,0,346
"heart","h_m3",0,0,47,501,18,65,2,39,8,75,"c",,0.5,0,0.093812375249501,0.0946215139442231,-2.25846820257694,0.276923076923077,0.28030303030303,-0.942958978956317,0.0512820512820513,0.0625,-2.70805020110221,0.106666666666667,0.111842105263158,-2.07206143438221,FALSE,TRUE,TRUE,FALSE,0,566
"heaven","h_m3",0,0,9,38,2,4,1,1,0,4,"a",,0.5,0,0.236842105263158,0.243589743589744,-1.13309846473928,0.5,0.5,0,1,0.75,1.09861228866811,0,0.1,-2.19722457733622,FALSE,TRUE,TRUE,FALSE,0,42
"honey","h_m3",0,0,0,23,0,3,0,0,0,3,"s",,0.5,0,0,0.0208333333333333,-3.85014760171006,0,0.125,-1.94591014905531,,0.5,0,0,0.125,-1.94591014905531,FALSE,TRUE,TRUE,FALSE,0,26
"horse","h_m3",0,0,4,116,41,59,0,3,1,66,"c",,0.5,0,0.0344827586206897,0.0384615384615385,-3.2188758248682,0.694915254237288,0.691666666666667,0.807922695152373,0,0.125,-1.94591014905531,0.0151515151515152,0.0223880597014925,-3.77658503453304,FALSE,TRUE,TRUE,FALSE,0,175
"hound","h_m3",0,0,20,32,7,9,0,0,3,13,"c",,0.5,0,0.625,0.621212121212121,0.494696241836107,0.777777777777778,0.75,1.09861228866811,,0.5,0,0.230769230769231,0.25,-1.09861228866811,FALSE,TRUE,TRUE,FALSE,0,41
"house","h_m3",0,0,33,324,25,116,2,13,4,130,"c",,0.5,0,0.101851851851852,0.103076923076923,-2.16349456695953,0.21551724137931,0.217948717948718,-1.27766052011709,0.153846153846154,0.178571428571429,-1.52605630349505,0.0307692307692308,0.0343511450381679,-3.3361649113913,FALSE,TRUE,TRUE,FALSE,0,440
"charity","h_m3",0,2,0,174,1,6,0,5,0,8,"a",0,0.166666666666667,-1.6094379124341,0,0.00285714285714286,-5.85507192220243,0.166666666666667,0.214285714285714,-1.29928298413026,0,0.0833333333333333,-2.39789527279837,0,0.0555555555555556,-2.83321334405622,TRUE,TRUE,TRUE,TRUE,2,182
"king","h_m3",6,6,185,1672,49,827,24,36,81,1071,"c",1,0.928571428571429,2.56494935746154,0.110645933014354,0.110878661087866,-2.08179725537229,0.0592503022974607,0.0597826086956522,-2.75539632169941,0.666666666666667,0.662162162162162,0.672944473242426,0.0756302521008403,0.0760261194029851,-2.49760684589179,TRUE,TRUE,TRUE,TRUE,6,2505
"land","h_m3",8,9,75,879,15,427,23,117,18,617,"a",0.888888888888889,0.85,1.73460105538811,0.0853242320819113,0.0857954545454545,-2.36608831017746,0.0351288056206089,0.036214953271028,-3.28139618184953,0.196581196581197,0.199152542372881,-1.39159941334958,0.0291734197730956,0.0299352750809061,-3.47832524238329,TRUE,TRUE,TRUE,TRUE,9,1315
"loaf","h_m3",0,0,28,37,3,7,0,0,9,17,"s",,0.5,0,0.756756756756757,0.75,1.09861228866811,0.428571428571429,0.4375,-0.251314428280906,,0.5,0,0.529411764705882,0.527777777777778,0.111225635110224,FALSE,TRUE,TRUE,FALSE,0,44
"lore","h_m3",1,1,2,69,3,16,1,1,0,31,"a",1,0.75,1.09861228866811,0.0289855072463768,0.0357142857142857,-3.29583686600433,0.1875,0.205882352941176,-1.34992671694902,1,0.75,1.09861228866811,0,0.015625,-4.14313472639153,TRUE,TRUE,TRUE,TRUE,1,86
"love","h_m3",0,1,16,480,8,102,3,17,1,115,"a",0,0.25,-1.09861228866811,0.0333333333333333,0.0343035343035343,-3.33760117734736,0.0784313725490196,0.0825242718446602,-2.40853367100343,0.176470588235294,0.194444444444444,-1.42138568093116,0.00869565217391304,0.0129310344827586,-4.33510971488613,TRUE,TRUE,TRUE,TRUE,1,583
"man","h_m3",87,87,2646,4894,763,883,351,802,181,1254,"c",1,0.994318181818182,5.1647859739235,0.540662035145076,0.540653728294178,0.16297468508728,0.864099660249151,0.86368778280543,1.84626337172798,0.437655860349127,0.437733499377335,-0.250365661606321,0.144338118022329,0.144621513944223,-1.77742396361393,TRUE,TRUE,TRUE,TRUE,87,5864
"manner","h_m3",18,18,105,803,51,158,17,179,4,319,"a",1,0.973684210526316,3.61091791264423,0.130759651307597,0.131218905472637,-1.8902242257809,0.322784810126582,0.323899371069182,-0.735909039898027,0.0949720670391061,0.0972222222222222,-2.22847712084032,0.0125391849529781,0.0140625,-4.25008128520499,TRUE,TRUE,TRUE,TRUE,18,979
"matter","h_m3",0,0,5,75,6,13,2,9,2,38,"s",,0.5,0,0.0666666666666667,0.0723684210526316,-2.5508646175798,0.461538461538462,0.464285714285714,-0.143100843640673,0.222222222222222,0.25,-1.09861228866811,0.0526315789473684,0.0641025641025641,-2.68102152871429,FALSE,TRUE,TRUE,FALSE,0,88
"meat","h_m3",0,1,15,215,0,35,2,14,0,49,"s",0,0.25,-1.09861228866811,0.0697674418604651,0.0717592592592593,-2.55997422282142,0,0.0138888888888889,-4.26267987704132,0.142857142857143,0.166666666666667,-1.6094379124341,0,0.01,-4.59511985013459,TRUE,TRUE,TRUE,TRUE,1,251
"mercy","h_m3",0,1,6,331,1,32,0,11,3,51,"a",0,0.25,-1.09861228866811,0.0181268882175227,0.019578313253012,-3.91356028474703,0.03125,0.0454545454545455,-3.04452243772342,0,0.0416666666666667,-3.13549421592915,0.0588235294117647,0.0673076923076923,-2.62880082944807,TRUE,TRUE,TRUE,TRUE,1,364
"might","h_m3",0,0,21,142,10,28,5,32,12,43,"a",,0.5,0,0.147887323943662,0.15034965034965,-1.73186132764699,0.357142857142857,0.362068965517241,-0.566395474920801,0.15625,0.166666666666667,-1.6094379124341,0.27906976744186,0.284090909090909,-0.924258901523332,FALSE,TRUE,TRUE,FALSE,0,170
"milk","h_m3",0,0,0,20,0,3,0,0,0,4,"s",,0.5,0,0,0.0238095238095238,-3.71357206670431,0,0.125,-1.94591014905531,,0.5,0,0,0.1,-2.19722457733622,FALSE,TRUE,TRUE,FALSE,0,23
"name","h_m3",2,2,50,301,8,80,7,10,20,108,"a",1,0.833333333333333,1.6094379124341,0.166112956810631,0.167218543046358,-1.60546965325848,0.1,0.104938271604938,-2.14352039836436,0.7,0.681818181818182,0.762140052046896,0.185185185185185,0.188073394495413,-1.46257766586952,TRUE,TRUE,TRUE,TRUE,2,383
"night","h_m3",0,0,26,267,22,80,1,26,4,117,"a",,0.5,0,0.0973782771535581,0.0988805970149254,-2.20972474010045,0.275,0.277777777777778,-0.955511445027436,0.0384615384615385,0.0555555555555556,-2.83321334405622,0.0341880341880342,0.038135593220339,-3.22772544014518,FALSE,TRUE,TRUE,FALSE,0,347
"oil","h_m3",0,0,0,37,1,6,0,1,0,8,"s",,0.5,0,0,0.0131578947368421,-4.31748811353631,0.166666666666667,0.214285714285714,-1.29928298413026,0,0.25,-1.09861228866811,0,0.0555555555555556,-2.83321334405622,FALSE,TRUE,TRUE,FALSE,0,43
"right","h_m3",0,0,5,76,0,13,0,3,2,17,"a",,0.5,0,0.0657894736842105,0.0714285714285714,-2.56494935746154,0,0.0357142857142857,-3.29583686600433,0,0.125,-1.94591014905531,0.117647058823529,0.138888888888889,-1.82454929205105,FALSE,TRUE,TRUE,FALSE,0,89
"salt","h_m3",0,0,0,11,1,1,0,0,0,2,"s",,0.5,0,0,0.0416666666666667,-3.13549421592915,1,0.75,1.09861228866811,,0.5,0,0,0.166666666666667,-1.6094379124341,FALSE,TRUE,TRUE,FALSE,0,12
"seed","h_m3",0,0,2,95,1,15,0,1,1,41,"s",,0.5,0,0.0210526315789474,0.0260416666666667,-3.62167070442049,0.0666666666666667,0.09375,-2.26868354131836,0,0.25,-1.09861228866811,0.024390243902439,0.0357142857142857,-3.29583686600433,FALSE,TRUE,TRUE,FALSE,0,110
"ship","h_m3",0,0,65,157,11,57,0,0,12,77,"c",,0.5,0,0.414012738853503,0.414556962025316,-0.345158501877173,0.192982456140351,0.198275862068966,-1.39710527722411,,0.5,0,0.155844155844156,0.16025641025641,-1.65632149833295,FALSE,TRUE,TRUE,FALSE,0,214
"silver","h_m3",0,0,0,58,1,4,0,3,0,4,"s",,0.5,0,0,0.00847457627118644,-4.76217393479776,0.25,0.3,-0.847297860387204,0,0.125,-1.94591014905531,0,0.1,-2.19722457733622,FALSE,TRUE,TRUE,FALSE,0,62
"sin","h_m3",12,13,249,1102,31,132,35,79,53,256,"a",0.923076923076923,0.892857142857143,2.12026353620009,0.225952813067151,0.226201269265639,-1.22988662704292,0.234848484848485,0.236842105263158,-1.17007125265025,0.443037974683544,0.44375,-0.225956492690824,0.20703125,0.208171206225681,-1.33598435098069,TRUE,TRUE,TRUE,TRUE,13,1247
"son","h_m3",0,0,196,798,20,132,7,11,78,213,"c",,0.5,0,0.245614035087719,0.245932415519399,-1.12042523405549,0.151515151515152,0.154135338345865,-1.70252833550011,0.636363636363636,0.625,0.510825623765991,0.366197183098592,0.366822429906542,-0.545873015531393,FALSE,TRUE,TRUE,FALSE,0,930
"soul","h_m3",2,2,81,536,39,146,12,42,19,170,"a",1,0.833333333333333,1.6094379124341,0.151119402985075,0.151769087523277,-1.7207926964532,0.267123287671233,0.268707482993197,-1.00119017566064,0.285714285714286,0.290697674418605,-0.89199803930511,0.111764705882353,0.114035087719298,-2.05017115937972,TRUE,TRUE,TRUE,TRUE,2,684
"stone","h_m3",3,3,100,179,27,51,4,4,21,84,"c",1,0.875,1.94591014905531,0.558659217877095,0.558333333333333,0.234400705838844,0.529411764705882,0.528846153846154,0.115512887121844,1,0.9,2.19722457733622,0.25,0.252941176470588,-1.08298697076503,TRUE,TRUE,TRUE,TRUE,3,233
"substance","h_m3",0,0,2,38,0,12,1,4,0,12,"s",,0.5,0,0.0526315789473684,0.0641025641025641,-2.68102152871429,0,0.0384615384615385,-3.2188758248682,0.25,0.3,-0.847297860387204,0,0.0384615384615385,-3.2188758248682,FALSE,TRUE,TRUE,FALSE,0,50
"tree","h_m3",0,0,59,155,23,61,4,12,13,82,"c",,0.5,0,0.380645161290323,0.381410256410256,-0.483566695793356,0.377049180327869,0.379032258064516,-0.493657820143625,0.333333333333333,0.346153846153846,-0.635988766719997,0.158536585365854,0.162650602409639,-1.63863706712636,FALSE,TRUE,TRUE,FALSE,0,216
"venom","h_m3",0,0,0,34,0,12,0,0,0,15,"s",,0.5,0,0,0.0142857142857143,-4.23410650459726,0,0.0384615384615385,-3.2188758248682,,0.5,0,0,0.03125,-3.43398720448515,FALSE,TRUE,TRUE,FALSE,0,46
"virtue","h_m3",3,3,118,278,7,45,14,22,29,87,"a",1,0.875,1.94591014905531,0.424460431654676,0.424731182795699,-0.303380981994885,0.155555555555556,0.16304347826087,-1.63575522075147,0.636363636363636,0.630434782608696,0.534082485930258,0.333333333333333,0.335227272727273,-0.684636490892037,TRUE,TRUE,TRUE,TRUE,3,326
"water","h_m3",2,2,48,333,8,122,4,11,32,181,"s",1,0.833333333333333,1.6094379124341,0.144144144144144,0.145209580838323,-1.77267823115263,0.0655737704918033,0.0691056910569106,-2.60050865949802,0.363636363636364,0.375,-0.510825623765991,0.176795580110497,0.178571428571429,-1.52605630349505,TRUE,TRUE,TRUE,TRUE,2,457
"wet","h_m3",0,0,0,13,0,0,0,1,0,1,"s",,0.5,0,0,0.0357142857142857,-3.29583686600433,,0.5,0,0,0.25,-1.09861228866811,0,0.25,-1.09861228866811,FALSE,TRUE,FALSE,FALSE,0,13
"wife","h_m3",1,1,49,306,16,37,2,2,6,47,"c",1,0.75,1.09861228866811,0.160130718954248,0.161237785016287,-1.64904705052915,0.432432432432432,0.434210526315789,-0.264692554227082,1,0.833333333333333,1.6094379124341,0.127659574468085,0.135416666666667,-1.85389125033506,TRUE,TRUE,TRUE,TRUE,1,344
"wisdom","h_m3",0,2,0,106,1,13,0,3,0,14,"a",0,0.166666666666667,-1.6094379124341,0,0.00467289719626168,-5.36129216570943,0.0769230769230769,0.107142857142857,-2.12026353620009,0,0.125,-1.94591014905531,0,0.0333333333333333,-3.36729582998647,TRUE,TRUE,TRUE,TRUE,2,121
"wood","h_m3",0,0,14,58,10,27,0,1,0,28,"s",,0.5,0,0.241379310344828,0.245762711864407,-1.12134053974567,0.37037037037037,0.375,-0.510825623765991,0,0.25,-1.09861228866811,0,0.0172413793103448,-4.04305126783455,FALSE,TRUE,TRUE,FALSE,0,85
"work","h_m3",2,2,184,355,10,41,25,40,65,178,"a",1,0.833333333333333,1.6094379124341,0.51830985915493,0.518258426966292,0.0730661968745872,0.24390243902439,0.25,-1.09861228866811,0.625,0.621951219512195,0.497838428239179,0.365168539325843,0.365921787709497,-0.549752694280251,TRUE,TRUE,TRUE,TRUE,2,398
"year","h_m3",5,5,28,901,24,196,6,42,7,346,"a",1,0.916666666666667,2.39789527279837,0.0310765815760266,0.0315964523281596,-3.42260404229951,0.122448979591837,0.124365482233503,-1.95172411892073,0.142857142857143,0.151162790697674,-1.72551008368685,0.0202312138728324,0.0216138328530259,-3.81257092645649,TRUE,TRUE,TRUE,TRUE,5,1102
"ale","i_m4",0,0,0,11,1,5,0,2,0,5,"s",,0.5,0,0,0.0416666666666667,-3.13549421592915,0.2,0.25,-1.09861228866811,0,0.166666666666667,-1.6094379124341,0,0.0833333333333333,-2.39789527279837,FALSE,TRUE,TRUE,FALSE,0,16
"bishop","i_m4",2,2,53,315,23,143,9,13,19,177,"c",1,0.833333333333333,1.6094379124341,0.168253968253968,0.169303797468354,-1.59056942812972,0.160839160839161,0.163194444444444,-1.6346493317806,0.692307692307692,0.678571428571429,0.747214401830221,0.107344632768362,0.109550561797753,-2.09534012774763,TRUE,TRUE,TRUE,TRUE,2,460
"bliss","i_m4",0,0,1,18,0,7,0,1,0,7,"a",,0.5,0,0.0555555555555556,0.0789473684210526,-2.4567357728213,0,0.0625,-2.70805020110221,0,0.25,-1.09861228866811,0,0.0625,-2.70805020110221,FALSE,TRUE,TRUE,FALSE,0,25
"blood","i_m4",0,2,0,92,1,19,0,7,0,20,"s",0,0.166666666666667,-1.6094379124341,0,0.00537634408602151,-5.22035582507832,0.0526315789473684,0.075,-2.51230562397611,0,0.0625,-2.70805020110221,0,0.0238095238095238,-3.71357206670431,TRUE,TRUE,TRUE,TRUE,2,113
"book","i_m4",10,10,46,176,26,80,11,15,9,114,"c",1,0.954545454545455,3.04452243772342,0.261363636363636,0.26271186440678,-1.03192091416944,0.325,0.327160493827161,-0.721055968677022,0.733333333333333,0.71875,0.93826963859293,0.0789473684210526,0.0826086956521739,-2.40741915430963,TRUE,TRUE,TRUE,TRUE,10,266
"brother","i_m4",0,0,42,183,3,10,2,2,10,20,"c",,0.5,0,0.229508196721311,0.230978260869565,-1.20279564115292,0.3,0.318181818181818,-0.762140052046897,1,0.833333333333333,1.6094379124341,0.5,0.5,0,FALSE,TRUE,TRUE,FALSE,0,193
"butter","i_m4",0,0,0,8,0,2,0,0,0,2,"s",,0.5,0,0,0.0555555555555556,-2.83321334405622,0,0.166666666666667,-1.6094379124341,,0.5,0,0,0.166666666666667,-1.6094379124341,FALSE,TRUE,TRUE,FALSE,0,10
"castle","i_m4",1,1,21,212,23,149,2,3,6,179,"c",1,0.75,1.09861228866811,0.0990566037735849,0.10093896713615,-2.18683487348708,0.154362416107383,0.156666666666667,-1.68324188701746,0.666666666666667,0.625,0.510825623765991,0.0335195530726257,0.0361111111111111,-3.28437542248532,TRUE,TRUE,TRUE,TRUE,1,362
"cloth","i_m4",1,1,43,125,35,48,2,6,1,54,"s",1,0.75,1.09861228866811,0.344,0.345238095238095,-0.640037355245997,0.729166666666667,0.724489795918367,0.966843011036987,0.333333333333333,0.357142857142857,-0.587786664902119,0.0185185185185185,0.0272727272727273,-3.5742165457938,TRUE,TRUE,TRUE,TRUE,1,174
"country","i_m4",6,6,16,101,7,42,5,19,3,65,"c",1,0.928571428571429,2.56494935746154,0.158415841584158,0.161764705882353,-1.64515599503618,0.166666666666667,0.174418604651163,-1.55462967593911,0.263157894736842,0.275,-0.969400557188103,0.0461538461538462,0.053030303030303,-2.88240358824699,TRUE,TRUE,TRUE,TRUE,6,149
"craft","i_m4",0,0,7,35,1,2,2,6,1,4,"a",,0.5,0,0.2,0.208333333333333,-1.33500106673234,0.5,0.5,0,0.333333333333333,0.357142857142857,-0.587786664902119,0.25,0.3,-0.847297860387204,FALSE,TRUE,TRUE,FALSE,0,37
"creature","i_m4",0,0,12,381,5,125,7,12,1,352,"c",,0.5,0,0.031496062992126,0.0327225130890052,-3.38642209608,0.04,0.0436507936507936,-3.08690166069228,0.583333333333333,0.576923076923077,0.310154928303839,0.00284090909090909,0.00424929178470255,-5.45674460314256,FALSE,TRUE,TRUE,FALSE,0,506
"daughter","i_m4",0,0,9,234,5,14,0,0,0,14,"c",,0.5,0,0.0384615384615385,0.0404255319148936,-3.16702836033624,0.357142857142857,0.366666666666667,-0.54654370636807,,0.5,0,0,0.0333333333333333,-3.36729582998647,FALSE,TRUE,TRUE,FALSE,0,248
"day","i_m4",14,14,226,772,33,319,24,78,74,501,"a",1,0.966666666666667,3.36729582998647,0.292746113989637,0.293014230271669,-0.880789362693504,0.103448275862069,0.1046875,-2.14619309732377,0.307692307692308,0.310126582278481,-0.799527584118517,0.147704590818363,0.148406374501992,-1.7471551629913,TRUE,TRUE,TRUE,TRUE,14,1105
"death","i_m4",0,0,3,221,5,77,0,1,0,80,"a",,0.5,0,0.0135746606334842,0.0157657657657658,-4.13402304604028,0.0649350649350649,0.0705128205128205,-2.5788384696222,0,0.25,-1.09861228866811,0,0.00617283950617284,-5.08140436498446,FALSE,TRUE,TRUE,FALSE,0,298
"devil","i_m4",0,0,9,30,8,14,1,6,2,16,"c",,0.5,0,0.3,0.306451612903226,-0.816761136527122,0.571428571428571,0.566666666666667,0.268263986594679,0.166666666666667,0.214285714285714,-1.29928298413026,0.125,0.147058823529412,-1.75785791755237,FALSE,TRUE,TRUE,FALSE,0,44
"doom","i_m4",0,0,1,17,0,9,0,0,0,10,"a",,0.5,0,0.0588235294117647,0.0833333333333333,-2.39789527279837,0,0.05,-2.94443897916644,,0.5,0,0,0.0454545454545455,-3.04452243772342,FALSE,TRUE,TRUE,FALSE,0,26
"dust","i_m4",0,0,0,1,0,1,0,0,0,1,"s",,0.5,0,0,0.25,-1.09861228866811,0,0.25,-1.09861228866811,,0.5,0,0,0.25,-1.09861228866811,FALSE,TRUE,TRUE,FALSE,0,2
"earth","i_m4",0,0,0,63,1,54,0,0,0,55,"s",,0.5,0,0,0.0078125,-4.84418708645859,0.0185185185185185,0.0272727272727273,-3.5742165457938,,0.5,0,0,0.00892857142857143,-4.70953020131233,FALSE,TRUE,TRUE,FALSE,0,117
"emperor","i_m4",0,0,6,150,2,66,0,1,4,86,"c",,0.5,0,0.04,0.043046357615894,-3.1014773306509,0.0303030303030303,0.0373134328358209,-3.25037449192757,0,0.25,-1.09861228866811,0.0465116279069767,0.0517241379310345,-2.90872089656436,FALSE,TRUE,TRUE,FALSE,0,216
"enemy","i_m4",1,1,74,107,7,7,8,10,5,12,"c",1,0.75,1.09861228866811,0.691588785046729,0.689814814814815,0.799253686554493,1,0.9375,2.70805020110221,0.8,0.772727272727273,1.22377543162212,0.416666666666667,0.423076923076923,-0.310154928303839,TRUE,TRUE,TRUE,TRUE,1,115
"evil","i_m4",1,4,1,18,0,5,1,6,0,5,"a",0.25,0.3,-0.847297860387204,0.0555555555555556,0.0789473684210526,-2.4567357728213,0,0.0833333333333333,-2.39789527279837,0.166666666666667,0.214285714285714,-1.29928298413026,0,0.0833333333333333,-2.39789527279837,TRUE,TRUE,TRUE,TRUE,4,27
"eye","i_m4",0,0,77,100,1,5,0,1,4,9,"c",,0.5,0,0.77,0.767326732673267,1.19327751520919,0.2,0.25,-1.09861228866811,0,0.25,-1.09861228866811,0.444444444444444,0.45,-0.200670695462151,FALSE,TRUE,TRUE,FALSE,0,105
"father","i_m4",0,0,24,216,5,30,2,2,9,42,"c",,0.5,0,0.111111111111111,0.112903225806452,-2.06142303617716,0.166666666666667,0.17741935483871,-1.53393035992596,1,0.833333333333333,1.6094379124341,0.214285714285714,0.22093023255814,-1.26025364022453,FALSE,TRUE,TRUE,FALSE,0,246
"fish","i_m4",0,0,0,4,2,2,0,0,0,2,"c",,0.5,0,0,0.1,-2.19722457733622,1,0.833333333333333,1.6094379124341,,0.5,0,0,0.166666666666667,-1.6094379124341,FALSE,TRUE,TRUE,FALSE,0,6
"flesh","i_m4",0,0,0,55,0,6,0,5,0,8,"s",,0.5,0,0,0.00892857142857143,-4.70953020131233,0,0.0714285714285714,-2.56494935746154,0,0.0833333333333333,-2.39789527279837,0,0.0555555555555556,-2.83321334405622,FALSE,TRUE,TRUE,FALSE,0,61
"folk","i_m4",3,3,3,31,0,1,1,8,0,1,"c",1,0.875,1.94591014905531,0.0967741935483871,0.109375,-2.09714111877924,0,0.25,-1.09861228866811,0.125,0.166666666666667,-1.6094379124341,0,0.25,-1.09861228866811,TRUE,TRUE,TRUE,TRUE,1,35
"fruit","i_m4",0,1,0,15,0,2,0,5,0,2,"s",0,0.25,-1.09861228866811,0,0.03125,-3.43398720448515,0,0.166666666666667,-1.6094379124341,0,0.0833333333333333,-2.39789527279837,0,0.166666666666667,-1.6094379124341,TRUE,TRUE,TRUE,TRUE,1,18
"fur","i_m4",0,0,1,2,0,0,0,1,0,0,"s",,0.5,0,0.5,0.5,0,,0.5,0,0,0.25,-1.09861228866811,,0.5,0,FALSE,TRUE,FALSE,FALSE,0,2
"gold","i_m4",0,1,0,84,0,5,0,4,0,7,"s",0,0.25,-1.09861228866811,0,0.00588235294117647,-5.12989871492307,0,0.0833333333333333,-2.39789527279837,0,0.1,-2.19722457733622,0,0.0625,-2.70805020110221,TRUE,TRUE,TRUE,TRUE,1,90
"grace","i_m4",0,2,1,234,2,61,0,10,0,70,"a",0,0.166666666666667,-1.6094379124341,0.00427350427350427,0.00638297872340425,-5.04771696900079,0.0327868852459016,0.0403225806451613,-3.16968558067743,0,0.0454545454545455,-3.04452243772342,0,0.00704225352112676,-4.94875989037817,TRUE,TRUE,TRUE,TRUE,2,297
"hand","i_m4",0,0,89,253,0,50,0,0,5,59,"c",,0.5,0,0.351778656126482,0.352362204724409,-0.608671944924617,0,0.00980392156862745,-4.61512051684126,,0.5,0,0.0847457627118644,0.0916666666666667,-2.29345260943077,FALSE,TRUE,TRUE,FALSE,0,303
"heart","i_m4",0,0,9,105,8,18,0,13,1,20,"c",,0.5,0,0.0857142857142857,0.089622641509434,-2.31825120973844,0.444444444444444,0.447368421052632,-0.211309093667207,0,0.0357142857142857,-3.29583686600433,0.05,0.0714285714285714,-2.56494935746154,FALSE,TRUE,TRUE,FALSE,0,123
"heaven","i_m4",0,0,0,7,0,0,0,0,0,0,"a",,0.5,0,0,0.0625,-2.70805020110221,,0.5,0,,0.5,0,,0.5,0,FALSE,TRUE,FALSE,FALSE,0,7
"honey","i_m4",0,0,0,26,1,2,0,0,0,4,"s",,0.5,0,0,0.0185185185185185,-3.97029191355212,0.5,0.5,0,,0.5,0,0,0.1,-2.19722457733622,FALSE,TRUE,TRUE,FALSE,0,28
"horse","i_m4",0,0,31,252,20,43,2,5,3,63,"c",,0.5,0,0.123015873015873,0.124505928853755,-1.9504350436536,0.465116279069767,0.465909090909091,-0.136575535005751,0.4,0.416666666666667,-0.336472236621213,0.0476190476190476,0.0546875,-2.84988039654143,FALSE,TRUE,TRUE,FALSE,0,295
"hound","i_m4",0,0,4,9,3,3,0,0,2,5,"c",,0.5,0,0.444444444444444,0.45,-0.200670695462151,1,0.875,1.94591014905531,,0.5,0,0.4,0.416666666666667,-0.336472236621213,FALSE,TRUE,TRUE,FALSE,0,12
"house","i_m4",1,1,13,98,17,37,1,7,2,44,"c",1,0.75,1.09861228866811,0.13265306122449,0.136363636363636,-1.84582669049833,0.459459459459459,0.460526315789474,-0.158224005214894,0.142857142857143,0.1875,-1.46633706879343,0.0454545454545455,0.0555555555555556,-2.83321334405622,TRUE,TRUE,TRUE,TRUE,1,136
"charity","i_m4",0,0,0,49,3,4,0,2,0,6,"a",,0.5,0,0,0.01,-4.59511985013459,0.75,0.7,0.847297860387203,0,0.166666666666667,-1.6094379124341,0,0.0714285714285714,-2.56494935746154,FALSE,TRUE,TRUE,FALSE,0,53
"king","i_m4",2,2,113,1481,20,1010,13,21,81,1289,"c",1,0.833333333333333,1.6094379124341,0.0762997974341661,0.0765856950067476,-2.48966769155928,0.0198019801980198,0.0202769535113749,-3.87778497999424,0.619047619047619,0.613636363636364,0.462623521948113,0.0628394103956555,0.0631782945736434,-2.69653217989672,TRUE,TRUE,TRUE,TRUE,2,2493
"land","i_m4",1,2,38,229,1,80,9,23,12,150,"a",0.5,0.5,0,0.165938864628821,0.167391304347826,-1.60422956732696,0.0125,0.0185185185185185,-3.97029191355212,0.391304347826087,0.395833333333333,-0.422856850820034,0.08,0.0827814569536424,-2.40514168131914,TRUE,TRUE,TRUE,TRUE,2,311
"loaf","i_m4",0,0,2,4,2,2,0,0,0,2,"s",,0.5,0,0.5,0.5,0,1,0.833333333333333,1.6094379124341,,0.5,0,0,0.166666666666667,-1.6094379124341,FALSE,TRUE,TRUE,FALSE,0,6
"love","i_m4",0,1,1,218,4,42,0,4,0,43,"a",0,0.25,-1.09861228866811,0.00458715596330275,0.00684931506849315,-4.97673374242057,0.0952380952380952,0.104651162790698,-2.14658084451746,0,0.1,-2.19722457733622,0,0.0113636363636364,-4.46590811865458,TRUE,TRUE,TRUE,TRUE,1,261
"man","i_m4",62,62,663,1614,304,420,136,348,74,637,"c",1,0.992063492063492,4.82831373730231,0.410780669144981,0.410835913312693,-0.360510832963942,0.723809523809524,0.723277909738717,0.960779814144196,0.390804597701149,0.391117478510029,-0.442617373739457,0.116169544740973,0.116771159874608,-2.02336820809432,TRUE,TRUE,TRUE,TRUE,62,2096
"manner","i_m4",0,0,8,203,16,46,0,64,2,79,"a",,0.5,0,0.0394088669950739,0.0416666666666667,-3.13549421592915,0.347826086956522,0.351063829787234,-0.614366302706831,0,0.00769230769230769,-4.85981240436167,0.0253164556962025,0.03125,-3.43398720448515,FALSE,TRUE,TRUE,FALSE,0,249
"matter","i_m4",1,1,14,91,5,27,2,7,5,70,"s",1,0.75,1.09861228866811,0.153846153846154,0.157608695652174,-1.67612928693277,0.185185185185185,0.196428571428571,-1.40876721697195,0.285714285714286,0.3125,-0.78845736036427,0.0714285714285714,0.0774647887323944,-2.47730205040278,TRUE,TRUE,TRUE,TRUE,1,119
"meat","i_m4",2,2,11,137,2,12,3,12,0,14,"s",1,0.833333333333333,1.6094379124341,0.0802919708029197,0.0833333333333333,-2.39789527279837,0.166666666666667,0.192307692307692,-1.43508452528932,0.25,0.269230769230769,-0.998528830111127,0,0.0333333333333333,-3.36729582998647,TRUE,TRUE,TRUE,TRUE,2,151
"mercy","i_m4",0,0,5,136,1,9,0,6,3,13,"a",,0.5,0,0.0367647058823529,0.0401459854014599,-3.17425875937939,0.111111111111111,0.15,-1.73460105538811,0,0.0714285714285714,-2.56494935746154,0.230769230769231,0.25,-1.09861228866811,FALSE,TRUE,TRUE,FALSE,0,145
"might","i_m4",0,0,5,31,1,7,4,10,0,7,"a",,0.5,0,0.161290322580645,0.171875,-1.57239664075375,0.142857142857143,0.1875,-1.46633706879343,0.4,0.409090909090909,-0.367724780125317,0,0.0625,-2.70805020110221,FALSE,TRUE,TRUE,FALSE,0,38
"milk","i_m4",0,0,0,9,0,2,0,0,0,2,"s",,0.5,0,0,0.05,-2.94443897916644,0,0.166666666666667,-1.6094379124341,,0.5,0,0,0.166666666666667,-1.6094379124341,FALSE,TRUE,TRUE,FALSE,0,11
"name","i_m4",0,0,34,242,3,42,0,2,17,66,"a",,0.5,0,0.140495867768595,0.141975308641975,-1.79897971720154,0.0714285714285714,0.0813953488372093,-2.42353770341171,0,0.166666666666667,-1.6094379124341,0.257575757575758,0.261194029850746,-1.03977178864518,FALSE,TRUE,TRUE,FALSE,0,284
"night","i_m4",1,1,12,139,12,35,1,30,1,73,"a",1,0.75,1.09861228866811,0.0863309352517986,0.0892857142857143,-2.32238772029023,0.342857142857143,0.347222222222222,-0.631271776841858,0.0333333333333333,0.0483870967741935,-2.97892515523761,0.0136986301369863,0.0202702702702703,-3.87812145375246,TRUE,TRUE,TRUE,TRUE,1,175
"oil","i_m4",0,0,0,20,0,1,0,0,0,3,"s",,0.5,0,0,0.0238095238095238,-3.71357206670431,0,0.25,-1.09861228866811,,0.5,0,0,0.125,-1.94591014905531,FALSE,TRUE,TRUE,FALSE,0,21
"right","i_m4",0,0,4,54,0,11,2,8,0,11,"a",,0.5,0,0.0740740740740741,0.0818181818181818,-2.41789593950504,0,0.0416666666666667,-3.13549421592915,0.25,0.277777777777778,-0.955511445027436,0,0.0416666666666667,-3.13549421592915,FALSE,TRUE,TRUE,FALSE,0,65
"salt","i_m4",0,0,0,6,0,0,0,0,0,0,"s",,0.5,0,0,0.0714285714285714,-2.56494935746154,,0.5,0,,0.5,0,,0.5,0,FALSE,TRUE,FALSE,FALSE,0,6
"seed","i_m4",0,1,2,11,1,4,0,2,0,4,"s",0,0.25,-1.09861228866811,0.181818181818182,0.208333333333333,-1.33500106673234,0.25,0.3,-0.847297860387204,0,0.166666666666667,-1.6094379124341,0,0.1,-2.19722457733622,TRUE,TRUE,TRUE,TRUE,1,16
"ship","i_m4",0,0,25,108,21,47,2,5,4,56,"c",,0.5,0,0.231481481481481,0.23394495412844,-1.18616817969243,0.446808510638298,0.447916666666667,-0.209091797858559,0.4,0.416666666666667,-0.336472236621213,0.0714285714285714,0.0789473684210526,-2.4567357728213,FALSE,TRUE,TRUE,FALSE,0,155
"silver","i_m4",0,0,0,45,3,3,0,5,0,3,"s",,0.5,0,0,0.0108695652173913,-4.51085950651685,1,0.875,1.94591014905531,0,0.0833333333333333,-2.39789527279837,0,0.125,-1.94591014905531,FALSE,TRUE,TRUE,FALSE,0,48
"sin","i_m4",0,1,59,154,0,10,9,22,5,16,"a",0,0.25,-1.09861228866811,0.383116883116883,0.383870967741935,-0.473149934935101,0,0.0454545454545455,-3.04452243772342,0.409090909090909,0.41304347826087,-0.351397886837888,0.3125,0.323529411764706,-0.737598943130779,TRUE,TRUE,TRUE,TRUE,1,165
"son","i_m4",0,0,25,284,5,87,0,0,1,90,"c",,0.5,0,0.0880281690140845,0.0894736842105263,-2.32007825044156,0.0574712643678161,0.0625,-2.70805020110221,,0.5,0,0.0111111111111111,0.0164835164835165,-4.08877351717264,FALSE,TRUE,TRUE,FALSE,0,371
"soul","i_m4",2,2,41,228,8,23,7,9,10,36,"a",1,0.833333333333333,1.6094379124341,0.179824561403509,0.181222707423581,-1.50808541817381,0.347826086956522,0.354166666666667,-0.60077386042893,0.777777777777778,0.75,1.09861228866811,0.277777777777778,0.283783783783784,-0.925769475828699,TRUE,TRUE,TRUE,TRUE,2,253
"stone","i_m4",0,0,9,61,20,42,0,1,0,42,"c",,0.5,0,0.147540983606557,0.153225806451613,-1.70952137099108,0.476190476190476,0.476744186046512,-0.093090423066012,0,0.25,-1.09861228866811,0,0.0116279069767442,-4.44265125649032,FALSE,TRUE,TRUE,FALSE,0,103
"substance","i_m4",0,0,0,11,1,9,0,1,0,9,"s",,0.5,0,0,0.0416666666666667,-3.13549421592915,0.111111111111111,0.15,-1.73460105538811,0,0.25,-1.09861228866811,0,0.05,-2.94443897916644,FALSE,TRUE,TRUE,FALSE,0,20
"tree","i_m4",0,0,5,32,11,21,0,0,2,26,"c",,0.5,0,0.15625,0.166666666666667,-1.6094379124341,0.523809523809524,0.522727272727273,0.0909717782057266,,0.5,0,0.0769230769230769,0.0925925925925926,-2.28238238567653,FALSE,TRUE,TRUE,FALSE,0,53
"venom","i_m4",0,0,0,6,0,0,0,0,0,0,"s",,0.5,0,0,0.0714285714285714,-2.56494935746154,,0.5,0,,0.5,0,,0.5,0,FALSE,TRUE,FALSE,FALSE,0,6
"virtue","i_m4",0,0,20,66,0,12,8,10,3,16,"a",,0.5,0,0.303030303030303,0.305970149253731,-0.819027426448948,0,0.0384615384615385,-3.2188758248682,0.8,0.772727272727273,1.22377543162212,0.1875,0.205882352941176,-1.34992671694902,FALSE,TRUE,TRUE,FALSE,0,78
"water","i_m4",1,1,5,126,7,48,1,7,1,53,"s",1,0.75,1.09861228866811,0.0396825396825397,0.0433070866141732,-3.09516617054218,0.145833333333333,0.153061224489796,-1.71079040669439,0.142857142857143,0.1875,-1.46633706879343,0.0188679245283019,0.0277777777777778,-3.55534806148941,TRUE,TRUE,TRUE,TRUE,1,175
"wet","i_m4",0,0,0,25,0,1,0,0,0,1,"s",,0.5,0,0,0.0192307692307692,-3.93182563272433,0,0.25,-1.09861228866811,,0.5,0,0,0.25,-1.09861228866811,FALSE,TRUE,TRUE,FALSE,0,26
"wife","i_m4",0,0,12,140,8,26,1,3,2,28,"c",,0.5,0,0.0857142857142857,0.0886524822695035,-2.33020026002702,0.307692307692308,0.314814814814815,-0.777704568588008,0.333333333333333,0.375,-0.510825623765991,0.0714285714285714,0.0862068965517241,-2.36085400111802,FALSE,TRUE,TRUE,FALSE,0,166
"wisdom","i_m4",0,0,0,62,2,5,0,0,0,11,"a",,0.5,0,0,0.00793650793650794,-4.8283137373023,0.4,0.416666666666667,-0.336472236621213,,0.5,0,0,0.0416666666666667,-3.13549421592915,FALSE,TRUE,TRUE,FALSE,0,67
"wood","i_m4",0,0,5,32,10,18,1,1,2,21,"s",,0.5,0,0.15625,0.166666666666667,-1.6094379124341,0.555555555555556,0.552631578947368,0.211309093667207,1,0.75,1.09861228866811,0.0952380952380952,0.113636363636364,-2.05412373369555,FALSE,TRUE,TRUE,FALSE,0,50
"work","i_m4",2,2,31,54,2,10,7,7,6,21,"a",1,0.833333333333333,1.6094379124341,0.574074074074074,0.572727272727273,0.292987124681474,0.2,0.227272727272727,-1.22377543162212,1,0.9375,2.70805020110221,0.285714285714286,0.295454545454545,-0.869037847023609,TRUE,TRUE,TRUE,TRUE,2,66
"year","i_m4",25,25,64,1038,24,310,31,44,5,586,"a",1,0.980769230769231,3.93182563272432,0.0616570327552987,0.0620789220404235,-2.71525929514589,0.0774193548387097,0.0787781350482315,-2.45906541860411,0.704545454545455,0.7,0.847297860387203,0.00853242320819113,0.00936967632027257,-4.66086287972029,TRUE,TRUE,TRUE,TRUE,25,1373
"ale","j_l1",0,0,0,22,2,6,0,2,0,6,"s",,0.5,0,0,0.0217391304347826,-3.80666248977032,0.333333333333333,0.357142857142857,-0.587786664902119,0,0.166666666666667,-1.6094379124341,0,0.0714285714285714,-2.56494935746154,FALSE,TRUE,TRUE,FALSE,0,28
"bishop","j_l1",0,0,25,71,3,29,3,3,20,50,"c",,0.5,0,0.352112676056338,0.354166666666667,-0.60077386042893,0.103448275862069,0.116666666666667,-2.02438176449681,1,0.875,1.94591014905531,0.4,0.401960784313726,-0.397301797469003,FALSE,TRUE,TRUE,FALSE,0,100
"blood","j_l1",0,0,1,185,2,97,0,2,0,97,"s",,0.5,0,0.00540540540540541,0.00806451612903226,-4.81218435537242,0.0206185567010309,0.0255102040816327,-3.64283551561253,0,0.166666666666667,-1.6094379124341,0,0.00510204081632653,-5.27299955856375,FALSE,TRUE,TRUE,FALSE,0,282
"book","j_l1",1,1,94,228,29,67,14,29,23,114,"c",1,0.75,1.09861228866811,0.412280701754386,0.412663755458515,-0.352964364542197,0.432835820895522,0.433823529411765,-0.266267977947964,0.482758620689655,0.483333333333333,-0.066691374498672,0.201754385964912,0.204347826086957,-1.35933855113136,TRUE,TRUE,TRUE,TRUE,1,296
"brother","j_l1",2,2,36,183,9,10,1,3,7,17,"c",1,0.833333333333333,1.6094379124341,0.19672131147541,0.198369565217391,-1.39651591519143,0.9,0.863636363636364,1.84582669049833,0.333333333333333,0.375,-0.510825623765991,0.411764705882353,0.416666666666667,-0.336472236621213,TRUE,TRUE,TRUE,TRUE,2,195
"butter","j_l1",0,0,0,12,0,0,0,1,0,0,"s",,0.5,0,0,0.0384615384615385,-3.2188758248682,,0.5,0,0,0.25,-1.09861228866811,,0.5,0,FALSE,TRUE,FALSE,FALSE,0,12
"castle","j_l1",0,0,1,16,3,14,0,0,1,16,"c",,0.5,0,0.0625,0.0882352941176471,-2.33537491581704,0.214285714285714,0.233333333333333,-1.18958406687384,,0.5,0,0.0625,0.0882352941176471,-2.33537491581704,FALSE,TRUE,TRUE,FALSE,0,30
"cloth","j_l1",0,0,14,45,6,7,1,3,1,10,"s",,0.5,0,0.311111111111111,0.315217391304348,-0.775838896405058,0.857142857142857,0.8125,1.46633706879343,0.333333333333333,0.375,-0.510825623765991,0.1,0.136363636363636,-1.84582669049833,FALSE,TRUE,TRUE,FALSE,0,52
"country","j_l1",0,0,33,284,22,101,7,14,16,144,"c",,0.5,0,0.116197183098592,0.117543859649123,-2.01589755070877,0.217821782178218,0.220588235294118,-1.26224171244991,0.5,0.5,0,0.111111111111111,0.113793103448276,-2.05256852342874,FALSE,TRUE,TRUE,FALSE,0,385
"craft","j_l1",0,0,0,3,1,3,0,0,0,3,"a",,0.5,0,0,0.125,-1.94591014905531,0.333333333333333,0.375,-0.510825623765991,,0.5,0,0,0.125,-1.94591014905531,FALSE,TRUE,TRUE,FALSE,0,6
"creature","j_l1",0,0,60,135,26,47,10,18,19,81,"c",,0.5,0,0.444444444444444,0.444852941176471,-0.221489291218183,0.553191489361702,0.552083333333333,0.20909179785856,0.555555555555556,0.552631578947368,0.211309093667207,0.234567901234568,0.23780487804878,-1.16475209117265,FALSE,TRUE,TRUE,FALSE,0,182
"daughter","j_l1",0,0,19,126,14,35,0,0,3,39,"c",,0.5,0,0.150793650793651,0.153543307086614,-1.70707638199802,0.4,0.402777777777778,-0.393904285707088,,0.5,0,0.0769230769230769,0.0875,-2.34454929209308,FALSE,TRUE,TRUE,FALSE,0,161
"day","j_l1",4,4,308,946,62,355,44,114,67,555,"a",1,0.9,2.19722457733622,0.325581395348837,0.325765575501584,-0.727399832127151,0.174647887323944,0.175561797752809,-1.5467110825258,0.385964912280702,0.38695652173913,-0.460123520646029,0.120720720720721,0.121402877697842,-1.97921187360435,TRUE,TRUE,TRUE,TRUE,4,1305
"death","j_l1",0,0,3,183,1,43,0,0,0,44,"a",,0.5,0,0.0163934426229508,0.0190217391304348,-3.94296780927757,0.0232558139534884,0.0340909090909091,-3.34403896782221,,0.5,0,0,0.0111111111111111,-4.48863636973214,FALSE,TRUE,TRUE,FALSE,0,226
"devil","j_l1",0,0,9,14,2,3,0,0,1,5,"c",,0.5,0,0.642857142857143,0.633333333333333,0.54654370636807,0.666666666666667,0.625,0.510825623765991,,0.5,0,0.2,0.25,-1.09861228866811,FALSE,TRUE,TRUE,FALSE,0,17
"dust","j_l1",0,0,0,15,1,4,0,0,0,4,"s",,0.5,0,0,0.03125,-3.43398720448515,0.25,0.3,-0.847297860387204,,0.5,0,0,0.1,-2.19722457733622,FALSE,TRUE,TRUE,FALSE,0,19
"earth","j_l1",0,0,1,204,1,146,0,2,1,151,"s",,0.5,0,0.00490196078431373,0.00731707317073171,-4.91020089677449,0.00684931506849315,0.0102040816326531,-4.57471097850338,0,0.166666666666667,-1.6094379124341,0.00662251655629139,0.00986842105263158,-4.60849797608077,FALSE,TRUE,TRUE,FALSE,0,350
"emperor","j_l1",0,0,3,24,0,19,0,0,2,21,"c",,0.5,0,0.125,0.14,-1.81528996663825,0,0.025,-3.66356164612965,,0.5,0,0.0952380952380952,0.113636363636364,-2.05412373369555,FALSE,TRUE,TRUE,FALSE,0,43
"enemy","j_l1",1,1,86,306,16,212,4,6,9,222,"c",1,0.75,1.09861228866811,0.281045751633987,0.281758957654723,-0.935753280949067,0.0754716981132075,0.0774647887323944,-2.47730205040278,0.666666666666667,0.642857142857143,0.587786664902119,0.0405405405405405,0.0426008968609865,-3.11234503406218,TRUE,TRUE,TRUE,TRUE,1,519
"evil","j_l1",2,2,14,63,5,13,4,9,5,26,"a",1,0.833333333333333,1.6094379124341,0.222222222222222,0.2265625,-1.22782402014812,0.384615384615385,0.392857142857143,-0.435318071257846,0.444444444444444,0.45,-0.200670695462151,0.192307692307692,0.203703703703704,-1.36330484289519,TRUE,TRUE,TRUE,TRUE,2,78
"eye","j_l1",0,0,185,262,10,44,1,4,31,75,"c",,0.5,0,0.706106870229008,0.70532319391635,0.872776945688188,0.227272727272727,0.233333333333333,-1.18958406687384,0.25,0.3,-0.847297860387204,0.413333333333333,0.414473684210526,-0.345501643340607,FALSE,TRUE,TRUE,FALSE,0,306
"father","j_l1",1,1,7,145,4,15,1,1,1,17,"c",1,0.75,1.09861228866811,0.0482758620689655,0.0513698630136986,-2.91596730508513,0.266666666666667,0.28125,-0.93826963859293,1,0.75,1.09861228866811,0.0588235294117647,0.0833333333333333,-2.39789527279837,TRUE,TRUE,TRUE,TRUE,1,161
"fish","j_l1",0,0,11,116,6,34,0,6,1,38,"c",,0.5,0,0.0948275862068965,0.0982905982905983,-2.21636391754692,0.176470588235294,0.185714285714286,-1.47810191037301,0,0.0714285714285714,-2.56494935746154,0.0263157894736842,0.0384615384615385,-3.2188758248682,FALSE,TRUE,TRUE,FALSE,0,150
"flesh","j_l1",0,0,0,83,9,58,0,0,0,58,"s",,0.5,0,0,0.00595238095238095,-5.11799381241676,0.155172413793103,0.161016949152542,-1.65068087096815,,0.5,0,0,0.00847457627118644,-4.76217393479776,FALSE,TRUE,TRUE,FALSE,0,141
"folk","j_l1",0,0,6,6,0,0,0,0,1,1,"c",,0.5,0,1,0.928571428571429,2.56494935746154,,0.5,0,,0.5,0,1,0.75,1.09861228866811,FALSE,TRUE,FALSE,FALSE,0,6
"fruit","j_l1",0,0,23,54,0,15,2,3,8,24,"s",,0.5,0,0.425925925925926,0.427272727272727,-0.292987124681474,0,0.03125,-3.43398720448515,0.666666666666667,0.625,0.510825623765991,0.333333333333333,0.34,-0.663294217410264,FALSE,TRUE,TRUE,FALSE,0,69
"fur","j_l1",0,0,1,4,0,2,0,1,0,2,"s",,0.5,0,0.25,0.3,-0.847297860387204,0,0.166666666666667,-1.6094379124341,0,0.25,-1.09861228866811,0,0.166666666666667,-1.6094379124341,FALSE,TRUE,TRUE,FALSE,0,6
"gold","j_l1",0,0,0,53,5,5,0,0,0,6,"s",,0.5,0,0,0.00925925925925926,-4.67282883446191,1,0.916666666666667,2.39789527279837,,0.5,0,0,0.0714285714285714,-2.56494935746154,FALSE,TRUE,TRUE,FALSE,0,58
"grace","j_l1",0,0,5,76,4,14,0,2,2,18,"a",,0.5,0,0.0657894736842105,0.0714285714285714,-2.56494935746154,0.285714285714286,0.3,-0.847297860387204,0,0.166666666666667,-1.6094379124341,0.111111111111111,0.131578947368421,-1.88706964903238,FALSE,TRUE,TRUE,FALSE,0,90
"hand","j_l1",0,0,162,370,9,61,4,12,44,106,"c",,0.5,0,0.437837837837838,0.438005390835579,-0.249261039469064,0.147540983606557,0.153225806451613,-1.70952137099108,0.333333333333333,0.346153846153846,-0.635988766719997,0.415094339622642,0.41588785046729,-0.339677367570161,FALSE,TRUE,TRUE,FALSE,0,431
"heart","j_l1",1,1,40,234,14,47,2,22,10,58,"c",1,0.75,1.09861228866811,0.170940170940171,0.172340425531915,-1.56913018894601,0.297872340425532,0.302083333333333,-0.837396789404492,0.0909090909090909,0.108695652173913,-2.10413415427021,0.172413793103448,0.177966101694915,-1.53018854077996,TRUE,TRUE,TRUE,TRUE,1,282
"heaven","j_l1",0,0,27,28,0,0,0,0,26,26,"a",,0.5,0,0.964285714285714,0.948275862068966,2.90872089656436,,0.5,0,,0.5,0,1,0.981481481481482,3.97029191355212,FALSE,TRUE,FALSE,FALSE,0,28
"honey","j_l1",0,0,0,27,0,9,0,4,0,9,"s",,0.5,0,0,0.0178571428571429,-4.00733318523247,0,0.05,-2.94443897916644,0,0.1,-2.19722457733622,0,0.05,-2.94443897916644,FALSE,TRUE,TRUE,FALSE,0,36
"horse","j_l1",3,3,120,287,52,111,12,18,17,129,"c",1,0.875,1.94591014905531,0.418118466898955,0.418402777777778,-0.329333598334411,0.468468468468468,0.46875,-0.125163142954006,0.666666666666667,0.657894736842105,0.653926467406664,0.131782945736434,0.134615384615385,-1.86075234071501,TRUE,TRUE,TRUE,TRUE,3,401
"house","j_l1",2,2,96,459,32,174,26,31,29,211,"c",1,0.833333333333333,1.6094379124341,0.209150326797386,0.209782608695652,-1.32623628862863,0.183908045977011,0.185714285714286,-1.47810191037301,0.838709677419355,0.828125,1.57239664075375,0.137440758293839,0.139150943396226,-1.82235990967677,TRUE,TRUE,TRUE,TRUE,2,635
"charity","j_l1",0,0,1,21,1,2,0,1,0,3,"a",,0.5,0,0.0476190476190476,0.0681818181818182,-2.6149597780362,0.5,0.5,0,0,0.25,-1.09861228866811,0,0.125,-1.94591014905531,FALSE,TRUE,TRUE,FALSE,0,23
"king","j_l1",0,0,20,400,19,308,3,3,8,320,"c",,0.5,0,0.05,0.0511221945137157,-2.92106129115738,0.0616883116883117,0.0631067961165049,-2.69774083144335,1,0.875,1.94591014905531,0.025,0.0264797507788162,-3.60453830568019,FALSE,TRUE,TRUE,FALSE,0,708
"land","j_l1",0,0,51,222,4,74,7,12,11,87,"a",,0.5,0,0.22972972972973,0.230941704035874,-1.2030014589363,0.0540540540540541,0.06,-2.75153531304195,0.583333333333333,0.576923076923077,0.310154928303839,0.126436781609195,0.130681818181818,-1.89494370546329,FALSE,TRUE,TRUE,FALSE,0,296
"loaf","j_l1",0,0,0,5,5,5,0,1,0,5,"s",,0.5,0,0,0.0833333333333333,-2.39789527279837,1,0.916666666666667,2.39789527279837,0,0.25,-1.09861228866811,0,0.0833333333333333,-2.39789527279837,FALSE,TRUE,TRUE,FALSE,0,10
"love","j_l1",0,0,2,220,5,52,0,1,0,57,"a",,0.5,0,0.00909090909090909,0.0113122171945701,-4.47049528266149,0.0961538461538462,0.10377358490566,-2.15598161880217,0,0.25,-1.09861228866811,0,0.00862068965517241,-4.74493212836325,FALSE,TRUE,TRUE,FALSE,0,272
"man","j_l1",8,8,648,1401,340,492,77,203,135,655,"c",1,0.944444444444444,2.83321334405622,0.462526766595289,0.462553495007133,-0.150067014310052,0.691056910569106,0.690669371196755,0.803250529542101,0.379310344827586,0.379901960784314,-0.489964371808274,0.206106870229008,0.20655487804878,-1.34581824773527,TRUE,TRUE,TRUE,TRUE,8,1901
"manner","j_l1",0,0,26,459,145,278,0,41,5,322,"a",,0.5,0,0.0566448801742919,0.0576086956521739,-2.79474706322842,0.52158273381295,0.521505376344086,0.086074608771243,0,0.0119047619047619,-4.4188406077966,0.015527950310559,0.0170278637770898,-4.05572972609432,FALSE,TRUE,TRUE,FALSE,0,737
"matter","j_l1",0,0,69,319,25,143,7,26,13,200,"s",,0.5,0,0.216300940438871,0.2171875,-1.28213216795417,0.174825174825175,0.177083333333333,-1.53623450841081,0.269230769230769,0.277777777777778,-0.955511445027436,0.065,0.0671641791044776,-2.63108915996608,FALSE,TRUE,TRUE,FALSE,0,462
"meat","j_l1",0,0,5,44,0,14,0,2,1,15,"s",,0.5,0,0.113636363636364,0.122222222222222,-1.97155257966865,0,0.0333333333333333,-3.36729582998647,0,0.166666666666667,-1.6094379124341,0.0666666666666667,0.09375,-2.26868354131836,FALSE,TRUE,TRUE,FALSE,0,58
"mercy","j_l1",1,1,8,46,0,2,1,3,5,7,"a",1,0.75,1.09861228866811,0.173913043478261,0.180851063829787,-1.51059207779747,0,0.166666666666667,-1.6094379124341,0.333333333333333,0.375,-0.510825623765991,0.714285714285714,0.6875,0.78845736036427,TRUE,TRUE,TRUE,TRUE,1,49
"might","j_l1",0,0,0,6,1,1,0,4,0,1,"a",,0.5,0,0,0.0714285714285714,-2.56494935746154,1,0.75,1.09861228866811,0,0.1,-2.19722457733622,0,0.25,-1.09861228866811,FALSE,TRUE,TRUE,FALSE,0,7
"milk","j_l1",0,0,0,41,1,10,0,3,0,10,"s",,0.5,0,0,0.0119047619047619,-4.4188406077966,0.1,0.136363636363636,-1.84582669049833,0,0.125,-1.94591014905531,0,0.0454545454545455,-3.04452243772342,FALSE,TRUE,TRUE,FALSE,0,51
"mood","j_l1",0,0,3,4,0,1,1,1,2,3,"a",,0.5,0,0.75,0.7,0.847297860387203,0,0.25,-1.09861228866811,1,0.75,1.09861228866811,0.666666666666667,0.625,0.510825623765991,FALSE,TRUE,TRUE,FALSE,0,5
"name","j_l1",0,0,64,342,8,124,4,8,23,161,"a",,0.5,0,0.187134502923977,0.188046647230321,-1.46275283556561,0.0645161290322581,0.068,-2.61782510950948,0.5,0.5,0,0.142857142857143,0.145061728395062,-1.77386990447728,FALSE,TRUE,TRUE,FALSE,0,466
"night","j_l1",0,0,17,245,17,81,1,30,7,110,"a",,0.5,0,0.0693877551020408,0.0711382113821138,-2.56933532940479,0.209876543209877,0.213414634146341,-1.30446434287226,0.0333333333333333,0.0483870967741935,-2.97892515523761,0.0636363636363636,0.0675675675675676,-2.62466859216316,FALSE,TRUE,TRUE,FALSE,0,326
"oil","j_l1",0,0,2,28,1,2,0,7,2,4,"s",,0.5,0,0.0714285714285714,0.0862068965517241,-2.36085400111802,0.5,0.5,0,0,0.0625,-2.70805020110221,0.5,0.5,0,FALSE,TRUE,TRUE,FALSE,0,30
"right","j_l1",0,0,15,84,20,33,2,6,9,45,"a",,0.5,0,0.178571428571429,0.182352941176471,-1.50048672864555,0.606060606060606,0.602941176470588,0.417735200699979,0.333333333333333,0.357142857142857,-0.587786664902119,0.2,0.206521739130435,-1.34602046198195,FALSE,TRUE,TRUE,FALSE,0,117
"salt","j_l1",0,0,7,69,1,8,1,2,3,11,"s",,0.5,0,0.101449275362319,0.107142857142857,-2.12026353620009,0.125,0.166666666666667,-1.6094379124341,0.5,0.5,0,0.272727272727273,0.291666666666667,-0.887303195000903,FALSE,TRUE,TRUE,FALSE,0,77
"seed","j_l1",0,0,4,10,2,5,1,1,3,9,"s",,0.5,0,0.4,0.409090909090909,-0.367724780125317,0.4,0.416666666666667,-0.336472236621213,1,0.75,1.09861228866811,0.333333333333333,0.35,-0.619039208406224,FALSE,TRUE,TRUE,FALSE,0,15
"ship","j_l1",1,1,254,553,51,201,20,34,88,301,"c",1,0.75,1.09861228866811,0.459312839059675,0.459386281588448,-0.162813581564927,0.253731343283582,0.254950495049505,-1.07238127651924,0.588235294117647,0.585714285714286,0.346276236717834,0.292358803986711,0.293046357615894,-0.880634280654795,TRUE,TRUE,TRUE,TRUE,1,755
"silver","j_l1",0,0,0,29,7,9,0,0,0,9,"s",,0.5,0,0,0.0166666666666667,-4.07753744390572,0.777777777777778,0.75,1.09861228866811,,0.5,0,0,0.05,-2.94443897916644,FALSE,TRUE,TRUE,FALSE,0,38
"sin","j_l1",3,3,27,79,8,17,7,9,7,28,"a",1,0.875,1.94591014905531,0.341772151898734,0.34375,-0.646627164925052,0.470588235294118,0.472222222222222,-0.111225635110224,0.777777777777778,0.75,1.09861228866811,0.25,0.258620689655172,-1.05314991459135,TRUE,TRUE,TRUE,TRUE,3,99
"son","j_l1",0,0,24,177,20,42,0,0,3,45,"c",,0.5,0,0.135593220338983,0.137640449438202,-1.83502744947657,0.476190476190476,0.476744186046512,-0.093090423066012,,0.5,0,0.0666666666666667,0.0760869565217391,-2.496741107435,FALSE,TRUE,TRUE,FALSE,0,219
"soul","j_l1",2,2,25,85,1,7,3,10,5,12,"a",1,0.833333333333333,1.6094379124341,0.294117647058824,0.296511627906977,-0.863964912872415,0.142857142857143,0.1875,-1.46633706879343,0.3,0.318181818181818,-0.762140052046897,0.416666666666667,0.423076923076923,-0.310154928303839,TRUE,TRUE,TRUE,TRUE,2,94
"stone","j_l1",0,0,32,94,14,37,2,2,9,48,"c",,0.5,0,0.340425531914894,0.342105263157895,-0.653926467406664,0.378378378378378,0.381578947368421,-0.482851771723585,1,0.833333333333333,1.6094379124341,0.1875,0.193877551020408,-1.42500887330058,FALSE,TRUE,TRUE,FALSE,0,131
"substance","j_l1",0,0,5,35,5,14,2,3,0,14,"s",,0.5,0,0.142857142857143,0.152777777777778,-1.71297859137494,0.357142857142857,0.366666666666667,-0.54654370636807,0.666666666666667,0.625,0.510825623765991,0,0.0333333333333333,-3.36729582998647,FALSE,TRUE,TRUE,FALSE,0,49
"tree","j_l1",0,0,57,87,10,22,2,5,11,34,"c",,0.5,0,0.655172413793103,0.653409090909091,0.634058264189939,0.454545454545455,0.456521739130435,-0.174353387144778,0.4,0.416666666666667,-0.336472236621213,0.323529411764706,0.328571428571429,-0.714653385780909,FALSE,TRUE,TRUE,FALSE,0,109
"venom","j_l1",0,0,0,2,0,1,0,0,0,1,"s",,0.5,0,0,0.166666666666667,-1.6094379124341,0,0.25,-1.09861228866811,,0.5,0,0,0.25,-1.09861228866811,FALSE,TRUE,TRUE,FALSE,0,3
"virtue","j_l1",1,1,22,107,3,6,6,7,5,11,"a",1,0.75,1.09861228866811,0.205607476635514,0.208333333333333,-1.33500106673234,0.5,0.5,0,0.857142857142857,0.8125,1.46633706879343,0.454545454545455,0.458333333333333,-0.167054084663166,TRUE,TRUE,TRUE,TRUE,1,114
"water","j_l1",0,0,23,233,1,63,1,7,14,80,"s",,0.5,0,0.0987124463519313,0.10042735042735,-2.19248523197232,0.0158730158730159,0.0234375,-3.72970144863419,0.142857142857143,0.1875,-1.46633706879343,0.175,0.179012345679012,-1.52305329823528,FALSE,TRUE,TRUE,FALSE,0,296
"wife","j_l1",0,0,18,198,34,50,2,4,3,55,"c",,0.5,0,0.0909090909090909,0.092964824120603,-2.27796004568866,0.68,0.676470588235294,0.737598943130779,0.5,0.5,0,0.0545454545454545,0.0625,-2.70805020110221,FALSE,TRUE,TRUE,FALSE,0,248
"wisdom","j_l1",0,0,0,57,0,14,0,1,0,16,"a",,0.5,0,0,0.00862068965517241,-4.74493212836325,0,0.0333333333333333,-3.36729582998647,0,0.25,-1.09861228866811,0,0.0294117647058824,-3.49650756146648,FALSE,TRUE,TRUE,FALSE,0,71
"wood","j_l1",0,0,23,53,6,11,0,2,13,24,"s",,0.5,0,0.433962264150943,0.435185185185185,-0.260726262463253,0.545454545454545,0.541666666666667,0.167054084663166,0,0.166666666666667,-1.6094379124341,0.541666666666667,0.54,0.160342650075179,FALSE,TRUE,TRUE,FALSE,0,64
"work","j_l1",0,0,29,190,23,68,3,10,8,90,"a",,0.5,0,0.152631578947368,0.154450261780105,-1.70011487931694,0.338235294117647,0.340579710144928,-0.660711904806792,0.3,0.318181818181818,-0.762140052046897,0.0888888888888889,0.0934065934065934,-2.27273212984436,FALSE,TRUE,TRUE,FALSE,0,258
"year","j_l1",33,33,325,649,56,269,68,85,34,321,"a",1,0.985294117647059,4.20469261939097,0.500770416024653,0.500769230769231,0.0030769255044791,0.20817843866171,0.209259259259259,-1.32939619451628,0.8,0.796511627906977,1.36463286433871,0.105919003115265,0.107142857142857,-2.12026353620009,TRUE,TRUE,TRUE,TRUE,33,951
"ale","k_l2",0,0,0,4,1,1,0,0,0,1,"s",,0.5,0,0,0.1,-2.19722457733622,1,0.75,1.09861228866811,,0.5,0,0,0.25,-1.09861228866811,FALSE,TRUE,TRUE,FALSE,0,5
"bishop","k_l2",0,0,11,63,2,45,0,1,6,51,"c",,0.5,0,0.174603174603175,0.1796875,-1.51846613422837,0.0444444444444444,0.0543478260869565,-2.85647020622048,0,0.25,-1.09861228866811,0.117647058823529,0.125,-1.94591014905531,FALSE,TRUE,TRUE,FALSE,0,108
"bliss","k_l2",0,0,0,16,1,1,0,1,0,3,"a",,0.5,0,0,0.0294117647058824,-3.49650756146648,1,0.75,1.09861228866811,0,0.25,-1.09861228866811,0,0.125,-1.94591014905531,FALSE,TRUE,TRUE,FALSE,0,17
"blood","k_l2",0,0,0,86,0,17,0,1,0,17,"s",,0.5,0,0,0.00574712643678161,-5.15329159449778,0,0.0277777777777778,-3.55534806148941,0,0.25,-1.09861228866811,0,0.0277777777777778,-3.55534806148941,FALSE,TRUE,TRUE,FALSE,0,103
"book","k_l2",1,1,102,226,38,80,8,10,25,116,"c",1,0.75,1.09861228866811,0.451327433628319,0.451541850220264,-0.194442917326299,0.475,0.475308641975309,-0.0988458346366326,0.8,0.772727272727273,1.22377543162212,0.21551724137931,0.217948717948718,-1.27766052011709,TRUE,TRUE,TRUE,TRUE,1,307
"brother","k_l2",0,0,103,201,6,14,6,7,26,41,"c",,0.5,0,0.512437810945274,0.512376237623762,0.0495150645273807,0.428571428571429,0.433333333333333,-0.268263986594679,0.857142857142857,0.8125,1.46633706879343,0.634146341463415,0.630952380952381,0.536304709066975,FALSE,TRUE,TRUE,FALSE,0,215
"butter","k_l2",0,0,0,8,0,1,0,1,0,1,"s",,0.5,0,0,0.0555555555555556,-2.83321334405622,0,0.25,-1.09861228866811,0,0.25,-1.09861228866811,0,0.25,-1.09861228866811,FALSE,TRUE,TRUE,FALSE,0,9
"castle","k_l2",0,0,2,39,2,34,0,0,1,36,"c",,0.5,0,0.0512820512820513,0.0625,-2.70805020110221,0.0588235294117647,0.0714285714285714,-2.56494935746154,,0.5,0,0.0277777777777778,0.0405405405405405,-3.16406758837321,FALSE,TRUE,TRUE,FALSE,0,73
"cloth","k_l2",0,0,3,18,1,3,0,1,0,3,"s",,0.5,0,0.166666666666667,0.184210526315789,-1.48807705542983,0.333333333333333,0.375,-0.510825623765991,0,0.25,-1.09861228866811,0,0.125,-1.94591014905531,FALSE,TRUE,TRUE,FALSE,0,21
"country","k_l2",2,2,35,541,47,302,5,26,10,371,"c",1,0.833333333333333,1.6094379124341,0.0646950092421442,0.0654981549815498,-2.65799162720737,0.155629139072848,0.156765676567657,-1.68249269860316,0.192307692307692,0.203703703703704,-1.36330484289519,0.0269541778975741,0.0282258064516129,-3.53888678443534,TRUE,TRUE,TRUE,TRUE,2,845
"craft","k_l2",0,0,0,3,0,2,0,0,0,2,"a",,0.5,0,0,0.125,-1.94591014905531,0,0.166666666666667,-1.6094379124341,,0.5,0,0,0.166666666666667,-1.6094379124341,FALSE,TRUE,TRUE,FALSE,0,5
"creature","k_l2",0,0,34,82,21,26,5,17,5,32,"c",,0.5,0,0.414634146341463,0.41566265060241,-0.340604473906123,0.807692307692308,0.796296296296296,1.36330484289519,0.294117647058824,0.305555555555556,-0.82098055206983,0.15625,0.166666666666667,-1.6094379124341,FALSE,TRUE,TRUE,FALSE,0,108
"daughter","k_l2",0,0,51,132,6,11,1,2,2,13,"c",,0.5,0,0.386363636363636,0.387218045112782,-0.459021212577126,0.545454545454545,0.541666666666667,0.167054084663166,0.5,0.5,0,0.153846153846154,0.178571428571429,-1.52605630349505,FALSE,TRUE,TRUE,FALSE,0,143
"day","k_l2",14,14,255,1050,85,431,57,130,68,663,"a",1,0.966666666666667,3.36729582998647,0.242857142857143,0.243101807802093,-1.13574843813408,0.197215777262181,0.197916666666667,-1.39936644268724,0.438461538461538,0.438931297709924,-0.245500458415486,0.102564102564103,0.10316265060241,-2.16256764352718,TRUE,TRUE,TRUE,TRUE,14,1495
"death","k_l2",0,0,1,223,8,45,0,1,0,46,"a",,0.5,0,0.00448430493273543,0.00669642857142857,-4.99946199349813,0.177777777777778,0.184782608695652,-1.48427476948009,0,0.25,-1.09861228866811,0,0.0106382978723404,-4.53259949315326,FALSE,TRUE,TRUE,FALSE,0,268
"devil","k_l2",0,0,3,16,10,13,0,0,1,14,"c",,0.5,0,0.1875,0.205882352941176,-1.34992671694902,0.769230769230769,0.75,1.09861228866811,,0.5,0,0.0714285714285714,0.1,-2.19722457733622,FALSE,TRUE,TRUE,FALSE,0,29
"doom","k_l2",0,0,0,2,0,0,0,0,0,0,"a",,0.5,0,0,0.166666666666667,-1.6094379124341,,0.5,0,,0.5,0,,0.5,0,FALSE,TRUE,FALSE,FALSE,0,2
"dust","k_l2",0,0,0,13,0,5,0,1,0,5,"s",,0.5,0,0,0.0357142857142857,-3.29583686600433,0,0.0833333333333333,-2.39789527279837,0,0.25,-1.09861228866811,0,0.0833333333333333,-2.39789527279837,FALSE,TRUE,TRUE,FALSE,0,18
"earth","k_l2",0,0,0,257,2,175,0,1,0,177,"s",,0.5,0,0,0.00193798449612403,-6.24416690066374,0.0114285714285714,0.0142045454545455,-4.23988686751276,0,0.25,-1.09861228866811,0,0.00280898876404494,-5.87211778947542,FALSE,TRUE,TRUE,FALSE,0,432
"emperor","k_l2",0,0,15,56,2,37,0,0,15,53,"c",,0.5,0,0.267857142857143,0.271929824561404,-0.984853403311452,0.0540540540540541,0.0657894736842105,-2.65324196460722,,0.5,0,0.283018867924528,0.287037037037037,-0.909818217368538,FALSE,TRUE,TRUE,FALSE,0,93
"enemy","k_l2",0,0,76,135,22,46,3,4,9,57,"c",,0.5,0,0.562962962962963,0.5625,0.251314428280906,0.478260869565217,0.478723404255319,-0.0851578083403066,0.75,0.7,0.847297860387203,0.157894736842105,0.163793103448276,-1.63027199933694,FALSE,TRUE,TRUE,FALSE,0,181
"evil","k_l2",1,1,25,107,5,19,2,10,13,33,"a",1,0.75,1.09861228866811,0.233644859813084,0.236111111111111,-1.17411984117625,0.263157894736842,0.275,-0.969400557188103,0.2,0.227272727272727,-1.22377543162212,0.393939393939394,0.397058823529412,-0.417735200699979,TRUE,TRUE,TRUE,TRUE,1,127
"eye","k_l2",0,0,165,234,18,45,2,3,31,79,"c",,0.5,0,0.705128205128205,0.704255319148936,0.867644442246371,0.4,0.402173913043478,-0.396415272588246,0.666666666666667,0.625,0.510825623765991,0.392405063291139,0.39375,-0.43157625211185,FALSE,TRUE,TRUE,FALSE,0,279
"father","k_l2",0,0,43,342,11,51,1,1,8,59,"c",,0.5,0,0.125730994152047,0.126822157434402,-1.92935347946087,0.215686274509804,0.221153846153846,-1.25895493874329,1,0.75,1.09861228866811,0.135593220338983,0.141666666666667,-1.80151564417342,FALSE,TRUE,TRUE,FALSE,0,393
"fish","k_l2",0,0,14,93,8,26,0,8,6,35,"c",,0.5,0,0.150537634408602,0.154255319148936,-1.70160837223376,0.307692307692308,0.314814814814815,-0.777704568588008,0,0.0555555555555556,-2.83321334405622,0.171428571428571,0.180555555555556,-1.51258808644418,FALSE,TRUE,TRUE,FALSE,0,119
"flesh","k_l2",0,0,0,98,1,38,0,18,0,39,"s",,0.5,0,0,0.00505050505050505,-5.28320372873799,0.0263157894736842,0.0384615384615385,-3.2188758248682,0,0.0263157894736842,-3.61091791264422,0,0.0125,-4.36944785246702,FALSE,TRUE,TRUE,FALSE,0,136
"folk","k_l2",0,0,3,3,0,0,1,1,1,1,"c",,0.5,0,1,0.875,1.94591014905531,,0.5,0,1,0.75,1.09861228866811,1,0.75,1.09861228866811,FALSE,TRUE,FALSE,FALSE,0,3
"fruit","k_l2",0,5,69,255,2,48,3,17,33,85,"s",0,0.0833333333333333,-2.39789527279837,0.270588235294118,0.271484375,-0.987104486513124,0.0416666666666667,0.0510204081632653,-2.92316158071916,0.176470588235294,0.194444444444444,-1.42138568093116,0.388235294117647,0.38953488372093,-0.449267730766557,TRUE,TRUE,TRUE,TRUE,5,308
"fur","k_l2",0,0,0,6,0,0,0,0,0,0,"s",,0.5,0,0,0.0714285714285714,-2.56494935746154,,0.5,0,,0.5,0,,0.5,0,FALSE,TRUE,FALSE,FALSE,0,6
"gold","k_l2",0,0,0,40,0,7,0,2,0,7,"s",,0.5,0,0,0.0121951219512195,-4.39444915467244,0,0.0625,-2.70805020110221,0,0.166666666666667,-1.6094379124341,0,0.0625,-2.70805020110221,FALSE,TRUE,TRUE,FALSE,0,47
"grace","k_l2",0,0,9,116,2,37,0,1,8,51,"a",,0.5,0,0.0775862068965517,0.0811965811965812,-2.42619904896122,0.0540540540540541,0.0657894736842105,-2.65324196460722,0,0.25,-1.09861228866811,0.156862745098039,0.163461538461538,-1.63269477459837,FALSE,TRUE,TRUE,FALSE,0,153
"hand","k_l2",1,1,190,514,18,124,11,14,35,161,"c",1,0.75,1.09861228866811,0.369649805447471,0.369902912621359,-0.532633341577389,0.145161290322581,0.148,-1.7503742530652,0.785714285714286,0.766666666666667,1.18958406687384,0.217391304347826,0.219135802469136,-1.2707096116862,TRUE,TRUE,TRUE,TRUE,1,639
"heart","k_l2",0,0,44,325,20,86,0,13,9,96,"c",,0.5,0,0.135384615384615,0.136503067484663,-1.84464325840755,0.232558139534884,0.235632183908046,-1.17677706151745,0,0.0357142857142857,-3.29583686600433,0.09375,0.0979381443298969,-2.22034699475707,FALSE,TRUE,TRUE,FALSE,0,411
"heaven","k_l2",0,0,4,5,1,1,0,0,3,4,"a",,0.5,0,0.8,0.75,1.09861228866811,1,0.75,1.09861228866811,,0.5,0,0.75,0.7,0.847297860387203,FALSE,TRUE,TRUE,FALSE,0,6
"honey","k_l2",0,0,0,22,0,2,0,0,0,2,"s",,0.5,0,0,0.0217391304347826,-3.80666248977032,0,0.166666666666667,-1.6094379124341,,0.5,0,0,0.166666666666667,-1.6094379124341,FALSE,TRUE,TRUE,FALSE,0,24
"horse","k_l2",0,0,42,94,11,23,1,2,13,37,"c",,0.5,0,0.446808510638298,0.447368421052632,-0.211309093667207,0.478260869565217,0.479166666666667,-0.0833816089390509,0.5,0.5,0,0.351351351351351,0.355263157894737,-0.595983432106298,FALSE,TRUE,TRUE,FALSE,0,117
"hound","k_l2",0,0,3,3,0,0,0,0,0,0,"c",,0.5,0,1,0.875,1.94591014905531,,0.5,0,,0.5,0,,0.5,0,FALSE,TRUE,FALSE,FALSE,0,3
"house","k_l2",1,1,57,671,45,375,12,18,21,419,"c",1,0.75,1.09861228866811,0.0849478390461997,0.0855654761904762,-2.36902398120278,0.12,0.121010638297872,-1.98289433333484,0.666666666666667,0.657894736842105,0.653926467406664,0.0501193317422434,0.0511904761904762,-2.91965456309665,TRUE,TRUE,TRUE,TRUE,1,1047
"charity","k_l2",0,0,3,35,4,5,0,1,1,6,"a",,0.5,0,0.0857142857142857,0.0972222222222222,-2.22847712084032,0.8,0.75,1.09861228866811,0,0.25,-1.09861228866811,0.166666666666667,0.214285714285714,-1.29928298413026,FALSE,TRUE,TRUE,FALSE,0,40
"king","k_l2",0,0,47,308,20,184,0,2,20,206,"c",,0.5,0,0.152597402597403,0.153721682847896,-1.70570457246438,0.108695652173913,0.110810810810811,-2.08248568406106,0,0.166666666666667,-1.6094379124341,0.0970873786407767,0.0990338164251208,-2.20800635293951,FALSE,TRUE,TRUE,FALSE,0,492
"land","k_l2",0,0,19,123,2,46,0,3,8,54,"a",,0.5,0,0.154471544715447,0.157258064516129,-1.67877260583516,0.0434782608695652,0.0531914893617021,-2.87919845729804,0,0.125,-1.94591014905531,0.148148148148148,0.154545454545455,-1.69938614909704,FALSE,TRUE,TRUE,FALSE,0,169
"loaf","k_l2",0,0,4,5,1,1,0,0,4,5,"s",,0.5,0,0.8,0.75,1.09861228866811,1,0.75,1.09861228866811,,0.5,0,0.8,0.75,1.09861228866811,FALSE,TRUE,TRUE,FALSE,0,6
"love","k_l2",0,0,1,200,11,33,0,1,0,64,"a",,0.5,0,0.005,0.00746268656716418,-4.89034912822175,0.333333333333333,0.338235294117647,-0.67116827384117,0,0.25,-1.09861228866811,0,0.00769230769230769,-4.85981240436167,FALSE,TRUE,TRUE,FALSE,0,233
"man","k_l2",5,5,551,1625,468,646,56,229,97,845,"c",1,0.916666666666667,2.39789527279837,0.339076923076923,0.339175891758918,-0.666968877389008,0.724458204334365,0.724111282843895,0.964947500458783,0.244541484716157,0.245652173913043,-1.12193696123452,0.114792899408284,0.115248226950355,-2.03821882585588,TRUE,TRUE,TRUE,TRUE,5,2276
"manner","k_l2",0,0,89,465,65,217,0,20,18,276,"a",,0.5,0,0.191397849462366,0.19206008583691,-1.43667942195914,0.299539170506912,0.30045871559633,-0.84511445340626,0,0.0238095238095238,-3.71357206670431,0.0652173913043478,0.0667870036101083,-2.6371249618642,FALSE,TRUE,TRUE,FALSE,0,682
"matter","k_l2",0,0,38,175,25,85,3,17,10,113,"s",,0.5,0,0.217142857142857,0.21875,-1.27296567581289,0.294117647058824,0.296511627906977,-0.863964912872415,0.176470588235294,0.194444444444444,-1.42138568093116,0.0884955752212389,0.0921052631578947,-2.28819635554195,FALSE,TRUE,TRUE,FALSE,0,260
"meat","k_l2",0,0,2,13,1,3,0,1,1,4,"s",,0.5,0,0.153846153846154,0.178571428571429,-1.52605630349505,0.333333333333333,0.375,-0.510825623765991,0,0.25,-1.09861228866811,0.25,0.3,-0.847297860387204,FALSE,TRUE,TRUE,FALSE,0,16
"mercy","k_l2",0,0,8,47,0,8,0,0,1,10,"a",,0.5,0,0.170212765957447,0.177083333333333,-1.53623450841081,0,0.0555555555555556,-2.83321334405622,,0.5,0,0.1,0.136363636363636,-1.84582669049833,FALSE,TRUE,TRUE,FALSE,0,55
"might","k_l2",0,0,0,4,0,1,0,3,0,1,"a",,0.5,0,0,0.1,-2.19722457733622,0,0.25,-1.09861228866811,0,0.125,-1.94591014905531,0,0.25,-1.09861228866811,FALSE,TRUE,TRUE,FALSE,0,5
"milk","k_l2",0,0,0,14,0,0,0,0,0,0,"s",,0.5,0,0,0.0333333333333333,-3.36729582998647,,0.5,0,,0.5,0,,0.5,0,FALSE,TRUE,FALSE,FALSE,0,14
"mood","k_l2",0,0,0,3,2,2,0,0,0,2,"a",,0.5,0,0,0.125,-1.94591014905531,1,0.833333333333333,1.6094379124341,,0.5,0,0,0.166666666666667,-1.6094379124341,FALSE,TRUE,TRUE,FALSE,0,5
"name","k_l2",0,0,52,446,12,156,0,10,20,188,"a",,0.5,0,0.116591928251121,0.11744966442953,-2.01680597068835,0.0769230769230769,0.0796178343949045,-2.44755086324423,0,0.0454545454545455,-3.04452243772342,0.106382978723404,0.108465608465608,-2.10651086364805,FALSE,TRUE,TRUE,FALSE,0,602
"night","k_l2",1,1,32,380,30,103,1,34,8,154,"a",1,0.75,1.09861228866811,0.0842105263157895,0.0853018372703412,-2.37239814086489,0.29126213592233,0.293269230769231,-0.879558722605425,0.0294117647058824,0.0428571428571429,-3.10608033072286,0.051948051948052,0.0548387096774194,-2.84695926496085,TRUE,TRUE,TRUE,TRUE,1,484
"oil","k_l2",0,0,2,37,0,12,0,0,0,12,"s",,0.5,0,0.0540540540540541,0.0657894736842105,-2.65324196460722,0,0.0384615384615385,-3.2188758248682,,0.5,0,0,0.0384615384615385,-3.2188758248682,FALSE,TRUE,TRUE,FALSE,0,49
"right","k_l2",0,0,41,113,20,39,4,16,23,64,"a",,0.5,0,0.36283185840708,0.364035087719298,-0.557893134623976,0.512820512820513,0.5125,0.0500104205746612,0.25,0.264705882352941,-1.02165124753198,0.359375,0.361538461538462,-0.568693006086539,FALSE,TRUE,TRUE,FALSE,0,152
"salt","k_l2",0,0,15,43,0,3,1,3,1,4,"s",,0.5,0,0.348837209302326,0.352272727272727,-0.609064063349404,0,0.125,-1.94591014905531,0.333333333333333,0.375,-0.510825623765991,0.25,0.3,-0.847297860387204,FALSE,TRUE,TRUE,FALSE,0,46
"seed","k_l2",1,1,46,91,0,10,4,4,19,29,"s",1,0.75,1.09861228866811,0.505494505494505,0.505434782608696,0.021739986636406,0,0.0454545454545455,-3.04452243772342,1,0.9,2.19722457733622,0.655172413793103,0.65,0.619039208406224,TRUE,TRUE,TRUE,TRUE,1,102
"ship","k_l2",1,1,75,250,14,97,12,40,21,127,"c",1,0.75,1.09861228866811,0.3,0.300796812749004,-0.843506386650941,0.144329896907216,0.147959183673469,-1.75069798243028,0.3,0.304878048780488,-0.824175442966349,0.165354330708661,0.16796875,-1.60009205001586,TRUE,TRUE,TRUE,TRUE,1,348
"silver","k_l2",0,0,0,35,1,8,0,1,0,8,"s",,0.5,0,0,0.0138888888888889,-4.26267987704132,0.125,0.166666666666667,-1.6094379124341,0,0.25,-1.09861228866811,0,0.0555555555555556,-2.83321334405622,FALSE,TRUE,TRUE,FALSE,0,43
"sin","k_l2",0,0,36,116,2,7,2,8,6,15,"a",,0.5,0,0.310344827586207,0.311965811965812,-0.790944923836072,0.285714285714286,0.3125,-0.78845736036427,0.25,0.277777777777778,-0.955511445027436,0.4,0.40625,-0.379489621704904,FALSE,TRUE,TRUE,FALSE,0,123
"son","k_l2",0,0,111,401,26,129,1,1,34,167,"c",,0.5,0,0.276807980049875,0.277363184079602,-0.957578985391793,0.201550387596899,0.203846153846154,-1.36242687971325,1,0.75,1.09861228866811,0.203592814371257,0.205357142857143,-1.35314215380299,FALSE,TRUE,TRUE,FALSE,0,530
"soul","k_l2",0,0,22,122,12,32,0,7,3,35,"a",,0.5,0,0.180327868852459,0.182926829268293,-1.49664241828876,0.375,0.378787878787879,-0.494696241836107,0,0.0625,-2.70805020110221,0.0857142857142857,0.0972222222222222,-2.22847712084032,FALSE,TRUE,TRUE,FALSE,0,154
"stone","k_l2",0,0,28,83,12,26,1,2,8,34,"c",,0.5,0,0.337349397590361,0.339285714285714,-0.666478933477784,0.461538461538462,0.462962962962963,-0.148420005118273,0.5,0.5,0,0.235294117647059,0.242857142857143,-1.13707856949591,FALSE,TRUE,TRUE,FALSE,0,109
"substance","k_l2",0,0,13,68,11,33,1,7,3,39,"s",,0.5,0,0.191176470588235,0.195652173913043,-1.41369333530801,0.333333333333333,0.338235294117647,-0.67116827384117,0.142857142857143,0.1875,-1.46633706879343,0.0769230769230769,0.0875,-2.34454929209308,FALSE,TRUE,TRUE,FALSE,0,101
"tree","k_l2",2,2,234,364,39,104,36,44,70,177,"c",1,0.833333333333333,1.6094379124341,0.642857142857143,0.642465753424658,0.586082361123586,0.375,0.376190476190476,-0.50574947073413,0.818181818181818,0.811111111111111,1.45724609709218,0.395480225988701,0.396067415730337,-0.421878137749494,TRUE,TRUE,TRUE,TRUE,2,470
"virtue","k_l2",1,1,46,178,3,13,2,10,15,30,"a",1,0.75,1.09861228866811,0.258426966292135,0.259776536312849,-1.04713033283297,0.230769230769231,0.25,-1.09861228866811,0.2,0.227272727272727,-1.22377543162212,0.5,0.5,0,TRUE,TRUE,TRUE,TRUE,1,192
"water","k_l2",0,3,20,352,3,97,0,11,15,117,"s",0,0.125,-1.94591014905531,0.0568181818181818,0.0580736543909348,-2.78621497395155,0.0309278350515464,0.0357142857142857,-3.29583686600433,0,0.0416666666666667,-3.13549421592915,0.128205128205128,0.13135593220339,-1.88902277465326,TRUE,TRUE,TRUE,TRUE,3,452
"wet","k_l2",0,0,0,5,0,0,0,0,0,0,"s",,0.5,0,0,0.0833333333333333,-2.39789527279837,,0.5,0,,0.5,0,,0.5,0,FALSE,TRUE,FALSE,FALSE,0,5
"wife","k_l2",0,0,27,219,26,37,0,0,3,40,"c",,0.5,0,0.123287671232877,0.125,-1.94591014905531,0.702702702702703,0.697368421052632,0.834797697622972,,0.5,0,0.075,0.0853658536585366,-2.371577964481,FALSE,TRUE,TRUE,FALSE,0,256
"wisdom","k_l2",0,0,0,73,0,24,0,1,0,25,"a",,0.5,0,0,0.00675675675675676,-4.99043258677874,0,0.02,-3.89182029811063,0,0.25,-1.09861228866811,0,0.0192307692307692,-3.93182563272433,FALSE,TRUE,TRUE,FALSE,0,97
"wood","k_l2",0,0,19,135,4,64,1,2,6,70,"s",,0.5,0,0.140740740740741,0.143382352941176,-1.78747680743605,0.0625,0.0692307692307692,-2.59856596826052,0.5,0.5,0,0.0857142857142857,0.0915492957746479,-2.29486304690014,FALSE,TRUE,TRUE,FALSE,0,199
"work","k_l2",3,3,105,250,18,64,12,22,46,127,"a",1,0.875,1.94591014905531,0.42,0.420318725099602,-0.321465133695426,0.28125,0.284615384615385,-0.921681580509032,0.545454545454545,0.543478260869565,0.174353387144778,0.362204724409449,0.36328125,-0.561150707653506,TRUE,TRUE,TRUE,TRUE,3,317
"year","k_l2",21,21,442,777,40,217,59,96,65,304,"a",1,0.977272727272727,3.76120011569356,0.568854568854569,0.568766066838046,0.276818508036248,0.184331797235023,0.185779816513761,-1.47766863480298,0.614583333333333,0.61340206185567,0.461635379575219,0.213815789473684,0.214754098360656,-1.29650327420976,TRUE,TRUE,TRUE,TRUE,21,1015
"ale","l_l3",0,0,0,4,0,1,0,0,0,1,"s",,0.5,0,0,0.1,-2.19722457733622,0,0.25,-1.09861228866811,,0.5,0,0,0.25,-1.09861228866811,FALSE,TRUE,TRUE,FALSE,0,5
"bishop","l_l3",0,0,20,39,3,15,0,1,13,28,"c",,0.5,0,0.512820512820513,0.5125,0.0500104205746612,0.2,0.21875,-1.27296567581289,0,0.25,-1.09861228866811,0.464285714285714,0.46551724137931,-0.138150338480817,FALSE,TRUE,TRUE,FALSE,0,54
"blood","l_l3",0,0,0,240,0,123,0,3,0,123,"s",,0.5,0,0,0.0020746887966805,-6.17586727010576,0,0.00403225806451613,-5.50938833662798,0,0.125,-1.94591014905531,0,0.00403225806451613,-5.50938833662798,FALSE,TRUE,TRUE,FALSE,0,363
"book","l_l3",0,0,79,181,30,73,3,5,21,100,"c",,0.5,0,0.43646408839779,0.436813186813187,-0.254105776918177,0.410958904109589,0.412162162162162,-0.355034254481272,0.6,0.583333333333333,0.336472236621213,0.21,0.212871287128713,-1.30770408652667,FALSE,TRUE,TRUE,FALSE,0,254
"brother","l_l3",0,0,36,133,6,12,1,1,5,18,"c",,0.5,0,0.270676691729323,0.272388059701493,-0.982540117415356,0.5,0.5,0,1,0.75,1.09861228866811,0.277777777777778,0.289473684210526,-0.897941593205958,FALSE,TRUE,TRUE,FALSE,0,145
"butter","l_l3",0,0,0,5,0,1,0,0,0,1,"s",,0.5,0,0,0.0833333333333333,-2.39789527279837,0,0.25,-1.09861228866811,,0.5,0,0,0.25,-1.09861228866811,FALSE,TRUE,TRUE,FALSE,0,6
"castle","l_l3",0,0,0,29,2,23,0,0,0,23,"c",,0.5,0,0,0.0166666666666667,-4.07753744390572,0.0869565217391304,0.104166666666667,-2.15176220325946,,0.5,0,0,0.0208333333333333,-3.85014760171006,FALSE,TRUE,TRUE,FALSE,0,52
"cloth","l_l3",0,0,2,23,6,12,0,0,1,14,"s",,0.5,0,0.0869565217391304,0.104166666666667,-2.15176220325946,0.5,0.5,0,,0.5,0,0.0714285714285714,0.1,-2.19722457733622,FALSE,TRUE,TRUE,FALSE,0,35
"country","l_l3",0,0,31,343,32,194,7,23,8,248,"c",,0.5,0,0.0903790087463557,0.0915697674418605,-2.29461692334487,0.164948453608247,0.166666666666667,-1.6094379124341,0.304347826086957,0.3125,-0.78845736036427,0.032258064516129,0.034136546184739,-3.34265392604954,FALSE,TRUE,TRUE,FALSE,0,537
"craft","l_l3",0,0,1,7,1,4,1,2,0,4,"a",,0.5,0,0.142857142857143,0.1875,-1.46633706879343,0.25,0.3,-0.847297860387204,0.5,0.5,0,0,0.1,-2.19722457733622,FALSE,TRUE,TRUE,FALSE,0,11
"creature","l_l3",0,0,14,41,13,19,1,1,5,29,"c",,0.5,0,0.341463414634146,0.345238095238095,-0.640037355245997,0.684210526315789,0.675,0.730887508542793,1,0.75,1.09861228866811,0.172413793103448,0.183333333333333,-1.49392502531226,FALSE,TRUE,TRUE,FALSE,0,60
"daughter","l_l3",0,0,8,60,10,17,0,0,0,17,"c",,0.5,0,0.133333333333333,0.139344262295082,-1.82074700610131,0.588235294117647,0.583333333333333,0.336472236621213,,0.5,0,0,0.0277777777777778,-3.55534806148941,FALSE,TRUE,TRUE,FALSE,0,77
"day","l_l3",6,7,234,953,66,338,24,113,68,541,"a",0.857142857142857,0.8125,1.46633706879343,0.245540398740818,0.2458071278826,-1.12110093844109,0.195266272189349,0.196165191740413,-1.41043666644149,0.212389380530973,0.214912280701754,-1.29556550773013,0.125693160813309,0.126383763837638,-1.93331816735795,TRUE,TRUE,TRUE,TRUE,7,1298
"death","l_l3",0,0,2,134,1,25,0,0,0,25,"a",,0.5,0,0.0149253731343284,0.0185185185185185,-3.97029191355212,0.04,0.0576923076923077,-2.79320800944252,,0.5,0,0,0.0192307692307692,-3.93182563272433,FALSE,TRUE,TRUE,FALSE,0,159
"devil","l_l3",0,0,5,19,5,11,1,1,2,15,"c",,0.5,0,0.263157894736842,0.275,-0.969400557188103,0.454545454545455,0.458333333333333,-0.167054084663166,1,0.75,1.09861228866811,0.133333333333333,0.15625,-1.68639895357023,FALSE,TRUE,TRUE,FALSE,0,30
"doom","l_l3",0,0,0,4,0,1,0,0,0,1,"a",,0.5,0,0,0.1,-2.19722457733622,0,0.25,-1.09861228866811,,0.5,0,0,0.25,-1.09861228866811,FALSE,TRUE,TRUE,FALSE,0,5
"dust","l_l3",0,0,0,41,3,19,0,0,0,19,"s",,0.5,0,0,0.0119047619047619,-4.4188406077966,0.157894736842105,0.175,-1.55059741241117,,0.5,0,0,0.025,-3.66356164612965,FALSE,TRUE,TRUE,FALSE,0,60
"earth","l_l3",0,0,4,155,0,105,0,2,3,112,"s",,0.5,0,0.0258064516129032,0.0288461538461538,-3.51650822817315,0,0.00471698113207547,-5.35185813347607,0,0.166666666666667,-1.6094379124341,0.0267857142857143,0.0309734513274336,-3.44316158076119,FALSE,TRUE,TRUE,FALSE,0,260
"emperor","l_l3",0,0,4,62,0,56,0,0,4,60,"c",,0.5,0,0.0645161290322581,0.0714285714285714,-2.56494935746154,0,0.0087719298245614,-4.72738781871234,,0.5,0,0.0666666666666667,0.0737704918032787,-2.53016324137612,FALSE,TRUE,TRUE,FALSE,0,118
"enemy","l_l3",0,0,33,123,18,74,1,1,2,76,"c",,0.5,0,0.268292682926829,0.270161290322581,-0.99380441187486,0.243243243243243,0.246666666666667,-1.11646990606812,1,0.75,1.09861228866811,0.0263157894736842,0.0324675324675325,-3.39450839351136,FALSE,TRUE,TRUE,FALSE,0,197
"evil","l_l3",0,1,20,90,6,35,0,10,11,49,"a",0,0.25,-1.09861228866811,0.222222222222222,0.225274725274725,-1.23518782367386,0.171428571428571,0.180555555555556,-1.51258808644418,0,0.0454545454545455,-3.04452243772342,0.224489795918367,0.23,-1.20831120592453,TRUE,TRUE,TRUE,TRUE,1,126
"eye","l_l3",1,1,160,248,8,44,8,12,37,82,"c",1,0.75,1.09861228866811,0.645161290322581,0.644578313253012,0.595291390556187,0.181818181818182,0.188888888888889,-1.45724609709218,0.666666666666667,0.653846153846154,0.635988766719997,0.451219512195122,0.451807228915663,-0.19337139298054,TRUE,TRUE,TRUE,TRUE,1,293
"father","l_l3",0,0,17,229,16,35,0,0,7,44,"c",,0.5,0,0.074235807860262,0.0760869565217391,-2.496741107435,0.457142857142857,0.458333333333333,-0.167054084663166,,0.5,0,0.159090909090909,0.166666666666667,-1.6094379124341,FALSE,TRUE,TRUE,FALSE,0,264
"fish","l_l3",0,0,4,20,1,4,0,2,0,4,"c",,0.5,0,0.2,0.214285714285714,-1.29928298413026,0.25,0.3,-0.847297860387204,0,0.166666666666667,-1.6094379124341,0,0.1,-2.19722457733622,FALSE,TRUE,TRUE,FALSE,0,24
"flesh","l_l3",0,0,0,24,1,4,0,0,0,4,"s",,0.5,0,0,0.02,-3.89182029811063,0.25,0.3,-0.847297860387204,,0.5,0,0,0.1,-2.19722457733622,FALSE,TRUE,TRUE,FALSE,0,28
"folk","l_l3",0,0,8,8,0,0,2,2,4,4,"c",,0.5,0,1,0.944444444444444,2.83321334405622,,0.5,0,1,0.833333333333333,1.6094379124341,1,0.9,2.19722457733622,FALSE,TRUE,FALSE,FALSE,0,8
"fruit","l_l3",0,1,16,87,3,34,3,6,6,42,"s",0,0.25,-1.09861228866811,0.183908045977011,0.1875,-1.46633706879343,0.0882352941176471,0.1,-2.19722457733622,0.5,0.5,0,0.142857142857143,0.151162790697674,-1.72551008368685,TRUE,TRUE,TRUE,TRUE,1,122
"fur","l_l3",0,0,1,2,1,1,0,0,0,1,"s",,0.5,0,0.5,0.5,0,1,0.75,1.09861228866811,,0.5,0,0,0.25,-1.09861228866811,FALSE,TRUE,TRUE,FALSE,0,3
"gold","l_l3",0,0,0,62,5,26,0,2,0,27,"s",,0.5,0,0,0.00793650793650794,-4.8283137373023,0.192307692307692,0.203703703703704,-1.36330484289519,0,0.166666666666667,-1.6094379124341,0,0.0178571428571429,-4.00733318523247,FALSE,TRUE,TRUE,FALSE,0,88
"grace","l_l3",0,0,11,32,7,9,2,3,4,13,"a",,0.5,0,0.34375,0.348484848484849,-0.625705899764413,0.777777777777778,0.75,1.09861228866811,0.666666666666667,0.625,0.510825623765991,0.307692307692308,0.321428571428571,-0.747214401830221,FALSE,TRUE,TRUE,FALSE,0,41
"hand","l_l3",0,0,167,455,14,107,10,14,40,148,"c",,0.5,0,0.367032967032967,0.367324561403509,-0.543711734683033,0.130841121495327,0.134259259259259,-1.86381278686811,0.714285714285714,0.7,0.847297860387203,0.27027027027027,0.271812080536913,-0.985448198868021,FALSE,TRUE,TRUE,FALSE,0,562
"heart","l_l3",0,0,35,209,15,51,3,14,8,62,"c",,0.5,0,0.167464114832536,0.169047619047619,-1.59239204516111,0.294117647058824,0.298076923076923,-0.856472236663245,0.214285714285714,0.233333333333333,-1.18958406687384,0.129032258064516,0.134920634920635,-1.85813453817293,FALSE,TRUE,TRUE,FALSE,0,260
"heaven","l_l3",0,0,11,14,0,3,0,1,5,8,"a",,0.5,0,0.785714285714286,0.766666666666667,1.18958406687384,0,0.125,-1.94591014905531,0,0.25,-1.09861228866811,0.625,0.611111111111111,0.451985123743057,FALSE,TRUE,TRUE,FALSE,0,17
"honey","l_l3",0,0,0,5,0,0,0,1,0,0,"s",,0.5,0,0,0.0833333333333333,-2.39789527279837,,0.5,0,0,0.25,-1.09861228866811,,0.5,0,FALSE,TRUE,FALSE,FALSE,0,5
"horse","l_l3",3,3,171,407,92,191,15,21,21,213,"c",1,0.875,1.94591014905531,0.42014742014742,0.420343137254902,-0.321364941325993,0.481675392670157,0.481770833333333,-0.0729489996461678,0.714285714285714,0.704545454545455,0.86903784702361,0.0985915492957746,0.100467289719626,-2.19204321859422,TRUE,TRUE,TRUE,TRUE,3,601
"hound","l_l3",0,0,11,15,1,2,0,0,7,10,"c",,0.5,0,0.733333333333333,0.71875,0.93826963859293,0.5,0.5,0,,0.5,0,0.7,0.681818181818182,0.762140052046896,FALSE,TRUE,TRUE,FALSE,0,17
"house","l_l3",0,0,57,569,39,332,4,11,28,382,"c",,0.5,0,0.100175746924429,0.100877192982456,-2.18751576320926,0.117469879518072,0.118618618618619,-2.00557696736107,0.363636363636364,0.375,-0.510825623765991,0.0732984293193717,0.0744125326370757,-2.52080425869758,FALSE,TRUE,TRUE,FALSE,0,901
"charity","l_l3",0,0,4,14,1,4,0,0,2,6,"a",,0.5,0,0.285714285714286,0.3,-0.847297860387204,0.25,0.3,-0.847297860387204,,0.5,0,0.333333333333333,0.357142857142857,-0.587786664902119,FALSE,TRUE,TRUE,FALSE,0,18
"king","l_l3",0,0,17,290,15,252,0,1,5,257,"c",,0.5,0,0.0586206896551724,0.0601374570446735,-2.74910074093257,0.0595238095238095,0.0612648221343874,-2.72932759954949,0,0.25,-1.09861228866811,0.0194552529182879,0.0213178294573643,-3.82666315647699,FALSE,TRUE,TRUE,FALSE,0,542
"land","l_l3",0,0,28,141,4,60,4,6,11,77,"a",,0.5,0,0.198581560283688,0.200704225352113,-1.38189874964685,0.0666666666666667,0.0737704918032787,-2.53016324137612,0.666666666666667,0.642857142857143,0.587786664902119,0.142857142857143,0.147435897435897,-1.7548549122926,FALSE,TRUE,TRUE,FALSE,0,201
"loaf","l_l3",0,0,3,7,4,4,0,0,1,5,"s",,0.5,0,0.428571428571429,0.4375,-0.251314428280906,1,0.9,2.19722457733622,,0.5,0,0.2,0.25,-1.09861228866811,FALSE,TRUE,TRUE,FALSE,0,11
"love","l_l3",0,0,4,136,3,20,0,1,0,22,"a",,0.5,0,0.0294117647058824,0.0328467153284672,-3.38250524865,0.15,0.166666666666667,-1.6094379124341,0,0.25,-1.09861228866811,0,0.0217391304347826,-3.80666248977032,FALSE,TRUE,TRUE,FALSE,0,156
"man","l_l3",8,8,521,1328,302,497,44,123,129,674,"c",1,0.944444444444444,2.83321334405622,0.392319277108434,0.392400300978179,-0.437233780655984,0.607645875251509,0.607429718875502,0.436520898045476,0.357723577235772,0.358870967741935,-0.580267832488092,0.191394658753709,0.191851851851852,-1.43802192413353,TRUE,TRUE,TRUE,TRUE,8,1833
"manner","l_l3",0,0,37,299,75,158,0,9,5,192,"a",,0.5,0,0.123745819397993,0.125,-1.94591014905531,0.474683544303797,0.474842767295597,-0.100713975601831,0,0.05,-2.94443897916644,0.0260416666666667,0.0284974093264249,-3.52903075317204,FALSE,TRUE,TRUE,FALSE,0,457
"matter","l_l3",0,1,62,263,41,116,6,23,11,143,"s",0,0.25,-1.09861228866811,0.23574144486692,0.236742424242424,-1.17062282464438,0.353448275862069,0.354700854700855,-0.598439229018326,0.260869565217391,0.270833333333333,-0.990398704027877,0.0769230769230769,0.0798611111111111,-2.44423561005707,TRUE,TRUE,TRUE,TRUE,1,380
"meat","l_l3",0,0,0,17,0,3,0,1,0,3,"s",,0.5,0,0,0.0277777777777778,-3.55534806148941,0,0.125,-1.94591014905531,0,0.25,-1.09861228866811,0,0.125,-1.94591014905531,FALSE,TRUE,TRUE,FALSE,0,20
"mercy","l_l3",0,0,1,40,0,4,0,3,0,4,"a",,0.5,0,0.025,0.0365853658536585,-3.27083556379891,0,0.1,-2.19722457733622,0,0.125,-1.94591014905531,0,0.1,-2.19722457733622,FALSE,TRUE,TRUE,FALSE,0,44
"might","l_l3",0,0,0,1,0,0,0,1,0,0,"a",,0.5,0,0,0.25,-1.09861228866811,,0.5,0,0,0.25,-1.09861228866811,,0.5,0,FALSE,TRUE,FALSE,FALSE,0,1
"milk","l_l3",0,0,0,9,1,1,0,1,0,1,"s",,0.5,0,0,0.05,-2.94443897916644,1,0.75,1.09861228866811,0,0.25,-1.09861228866811,0,0.25,-1.09861228866811,FALSE,TRUE,TRUE,FALSE,0,10
"mood","l_l3",0,0,0,5,0,2,0,0,0,3,"a",,0.5,0,0,0.0833333333333333,-2.39789527279837,0,0.166666666666667,-1.6094379124341,,0.5,0,0,0.125,-1.94591014905531,FALSE,TRUE,TRUE,FALSE,0,7
"name","l_l3",0,0,62,368,19,164,3,15,35,210,"a",,0.5,0,0.168478260869565,0.169376693766938,-1.59005119863391,0.115853658536585,0.118181818181818,-2.00976162104185,0.2,0.21875,-1.27296567581289,0.166666666666667,0.16824644549763,-1.59810634642455,FALSE,TRUE,TRUE,FALSE,0,532
"night","l_l3",0,0,16,350,15,139,0,26,4,171,"a",,0.5,0,0.0457142857142857,0.047008547008547,-3.00927649866175,0.107913669064748,0.110714285714286,-2.08346569197956,0,0.0185185185185185,-3.97029191355212,0.0233918128654971,0.0261627906976744,-3.61690595448885,FALSE,TRUE,TRUE,FALSE,0,489
"oil","l_l3",0,0,0,23,0,3,0,0,0,3,"s",,0.5,0,0,0.0208333333333333,-3.85014760171006,0,0.125,-1.94591014905531,,0.5,0,0,0.125,-1.94591014905531,FALSE,TRUE,TRUE,FALSE,0,26
"right","l_l3",0,0,19,87,24,36,0,15,8,44,"a",,0.5,0,0.218390804597701,0.221590909090909,-1.25641927969848,0.666666666666667,0.662162162162162,0.672944473242426,0,0.03125,-3.43398720448515,0.181818181818182,0.188888888888889,-1.45724609709218,FALSE,TRUE,TRUE,FALSE,0,123
"salt","l_l3",0,0,9,37,2,14,1,2,7,23,"s",,0.5,0,0.243243243243243,0.25,-1.09861228866811,0.142857142857143,0.166666666666667,-1.6094379124341,0.5,0.5,0,0.304347826086957,0.3125,-0.78845736036427,FALSE,TRUE,TRUE,FALSE,0,51
"seed","l_l3",0,0,8,11,0,2,0,0,4,6,"s",,0.5,0,0.727272727272727,0.708333333333333,0.887303195000903,0,0.166666666666667,-1.6094379124341,,0.5,0,0.666666666666667,0.642857142857143,0.587786664902119,FALSE,TRUE,TRUE,FALSE,0,13
"ship","l_l3",0,0,49,89,13,22,2,7,19,42,"c",,0.5,0,0.550561797752809,0.55,0.200670695462151,0.590909090909091,0.58695652173913,0.351397886837889,0.285714285714286,0.3125,-0.78845736036427,0.452380952380952,0.453488372093023,-0.186585955580412,FALSE,TRUE,TRUE,FALSE,0,111
"silver","l_l3",0,1,0,30,2,5,0,2,0,5,"s",0,0.25,-1.09861228866811,0,0.0161290322580645,-4.11087386417331,0.4,0.416666666666667,-0.336472236621213,0,0.166666666666667,-1.6094379124341,0,0.0833333333333333,-2.39789527279837,TRUE,TRUE,TRUE,TRUE,1,36
"sin","l_l3",1,1,32,75,2,6,4,7,3,10,"a",1,0.75,1.09861228866811,0.426666666666667,0.427631578947368,-0.291520848758947,0.333333333333333,0.357142857142857,-0.587786664902119,0.571428571428571,0.5625,0.251314428280906,0.3,0.318181818181818,-0.762140052046897,TRUE,TRUE,TRUE,TRUE,1,82
"son","l_l3",0,0,29,123,15,36,1,4,12,48,"c",,0.5,0,0.235772357723577,0.237903225806452,-1.16420957115392,0.416666666666667,0.418918918918919,-0.327212911208416,0.25,0.3,-0.847297860387204,0.25,0.255102040816327,-1.07158361628019,FALSE,TRUE,TRUE,FALSE,0,159
"soul","l_l3",1,1,21,84,5,27,7,12,5,33,"a",1,0.75,1.09861228866811,0.25,0.252941176470588,-1.08298697076503,0.185185185185185,0.196428571428571,-1.40876721697195,0.583333333333333,0.576923076923077,0.310154928303839,0.151515151515152,0.161764705882353,-1.64515599503618,TRUE,TRUE,TRUE,TRUE,1,112
"stone","l_l3",0,0,28,76,14,23,1,2,11,35,"c",,0.5,0,0.368421052631579,0.37012987012987,-0.531659710668833,0.608695652173913,0.604166666666667,0.422856850820033,0.5,0.5,0,0.314285714285714,0.319444444444444,-0.756326082181477,FALSE,TRUE,TRUE,FALSE,0,99
"substance","l_l3",0,0,18,215,25,170,1,6,6,189,"s",,0.5,0,0.0837209302325581,0.0856481481481482,-2.3679678522569,0.147058823529412,0.149122807017544,-1.74149763444717,0.166666666666667,0.214285714285714,-1.29928298413026,0.0317460317460317,0.0342105263157895,-3.34041249059303,FALSE,TRUE,TRUE,FALSE,0,385
"tree","l_l3",1,1,93,167,24,66,5,5,22,90,"c",1,0.75,1.09861228866811,0.55688622754491,0.556547619047619,0.227162310909128,0.363636363636364,0.365671641791045,-0.55083095837969,1,0.916666666666667,2.39789527279837,0.244444444444444,0.247252747252747,-1.11331843605781,TRUE,TRUE,TRUE,TRUE,1,234
"venom","l_l3",0,0,0,1,0,0,0,0,0,0,"s",,0.5,0,0,0.25,-1.09861228866811,,0.5,0,,0.5,0,,0.5,0,FALSE,TRUE,FALSE,FALSE,0,1
"virtue","l_l3",0,0,16,61,2,2,2,4,11,13,"a",,0.5,0,0.262295081967213,0.266129032258065,-1.01435194505037,1,0.833333333333333,1.6094379124341,0.5,0.5,0,0.846153846153846,0.821428571428571,1.52605630349505,FALSE,TRUE,TRUE,FALSE,0,63
"water","l_l3",0,1,39,363,3,85,1,12,27,117,"s",0,0.25,-1.09861228866811,0.107438016528926,0.108516483516484,-2.10598486423707,0.0352941176470588,0.0406976744186047,-3.16003532484527,0.0833333333333333,0.115384615384615,-2.03688192726104,0.230769230769231,0.233050847457627,-1.19116384603335,TRUE,TRUE,TRUE,TRUE,1,449
"wet","l_l3",0,0,0,2,0,1,0,0,0,1,"s",,0.5,0,0,0.166666666666667,-1.6094379124341,0,0.25,-1.09861228866811,,0.5,0,0,0.25,-1.09861228866811,FALSE,TRUE,TRUE,FALSE,0,3
"wife","l_l3",0,0,9,128,23,29,0,0,1,31,"c",,0.5,0,0.0703125,0.0736434108527132,-2.53202457276507,0.793103448275862,0.783333333333333,1.28519824424852,,0.5,0,0.032258064516129,0.046875,-3.0122615755052,FALSE,TRUE,TRUE,FALSE,0,157
"wisdom","l_l3",0,0,0,38,1,7,0,1,0,8,"a",,0.5,0,0,0.0128205128205128,-4.34380542185368,0.142857142857143,0.1875,-1.46633706879343,0,0.25,-1.09861228866811,0,0.0555555555555556,-2.83321334405622,FALSE,TRUE,TRUE,FALSE,0,45
"wood","l_l3",0,0,5,73,2,25,0,0,5,30,"s",,0.5,0,0.0684931506849315,0.0743243243243243,-2.52208565302975,0.08,0.0961538461538462,-2.24070968927596,,0.5,0,0.166666666666667,0.17741935483871,-1.53393035992596,FALSE,TRUE,TRUE,FALSE,0,98
"work","l_l3",0,1,68,284,18,80,4,15,26,121,"a",0,0.25,-1.09861228866811,0.23943661971831,0.240350877192982,-1.15075680217437,0.225,0.228395061728395,-1.21739582465808,0.266666666666667,0.28125,-0.93826963859293,0.214876033057851,0.217213114754098,-1.28198151449451,TRUE,TRUE,TRUE,TRUE,1,365
"year","l_l3",32,32,360,530,34,106,58,69,40,157,"a",1,0.984848484848485,4.17438726989564,0.679245283018868,0.678907721280603,0.748756660001432,0.320754716981132,0.322429906542056,-0.742627237823315,0.840579710144927,0.835714285714286,1.62667971886861,0.254777070063694,0.256329113924051,-1.06513635947172,TRUE,TRUE,TRUE,TRUE,32,668
"ale","m_l4",0,0,0,1,0,0,0,0,0,0,"s",,0.5,0,0,0.25,-1.09861228866811,,0.5,0,,0.5,0,,0.5,0,FALSE,TRUE,FALSE,FALSE,0,1
"bishop","m_l4",0,0,12,72,2,20,1,1,7,27,"c",,0.5,0,0.166666666666667,0.171232876712329,-1.57691472072854,0.1,0.119047619047619,-2.00148000021012,1,0.75,1.09861228866811,0.259259259259259,0.267857142857143,-1.0055218656021,FALSE,TRUE,TRUE,FALSE,0,92
"bliss","m_l4",0,0,0,3,0,2,0,0,0,2,"a",,0.5,0,0,0.125,-1.94591014905531,0,0.166666666666667,-1.6094379124341,,0.5,0,0,0.166666666666667,-1.6094379124341,FALSE,TRUE,TRUE,FALSE,0,5
"blood","m_l4",0,0,1,112,2,33,0,2,0,33,"s",,0.5,0,0.00892857142857143,0.0132743362831858,-4.30855948279201,0.0606060606060606,0.0735294117647059,-2.53369681395743,0,0.166666666666667,-1.6094379124341,0,0.0147058823529412,-4.20469261939097,FALSE,TRUE,TRUE,FALSE,0,145
"book","m_l4",2,2,99,242,37,79,8,15,20,110,"c",1,0.833333333333333,1.6094379124341,0.409090909090909,0.409465020576132,-0.366177391035129,0.468354430379747,0.46875,-0.125163142954006,0.533333333333333,0.53125,0.125163142954006,0.181818181818182,0.184684684684685,-1.48492496456152,TRUE,TRUE,TRUE,TRUE,2,323
"brother","m_l4",0,0,90,200,7,15,4,5,27,43,"c",,0.5,0,0.45,0.450248756218905,-0.199665670251927,0.466666666666667,0.46875,-0.125163142954006,0.8,0.75,1.09861228866811,0.627906976744186,0.625,0.510825623765991,FALSE,TRUE,TRUE,FALSE,0,215
"butter","m_l4",0,0,0,4,0,1,0,0,0,1,"s",,0.5,0,0,0.1,-2.19722457733622,0,0.25,-1.09861228866811,,0.5,0,0,0.25,-1.09861228866811,FALSE,TRUE,TRUE,FALSE,0,5
"castle","m_l4",0,0,2,35,5,25,0,0,1,27,"c",,0.5,0,0.0571428571428571,0.0694444444444444,-2.59525470695687,0.2,0.211538461538462,-1.31567679390594,,0.5,0,0.037037037037037,0.0535714285714286,-2.87167962488401,FALSE,TRUE,TRUE,FALSE,0,60
"cloth","m_l4",0,0,5,18,4,5,0,0,4,9,"s",,0.5,0,0.277777777777778,0.289473684210526,-0.897941593205958,0.8,0.75,1.09861228866811,,0.5,0,0.444444444444444,0.45,-0.200670695462151,FALSE,TRUE,TRUE,FALSE,0,23
"country","m_l4",0,0,22,391,36,225,4,16,5,283,"c",,0.5,0,0.0562659846547315,0.0573979591836735,-2.79863543117788,0.16,0.161504424778761,-1.64707676393404,0.25,0.264705882352941,-1.02165124753198,0.0176678445229682,0.0193661971830986,-3.92466996712891,FALSE,TRUE,TRUE,FALSE,0,616
"craft","m_l4",0,0,4,10,1,3,2,2,4,7,"a",,0.5,0,0.4,0.409090909090909,-0.367724780125317,0.333333333333333,0.375,-0.510825623765991,1,0.833333333333333,1.6094379124341,0.571428571428571,0.5625,0.251314428280906,FALSE,TRUE,TRUE,FALSE,0,13
"creature","m_l4",0,0,44,102,16,37,4,13,8,49,"c",,0.5,0,0.431372549019608,0.432038834951456,-0.273537565065616,0.432432432432432,0.434210526315789,-0.264692554227082,0.307692307692308,0.321428571428571,-0.747214401830221,0.163265306122449,0.17,-1.58562726374038,FALSE,TRUE,TRUE,FALSE,0,139
"daughter","m_l4",0,0,48,105,5,22,2,2,5,27,"c",,0.5,0,0.457142857142857,0.457547169811321,-0.170221149859867,0.227272727272727,0.239130434782609,-1.15745278869104,1,0.833333333333333,1.6094379124341,0.185185185185185,0.196428571428571,-1.40876721697195,FALSE,TRUE,TRUE,FALSE,0,127
"day","m_l4",11,11,351,1070,109,419,73,154,123,636,"a",1,0.958333333333333,3.13549421592915,0.32803738317757,0.328197945845005,-0.716346815076703,0.260143198090692,0.260714285714286,-1.04225935211698,0.474025974025974,0.474193548387097,-0.103317614028026,0.193396226415094,0.193877551020408,-1.42500887330058,TRUE,TRUE,TRUE,TRUE,11,1500
"death","m_l4",0,0,6,222,7,49,2,2,1,52,"a",,0.5,0,0.027027027027027,0.0291479820627803,-3.50578837054095,0.142857142857143,0.15,-1.73460105538811,1,0.833333333333333,1.6094379124341,0.0192307692307692,0.0283018867924528,-3.53611669956153,FALSE,TRUE,TRUE,FALSE,0,271
"devil","m_l4",0,0,4,20,11,14,0,1,0,14,"c",,0.5,0,0.2,0.214285714285714,-1.29928298413026,0.785714285714286,0.766666666666667,1.18958406687384,0,0.25,-1.09861228866811,0,0.0333333333333333,-3.36729582998647,FALSE,TRUE,TRUE,FALSE,0,34
"doom","m_l4",0,0,0,5,1,3,0,0,0,3,"a",,0.5,0,0,0.0833333333333333,-2.39789527279837,0.333333333333333,0.375,-0.510825623765991,,0.5,0,0,0.125,-1.94591014905531,FALSE,TRUE,TRUE,FALSE,0,8
"dust","m_l4",0,0,0,33,1,14,0,0,0,16,"s",,0.5,0,0,0.0147058823529412,-4.20469261939097,0.0714285714285714,0.1,-2.19722457733622,,0.5,0,0,0.0294117647058824,-3.49650756146648,FALSE,TRUE,TRUE,FALSE,0,47
"earth","m_l4",0,0,0,259,0,202,0,10,0,205,"s",,0.5,0,0,0.00192307692307692,-6.25190388316589,0,0.00246305418719212,-6.00388706710654,0,0.0454545454545455,-3.04452243772342,0,0.00242718446601942,-6.01859321449624,FALSE,TRUE,TRUE,FALSE,0,461
"emperor","m_l4",0,0,9,54,4,40,0,0,7,48,"c",,0.5,0,0.166666666666667,0.172727272727273,-1.56642052735041,0.1,0.109756097560976,-2.09323486381217,,0.5,0,0.145833333333333,0.153061224489796,-1.71079040669439,FALSE,TRUE,TRUE,FALSE,0,94
"enemy","m_l4",0,0,38,78,7,33,2,3,4,37,"c",,0.5,0,0.487179487179487,0.487341772151899,-0.050643732818755,0.212121212121212,0.220588235294118,-1.26224171244991,0.666666666666667,0.625,0.510825623765991,0.108108108108108,0.118421052631579,-2.00746804205475,FALSE,TRUE,TRUE,FALSE,0,111
"evil","m_l4",0,1,18,132,10,24,2,5,11,36,"a",0,0.25,-1.09861228866811,0.136363636363636,0.139097744360902,-1.82280409091002,0.416666666666667,0.42,-0.322773392263051,0.4,0.416666666666667,-0.336472236621213,0.305555555555556,0.310810810810811,-0.796331416795176,TRUE,TRUE,TRUE,TRUE,1,157
"eye","m_l4",0,0,246,377,22,85,4,9,53,138,"c",,0.5,0,0.652519893899204,0.652116402116402,0.628355141864925,0.258823529411765,0.261627906976744,-1.03752459668827,0.444444444444444,0.45,-0.200670695462151,0.384057971014493,0.384892086330935,-0.468834722040754,FALSE,TRUE,TRUE,FALSE,0,462
"father","m_l4",0,0,74,328,9,58,0,1,8,67,"c",,0.5,0,0.225609756097561,0.22644376899696,-1.22850171060506,0.155172413793103,0.161016949152542,-1.65068087096815,0,0.25,-1.09861228866811,0.119402985074627,0.125,-1.94591014905531,FALSE,TRUE,TRUE,FALSE,0,386
"fish","m_l4",0,0,7,32,1,6,1,3,2,9,"c",,0.5,0,0.21875,0.227272727272727,-1.22377543162212,0.166666666666667,0.214285714285714,-1.29928298413026,0.333333333333333,0.375,-0.510825623765991,0.222222222222222,0.25,-1.09861228866811,FALSE,TRUE,TRUE,FALSE,0,38
"flesh","m_l4",0,0,0,82,0,25,0,20,0,25,"s",,0.5,0,0,0.00602409638554217,-5.10594547390058,0,0.0192307692307692,-3.93182563272433,0,0.0238095238095238,-3.71357206670431,0,0.0192307692307692,-3.93182563272433,FALSE,TRUE,TRUE,FALSE,0,107
"folk","m_l4",0,0,34,42,0,7,1,1,9,16,"c",,0.5,0,0.80952380952381,0.802325581395349,1.40089316054104,0,0.0625,-2.70805020110221,1,0.75,1.09861228866811,0.5625,0.558823529411765,0.236388778064231,FALSE,TRUE,TRUE,FALSE,0,49
"fruit","m_l4",0,3,22,96,3,39,2,9,8,47,"s",0,0.125,-1.94591014905531,0.229166666666667,0.231958762886598,-1.19728381617514,0.0769230769230769,0.0875,-2.34454929209308,0.222222222222222,0.25,-1.09861228866811,0.170212765957447,0.177083333333333,-1.53623450841081,TRUE,TRUE,TRUE,TRUE,3,138
"fur","m_l4",0,0,1,3,0,0,0,0,0,0,"s",,0.5,0,0.333333333333333,0.375,-0.510825623765991,,0.5,0,,0.5,0,,0.5,0,FALSE,TRUE,FALSE,FALSE,0,3
"gold","m_l4",0,0,0,32,1,9,0,2,0,9,"s",,0.5,0,0,0.0151515151515152,-4.17438726989564,0.111111111111111,0.15,-1.73460105538811,0,0.166666666666667,-1.6094379124341,0,0.05,-2.94443897916644,FALSE,TRUE,TRUE,FALSE,0,41
"grace","m_l4",0,0,8,107,2,29,1,3,4,36,"a",,0.5,0,0.0747663551401869,0.0787037037037037,-2.46009148066828,0.0689655172413793,0.0833333333333333,-2.39789527279837,0.333333333333333,0.375,-0.510825623765991,0.111111111111111,0.121621621621622,-1.97716269255942,FALSE,TRUE,TRUE,FALSE,0,136
"hand","m_l4",0,0,248,630,29,170,15,18,53,224,"c",,0.5,0,0.393650793650794,0.393819334389857,-0.431285807729907,0.170588235294118,0.172514619883041,-1.56790945373752,0.833333333333333,0.815789473684211,1.48807705542983,0.236607142857143,0.237777777777778,-1.16490161270403,FALSE,TRUE,TRUE,FALSE,0,800
"heart","m_l4",1,1,42,301,14,60,1,13,8,69,"c",1,0.75,1.09861228866811,0.13953488372093,0.140728476821192,-1.80925262667557,0.233333333333333,0.237704918032787,-1.16530366316678,0.0769230769230769,0.107142857142857,-2.12026353620009,0.115942028985507,0.121428571428571,-1.9789710113162,TRUE,TRUE,TRUE,TRUE,1,362
"heaven","m_l4",0,0,1,13,0,12,0,1,0,12,"a",,0.5,0,0.0769230769230769,0.107142857142857,-2.12026353620009,0,0.0384615384615385,-3.2188758248682,0,0.25,-1.09861228866811,0,0.0384615384615385,-3.2188758248682,FALSE,TRUE,TRUE,FALSE,0,25
"honey","m_l4",0,0,0,12,0,0,0,0,0,0,"s",,0.5,0,0,0.0384615384615385,-3.2188758248682,,0.5,0,,0.5,0,,0.5,0,FALSE,TRUE,FALSE,FALSE,0,12
"horse","m_l4",3,3,239,493,74,179,15,26,26,206,"c",1,0.875,1.94591014905531,0.484787018255578,0.484817813765182,-0.0607474191396076,0.41340782122905,0.413888888888889,-0.347911827530607,0.576923076923077,0.574074074074074,0.298492988555997,0.12621359223301,0.128019323671498,-1.91858604478076,TRUE,TRUE,TRUE,TRUE,3,675
"hound","m_l4",0,0,22,24,1,1,0,1,8,9,"c",,0.5,0,0.916666666666667,0.9,2.19722457733622,1,0.75,1.09861228866811,0,0.25,-1.09861228866811,0.888888888888889,0.85,1.73460105538811,FALSE,TRUE,TRUE,FALSE,0,25
"house","m_l4",0,0,69,469,48,235,3,18,26,273,"c",,0.5,0,0.147121535181237,0.147872340425532,-1.75138701393767,0.204255319148936,0.205508474576271,-1.35221504746703,0.166666666666667,0.184210526315789,-1.48807705542983,0.0952380952380952,0.0967153284671533,-2.23426584901657,FALSE,TRUE,TRUE,FALSE,0,704
"charity","m_l4",0,2,2,20,1,1,0,3,0,1,"a",0,0.166666666666667,-1.6094379124341,0.1,0.119047619047619,-2.00148000021012,1,0.75,1.09861228866811,0,0.125,-1.94591014905531,0,0.25,-1.09861228866811,TRUE,TRUE,TRUE,TRUE,1,23
"king","m_l4",0,0,27,272,11,192,1,4,15,208,"c",,0.5,0,0.0992647058823529,0.100732600732601,-2.18911094256205,0.0572916666666667,0.0595854922279793,-2.7589086183357,0.25,0.3,-0.847297860387204,0.0721153846153846,0.0741626794258373,-2.52443748854464,FALSE,TRUE,TRUE,FALSE,0,464
"land","m_l4",0,0,22,315,31,221,2,12,8,245,"a",,0.5,0,0.0698412698412698,0.0712025316455696,-2.56836233005778,0.14027149321267,0.141891891891892,-1.79966464873517,0.166666666666667,0.192307692307692,-1.43508452528932,0.0326530612244898,0.0345528455284553,-3.33010145997843,FALSE,TRUE,TRUE,FALSE,0,536
"loaf","m_l4",0,0,8,13,2,4,0,0,5,9,"s",,0.5,0,0.615384615384615,0.607142857142857,0.435318071257845,0.5,0.5,0,,0.5,0,0.555555555555556,0.55,0.200670695462151,FALSE,TRUE,TRUE,FALSE,0,17
"lore","m_l4",0,0,0,2,0,0,0,0,0,1,"a",,0.5,0,0,0.166666666666667,-1.6094379124341,,0.5,0,,0.5,0,0,0.25,-1.09861228866811,FALSE,TRUE,FALSE,FALSE,0,2
"love","m_l4",0,0,0,221,5,35,0,5,0,40,"a",,0.5,0,0,0.00225225225225225,-6.09356977004514,0.142857142857143,0.152777777777778,-1.71297859137494,0,0.0833333333333333,-2.39789527279837,0,0.0121951219512195,-4.39444915467244,FALSE,TRUE,TRUE,FALSE,0,256
"man","m_l4",7,7,770,1937,447,695,58,197,180,940,"c",1,0.9375,2.70805020110221,0.397521941146102,0.397574819401445,-0.415580334782882,0.643165467625899,0.642959770114943,0.588233692178227,0.294416243654822,0.295454545454545,-0.869037847023609,0.191489361702128,0.191817215727949,-1.43824533392641,TRUE,TRUE,TRUE,TRUE,7,2639
"manner","m_l4",0,0,19,207,43,91,0,15,2,103,"a",,0.5,0,0.0917874396135266,0.09375,-2.26868354131836,0.472527472527473,0.472826086956522,-0.108802859848799,0,0.03125,-3.43398720448515,0.0194174757281553,0.0240384615384615,-3.70376806660769,FALSE,TRUE,TRUE,FALSE,0,298
"matter","m_l4",1,1,74,364,67,188,5,31,13,236,"s",1,0.75,1.09861228866811,0.203296703296703,0.204109589041096,-1.36080445090645,0.356382978723404,0.357142857142857,-0.587786664902119,0.161290322580645,0.171875,-1.57239664075375,0.0550847457627119,0.0569620253164557,-2.80672172860924,TRUE,TRUE,TRUE,TRUE,1,553
"meat","m_l4",0,0,0,30,1,6,0,1,0,6,"s",,0.5,0,0,0.0161290322580645,-4.11087386417331,0.166666666666667,0.214285714285714,-1.29928298413026,0,0.25,-1.09861228866811,0,0.0714285714285714,-2.56494935746154,FALSE,TRUE,TRUE,FALSE,0,36
"mercy","m_l4",0,0,2,41,2,11,0,0,2,13,"a",,0.5,0,0.0487804878048781,0.0595238095238095,-2.76000994003292,0.181818181818182,0.208333333333333,-1.33500106673234,,0.5,0,0.153846153846154,0.178571428571429,-1.52605630349505,FALSE,TRUE,TRUE,FALSE,0,52
"might","m_l4",0,0,0,26,0,15,0,3,0,16,"a",,0.5,0,0,0.0185185185185185,-3.97029191355212,0,0.03125,-3.43398720448515,0,0.125,-1.94591014905531,0,0.0294117647058824,-3.49650756146648,FALSE,TRUE,TRUE,FALSE,0,41
"milk","m_l4",0,0,0,27,1,5,0,0,0,5,"s",,0.5,0,0,0.0178571428571429,-4.00733318523247,0.2,0.25,-1.09861228866811,,0.5,0,0,0.0833333333333333,-2.39789527279837,FALSE,TRUE,TRUE,FALSE,0,32
"mood","m_l4",0,0,7,23,7,9,0,1,3,12,"a",,0.5,0,0.304347826086957,0.3125,-0.78845736036427,0.777777777777778,0.75,1.09861228866811,0,0.25,-1.09861228866811,0.25,0.269230769230769,-0.998528830111127,FALSE,TRUE,TRUE,FALSE,0,32
"name","m_l4",1,1,55,389,23,138,2,8,27,174,"a",1,0.75,1.09861228866811,0.141388174807198,0.142307692307692,-1.79625385881589,0.166666666666667,0.169064748201439,-1.59227010881173,0.25,0.277777777777778,-0.955511445027436,0.155172413793103,0.157142857142857,-1.67964217110735,TRUE,TRUE,TRUE,TRUE,1,528
"night","m_l4",0,0,16,289,22,92,0,26,3,114,"a",,0.5,0,0.055363321799308,0.0568965517241379,-2.8079412409555,0.239130434782609,0.241935483870968,-1.14209740060785,0,0.0185185185185185,-3.97029191355212,0.0263157894736842,0.0304347826086957,-3.46126162240481,FALSE,TRUE,TRUE,FALSE,0,381
"oil","m_l4",0,0,1,71,0,16,0,0,0,16,"s",,0.5,0,0.0140845070422535,0.0208333333333333,-3.85014760171006,0,0.0294117647058824,-3.49650756146648,,0.5,0,0,0.0294117647058824,-3.49650756146648,FALSE,TRUE,TRUE,FALSE,0,87
"right","m_l4",0,0,26,101,6,38,4,16,9,48,"a",,0.5,0,0.257425742574257,0.259803921568627,-1.0469879232628,0.157894736842105,0.166666666666667,-1.6094379124341,0.25,0.264705882352941,-1.02165124753198,0.1875,0.193877551020408,-1.42500887330058,FALSE,TRUE,TRUE,FALSE,0,139
"salt","m_l4",0,0,1,14,0,1,0,0,0,1,"s",,0.5,0,0.0714285714285714,0.1,-2.19722457733622,0,0.25,-1.09861228866811,,0.5,0,0,0.25,-1.09861228866811,FALSE,TRUE,TRUE,FALSE,0,15
"seed","m_l4",0,0,19,131,1,16,1,4,7,23,"s",,0.5,0,0.145038167938931,0.147727272727273,-1.75253875607477,0.0625,0.0882352941176471,-2.33537491581704,0.25,0.3,-0.847297860387204,0.304347826086957,0.3125,-0.78845736036427,FALSE,TRUE,TRUE,FALSE,0,147
"ship","m_l4",1,1,33,74,8,33,3,3,11,44,"c",1,0.75,1.09861228866811,0.445945945945946,0.446666666666667,-0.214147988405632,0.242424242424242,0.25,-1.09861228866811,1,0.875,1.94591014905531,0.25,0.255555555555556,-1.06919840346182,TRUE,TRUE,TRUE,TRUE,1,108
"silver","m_l4",0,0,1,19,1,4,1,1,0,4,"s",,0.5,0,0.0526315789473684,0.075,-2.51230562397611,0.25,0.3,-0.847297860387204,1,0.75,1.09861228866811,0,0.1,-2.19722457733622,FALSE,TRUE,TRUE,FALSE,0,23
"sin","m_l4",0,0,47,167,13,34,3,9,7,45,"a",,0.5,0,0.281437125748503,0.282738095238095,-0.930920041890114,0.382352941176471,0.385714285714286,-0.465363249689233,0.333333333333333,0.35,-0.619039208406224,0.155555555555556,0.16304347826087,-1.63575522075147,FALSE,TRUE,TRUE,FALSE,0,201
"son","m_l4",0,0,122,389,28,128,0,2,38,168,"c",,0.5,0,0.313624678663239,0.314102564102564,-0.78100853635128,0.21875,0.22093023255814,-1.26025364022453,0,0.166666666666667,-1.6094379124341,0.226190476190476,0.227810650887574,-1.22071498546901,FALSE,TRUE,TRUE,FALSE,0,517
"soul","m_l4",0,0,32,226,15,78,0,7,5,88,"a",,0.5,0,0.141592920353982,0.143171806167401,-1.78919207372281,0.192307692307692,0.19620253164557,-1.41019988197345,0,0.0625,-2.70805020110221,0.0568181818181818,0.0617977528089888,-2.72009853961838,FALSE,TRUE,TRUE,FALSE,0,304
"stone","m_l4",0,0,27,77,7,22,0,2,2,24,"c",,0.5,0,0.350649350649351,0.352564102564103,-0.607787331608788,0.318181818181818,0.326086956521739,-0.725937003382936,0,0.166666666666667,-1.6094379124341,0.0833333333333333,0.1,-2.19722457733622,FALSE,TRUE,TRUE,FALSE,0,99
"substance","m_l4",0,0,12,41,1,11,0,6,4,15,"s",,0.5,0,0.292682926829268,0.297619047619048,-0.858661619037519,0.0909090909090909,0.125,-1.94591014905531,0,0.0714285714285714,-2.56494935746154,0.266666666666667,0.28125,-0.93826963859293,FALSE,TRUE,TRUE,FALSE,0,52
"tree","m_l4",2,2,101,182,19,62,3,10,35,99,"c",1,0.833333333333333,1.6094379124341,0.554945054945055,0.554644808743169,0.219455778235025,0.306451612903226,0.30952380952381,-0.802346472524937,0.3,0.318181818181818,-0.762140052046897,0.353535353535354,0.355,-0.597132527320357,TRUE,TRUE,TRUE,TRUE,2,246
"virtue","m_l4",1,1,20,87,6,14,2,8,8,22,"a",1,0.75,1.09861228866811,0.229885057471264,0.232954545454545,-1.19170271173412,0.428571428571429,0.433333333333333,-0.268263986594679,0.25,0.277777777777778,-0.955511445027436,0.363636363636364,0.369565217391304,-0.534082485930258,TRUE,TRUE,TRUE,TRUE,1,102
"water","m_l4",0,1,53,368,4,82,0,8,45,130,"s",0,0.25,-1.09861228866811,0.144021739130435,0.144986449864499,-1.77447702807931,0.0487804878048781,0.0542168674698795,-2.85902122801209,0,0.0555555555555556,-2.83321334405622,0.346153846153846,0.347328244274809,-0.63080404998581,TRUE,TRUE,TRUE,TRUE,1,451
"wet","m_l4",0,0,0,4,0,2,0,0,0,2,"s",,0.5,0,0,0.1,-2.19722457733622,0,0.166666666666667,-1.6094379124341,,0.5,0,0,0.166666666666667,-1.6094379124341,FALSE,TRUE,TRUE,FALSE,0,6
"wife","m_l4",0,0,35,209,17,32,0,1,4,36,"c",,0.5,0,0.167464114832536,0.169047619047619,-1.59239204516111,0.53125,0.53030303030303,0.121360857004267,0,0.25,-1.09861228866811,0.111111111111111,0.121621621621622,-1.97716269255942,FALSE,TRUE,TRUE,FALSE,0,241
"wisdom","m_l4",0,0,0,54,0,12,0,2,0,13,"a",,0.5,0,0,0.00909090909090909,-4.69134788222914,0,0.0384615384615385,-3.2188758248682,0,0.166666666666667,-1.6094379124341,0,0.0357142857142857,-3.29583686600433,FALSE,TRUE,TRUE,FALSE,0,66
"wood","m_l4",0,1,18,86,3,31,0,2,8,40,"s",0,0.25,-1.09861228866811,0.209302325581395,0.21264367816092,-1.3090630131839,0.0967741935483871,0.109375,-2.09714111877924,0,0.166666666666667,-1.6094379124341,0.2,0.207317073170732,-1.34117392583942,TRUE,TRUE,TRUE,TRUE,1,118
"work","m_l4",1,5,83,622,27,138,3,42,31,193,"a",0.2,0.25,-1.09861228866811,0.133440514469453,0.134028892455859,-1.86579615284138,0.195652173913043,0.197841726618705,-1.39983858622765,0.0714285714285714,0.0813953488372093,-2.42353770341171,0.160621761658031,0.162371134020619,-1.6406904559382,TRUE,TRUE,TRUE,TRUE,5,765
"year","m_l4",26,26,523,787,58,152,64,89,75,251,"a",1,0.981481481481482,3.97029191355212,0.664548919949174,0.664340101522843,0.682695779012237,0.381578947368421,0.382352941176471,-0.479573080261886,0.719101123595506,0.716666666666667,0.927986771637346,0.298804780876494,0.299603174603175,-0.849188220118372,TRUE,TRUE,TRUE,TRUE,26,965
