"id";"q_token";"q_lemma";"context";"token";"lemma";"plural";"singular";"author";"period";"filename";"genre";"pde_count";"semantics";"orig";"oe_etymon";"oe_class";"oe_stem";"oe_gender";"period_simple";"period_sorted";"period_main"
"salt:/ppcmbe2/adams-1787-2#sTok371";"all";"all";"bringing all his creatures to a state of truth , goodness , and consequent happiness , an end worthy of the best and wisest of beings";"creatures";"creature";"1";"";"Adams, George";"l2";"adams-1787";"SCIENCE OTHER";"c";"c";"R";"";"";"";"";"l2";"j_l2";"c_lmod"
"salt:/ppcmbe2/adams-1787-2#sTok683";"all";"all";"of all trees";"trees";"tree";"1";"";"Adams, George";"l2";"adams-1787";"SCIENCE OTHER";"c";"c";"G";"treow";"Strong";"A-Stem";"N";"l2";"j_l2";"c_lmod"
"salt:/ppcmbe2/adams-1787-2#sTok804";"many";"many";"of many trees";"trees";"tree";"1";"";"Adams, George";"l2";"adams-1787";"SCIENCE OTHER";"c";"c";"G";"treow";"Strong";"A-Stem";"N";"l2";"j_l2";"c_lmod"
"salt:/ppcmbe2/adams-1787-2#sTok2323";"every";"every";"Perennial plants are supplied in this manner with a new skin every year ;";"year";"year";"";"1";"Adams, George";"l2";"adams-1787";"SCIENCE OTHER";"c";"a";"G";"gear";"Strong";"A-Stem";"N";"l2";"j_l2";"c_lmod"
"salt:/ppcmbe2/adams-1787-2#sTok2565";"Many";"many";"Many trees have them in all their parts , others only in some of them , while 0 others do not exhibit any .";"trees";"tree";"1";"";"Adams, George";"l2";"adams-1787";"SCIENCE OTHER";"c";"c";"G";"treow";"Strong";"A-Stem";"N";"l2";"j_l2";"c_lmod"
"salt:/ppcmbe2/adams-1787-2#sTok2632";"some";"some";"in some trees";"trees";"tree";"1";"";"Adams, George";"l2";"adams-1787";"SCIENCE OTHER";"c";"c";"G";"treow";"Strong";"A-Stem";"N";"l2";"j_l2";"c_lmod"
"salt:/ppcmbe2/adams-1787-2#sTok3244";"some";"some";"some trees , and a great many herbaceous plants , in which 0 *T*-2 this part is continued inward , in form of rays , through the blea into the wood , forming as 0 it were so many wedges , 0 that *T*-3 split as 0 it were the substance of both those parts , a circumstance which 0 *T*-4 accounts for the vegetation of some particular trees , which 0 *T*-5 are known *-6 to live when <P_662> deprived of the bark ; because 0 they have rays of the same substance *ICH*-7 within , which 0 *T*-8 answer the purpose , and this in a degree answering to the nature of their life";"trees";"tree";"1";"";"Adams, George";"l2";"adams-1787";"SCIENCE OTHER";"c";"c";"G";"treow";"Strong";"A-Stem";"N";"l2";"j_l2";"c_lmod"
"salt:/ppcmbe2/adams-1787-2#sTok3310";"some";"some";"of some particular trees , which 0 *T*-5 are known *-6 to live when <P_662> deprived of the bark ; because 0 they have rays of the same substance *ICH*-7 within , which 0 *T*-8 answer the purpose , and this in a degree answering to the nature of their life";"trees";"tree";"1";"";"Adams, George";"l2";"adams-1787";"SCIENCE OTHER";"c";"c";"G";"treow";"Strong";"A-Stem";"N";"l2";"j_l2";"c_lmod"
"salt:/ppcmbe2/adams-1787-2#sTok3971";"some";"some";"There are some trees , however , where 0 *T*-2 the meshes are not visible , and in which 0 *T*-3 the fibres lie quite in a strait direction .";"trees";"tree";"1";"";"Adams, George";"l2";"adams-1787";"SCIENCE OTHER";"c";"c";"G";"treow";"Strong";"A-Stem";"N";"l2";"j_l2";"c_lmod"
"salt:/ppcmbe2/adams-1787-2#sTok5350";"some";"some";"in some trees";"trees";"tree";"1";"";"Adams, George";"l2";"adams-1787";"SCIENCE OTHER";"c";"c";"G";"treow";"Strong";"A-Stem";"N";"l2";"j_l2";"c_lmod"
"salt:/ppcmbe2/adams-1787-2#sTok5388";"all";"all";"in all trees";"trees";"tree";"1";"";"Adams, George";"l2";"adams-1787";"SCIENCE OTHER";"c";"c";"G";"treow";"Strong";"A-Stem";"N";"l2";"j_l2";"c_lmod"
"salt:/ppcmbe2/adams-1787-2#sTok5854";"some";"some";"in some trees";"trees";"tree";"1";"";"Adams, George";"l2";"adams-1787";"SCIENCE OTHER";"c";"c";"G";"treow";"Strong";"A-Stem";"N";"l2";"j_l2";"c_lmod"
"salt:/ppcmbe2/adams-1787-2#sTok6094";"all";"all";"in all trees";"trees";"tree";"1";"";"Adams, George";"l2";"adams-1787";"SCIENCE OTHER";"c";"c";"G";"treow";"Strong";"A-Stem";"N";"l2";"j_l2";"c_lmod"
"salt:/ppcmbe2/adams-1787-2#sTok6424";"some";"some";"In some trees";"trees";"tree";"1";"";"Adams, George";"l2";"adams-1787";"SCIENCE OTHER";"c";"c";"G";"treow";"Strong";"A-Stem";"N";"l2";"j_l2";"c_lmod"
"salt:/ppcmbe2/adams-1787-2#sTok6842";"every";"every";"The bark and the wood grow thicker every year , while 0 the pith , on the contrary , grows more slender , so that in a branch of one year it is of a larger size than 0 0 *T*-1 it is in the same branch when two years old , and so on .";"year";"year";"";"1";"Adams, George";"l2";"adams-1787";"SCIENCE OTHER";"c";"a";"G";"gear";"Strong";"A-Stem";"N";"l2";"j_l2";"c_lmod"
"salt:/ppcmbe2/adams-1787-2#sTok7704";"several";"several";"for several days";"days";"day";"1";"";"Adams, George";"l2";"adams-1787";"SCIENCE OTHER";"c";"a";"G";"dæg";"Strong";"A-Stem";"M";"l2";"j_l2";"c_lmod"
"salt:/ppcmbe2/adams-1787-2#sTok8858";"Every";"every";"Every tree may be considered as consisting of $numerous {TEXT:numerou} concentric strata , or flakes , forming so many cones , inscribed one within the other , and whose number 0 *T*-1 is almost indefinite .";"tree";"tree";"";"1";"Adams, George";"l2";"adams-1787";"SCIENCE OTHER";"c";"c";"G";"treow";"Strong";"A-Stem";"N";"l2";"j_l2";"c_lmod"
"salt:/ppcmbe2/adams-1787-2#sTok9529";"any";"any";"of any substance";"substance";"substance";"";"1";"Adams, George";"l2";"adams-1787";"SCIENCE OTHER";"c";"s";"R";"";"";"";"";"l2";"j_l2";"c_lmod"
"salt:/ppcmbe2/adams-1787-2#sTok10346";"each";"each";"But besides the large crystals produced in this way , each salt is capable of producing a very different appearance of the crystalline kind , when 0 only a drop of the saline solution is made use of *-2 , and the crystallization viewed through a microscope .";"salt";"salt";"";"1";"Adams, George";"l2";"adams-1787";"SCIENCE OTHER";"u";"s";"G";"sealt";"Strong";"A-Stem";"N";"l2";"j_l2";"c_lmod"
"salt:/ppcmbe2/adams-1787-2#sTok10607";"all";"all";"otherwise all salts would crystallize in the same manner .";"salts";"salt";"1";"";"Adams, George";"l2";"adams-1787";"SCIENCE OTHER";"u";"s";"G";"sealt";"Strong";"A-Stem";"N";"l2";"j_l2";"c_lmod"
"salt:/ppcmbe2/adams-1787-2#sTok10633";"each";"each";"of each salt";"salt";"salt";"";"1";"Adams, George";"l2";"adams-1787";"SCIENCE OTHER";"u";"s";"G";"sealt";"Strong";"A-Stem";"N";"l2";"j_l2";"c_lmod"
"salt:/ppcmbe2/albin-1736-1#sTok4733";"all";"all";"and all the house Spiders";"house";"house";"";"1";"Albin, Eleazar";"l1";"albin-1736";"SCIENCE OTHER";"c";"c";"G";"hus";"Strong";"A-Stem";"N";"l1";"i_l1";"c_lmod"
"salt:/ppcmbe2/andrews1-1785-2#sTok453";"all";"all";"of all manner of regard and feeling for the Americans";"manner";"manner";"";"1";"Andrews, John";"l2";"andrews1-1785";"HISTORY";"u";"a";"R";"";"";"";"";"l2";"j_l2";"c_lmod"
"salt:/ppcmbe2/andrews1-1785-2#sTok1293";"any";"any";"in any country in christendom";"country";"country";"";"1";"Andrews, John";"l2";"andrews1-1785";"HISTORY";"c";"c";"R";"";"";"";"";"l2";"j_l2";"c_lmod"
"salt:/ppcmbe2/andrews1-1785-2#sTok3694";"all";"all";"securing all its rights";"rights";"right";"1";"";"Andrews, John";"l2";"andrews1-1785";"HISTORY";"c";"a";"G";"riht";"Strong";"A-Stem";"N";"l2";"j_l2";"c_lmod"
"salt:/ppcmbe2/andrews1-1785-2#sTok4136";"all";"all";"in all countries";"countries";"country";"1";"";"Andrews, John";"l2";"andrews1-1785";"HISTORY";"c";"c";"R";"";"";"";"";"l2";"j_l2";"c_lmod"
"salt:/ppcmbe2/andrews1-1785-2#sTok7145";"all";"all";"*T*-2 all men are soldiers";"men";"man";"1";"";"Andrews, John";"l2";"andrews1-1785";"HISTORY";"c";"c";"G";"mann";"Weak";"Consonant-Stem";"M/N";"l2";"j_l2";"c_lmod"
"salt:/ppcmbe2/andrews1-1785-2#sTok7243";"any";"any";"in any country whatever";"country";"country";"";"1";"Andrews, John";"l2";"andrews1-1785";"HISTORY";"c";"c";"R";"";"";"";"";"l2";"j_l2";"c_lmod"
"salt:/ppcmbe2/andrews1-1785-2#sTok7304";"many";"many";"*T*-1 would have lingered many a year , unless 0 it had been thus forced into completion";"year";"year";"";"1";"Andrews, John";"l2";"andrews1-1785";"HISTORY";"c";"a";"G";"gear";"Strong";"A-Stem";"N";"l2";"j_l2";"c_lmod"
"salt:/ppcmbe2/andrews1-1785-2#sTok9333";"any";"any";"any men braver than themselves";"men";"man";"1";"";"Andrews, John";"l2";"andrews1-1785";"HISTORY";"c";"c";"G";"mann";"Weak";"Consonant-Stem";"M/N";"l2";"j_l2";"c_lmod"
"salt:/ppcmbe2/andrews2-1796-2#sTok525";"all";"all";"all manner of authority , whether civil or military , is derived from the crown";"manner";"manner";"";"1";"Andrews, James Pettit";"l2";"andrews-1796";"HISTORY";"u";"a";"R";"";"";"";"";"l2";"j_l2";"c_lmod"
"salt:/ppcmbe2/andrews2-1796-2#sTok2247";"all";"all";"to watch their flock , herds , corn , woods , &c. all the night";"night";"night";"";"1";"Andrews, James Pettit";"l2";"andrews-1796";"HISTORY";"c";"a";"G";"niht";"Strong";"A-Stem";"N";"l2";"j_l2";"c_lmod"
"salt:/ppcmbe2/andrews2-1796-2#sTok3419";"No";"no";"' No man , ' wrote the orthodox Elizabeth to Archbishop Whitgift , ' should be suffered to decline either to the *ICH*-1 right or left hand from the drawn line limited by authority . '";"man";"man";"";"1";"Andrews, James Pettit";"l2";"andrews-1796";"HISTORY";"c";"c";"G";"mann";"Weak";"Consonant-Stem";"M/N";"l2";"j_l2";"c_lmod"
"salt:/ppcmbe2/andrews2-1796-2#sTok6112";"some";"some";"some years before the dissolution of religious houses";"years";"year";"1";"";"Andrews, James Pettit";"l2";"andrews-1796";"HISTORY";"c";"a";"G";"gear";"Strong";"A-Stem";"N";"l2";"j_l2";"c_lmod"
"salt:/ppcmbe2/andrews2-1796-2#sTok7739";"many";"many";"for many succeeding years";"years";"year";"1";"";"Andrews, James Pettit";"l2";"andrews-1796";"HISTORY";"c";"a";"G";"gear";"Strong";"A-Stem";"N";"l2";"j_l2";"c_lmod"
"salt:/ppcmbe2/anon1-1711-1#sTok434";"some";"some";"after some other manner";"manner";"manner";"";"1";"anonymous (see Remarks)";"l1";"anon1-1711";"EDUC TREAT";"u";"a";"R";"";"";"";"";"l1";"i_l1";"c_lmod"
"salt:/ppcmbe2/anon1-1711-1#sTok513";"no";"no";"I have no manner of private Interest or Design in Writing this Essay";"manner";"manner";"";"1";"anonymous (see Remarks)";"l1";"anon1-1711";"EDUC TREAT";"u";"a";"R";"";"";"";"";"l1";"i_l1";"c_lmod"
"salt:/ppcmbe2/anon1-1711-1#sTok1893";"several";"several";"upon several matters";"matters";"matter";"1";"";"anonymous (see Remarks)";"l1";"anon1-1711";"EDUC TREAT";"c";"s";"R";"";"";"";"";"l1";"i_l1";"c_lmod"
"salt:/ppcmbe2/anon1-1711-1#sTok3530";"any";"any";"of any Country";"Country";"country";"";"1";"anonymous (see Remarks)";"l1";"anon1-1711";"EDUC TREAT";"c";"c";"R";"";"";"";"";"l1";"i_l1";"c_lmod"
"salt:/ppcmbe2/anon1-1711-1#sTok4274";"several";"several";"and consequently several Years will be gain'd :";"Years";"year";"1";"";"anonymous (see Remarks)";"l1";"anon1-1711";"EDUC TREAT";"c";"a";"G";"gear";"Strong";"A-Stem";"N";"l1";"i_l1";"c_lmod"
"salt:/ppcmbe2/anon1-1711-1#sTok4550";"all";"all";"*T*-3 he Advises all Men to Learn it after the same Method";"Men";"man";"1";"";"anonymous (see Remarks)";"l1";"anon1-1711";"EDUC TREAT";"c";"c";"G";"mann";"Weak";"Consonant-Stem";"M/N";"l1";"i_l1";"c_lmod"
"salt:/ppcmbe2/anon1-1711-1#sTok4683";"all";"all";"concerning all such Matters as 0 0 he had occasion to Discourse about *T*-3";"Matters";"matter";"1";"";"anonymous (see Remarks)";"l1";"anon1-1711";"EDUC TREAT";"c";"s";"R";"";"";"";"";"l1";"i_l1";"c_lmod"
"salt:/ppcmbe2/anon1-1711-1#sTok4783";"no";"no";"and yet no Man for many Years has Writ finer <font> Latin <$$font> than 0 0 *T*-1 he did * .";"Man";"man";"";"1";"anonymous (see Remarks)";"l1";"anon1-1711";"EDUC TREAT";"c";"c";"G";"mann";"Weak";"Consonant-Stem";"M/N";"l1";"i_l1";"c_lmod"
"salt:/ppcmbe2/anon1-1711-1#sTok4786";"many";"many";"for many Years";"Years";"year";"1";"";"anonymous (see Remarks)";"l1";"anon1-1711";"EDUC TREAT";"c";"a";"G";"gear";"Strong";"A-Stem";"N";"l1";"i_l1";"c_lmod"
"salt:/ppcmbe2/anon1-1711-1#sTok5378";"some";"some";"By this means also , Boys wou'd gain some Years , which 0 *T*-1 they might spend very usefully in reading good Books , in learning Arithmetick , in Geography , in Chronology , History , practical Mathematicks , and such other Arts as 0 0 *T*-2 are suitable to their Capacities , besides other Advantages which 0 *T*-3 wou'd accrue to them from the Use of this Method .";"Years";"year";"1";"";"anonymous (see Remarks)";"l1";"anon1-1711";"EDUC TREAT";"c";"a";"G";"gear";"Strong";"A-Stem";"N";"l1";"i_l1";"c_lmod"
"salt:/ppcmbe2/anon1-1711-1#sTok5477";"every";"every";"as many as 0 0 *T*-1 cou'd conveniently shou'd meet together every Night <paren> which 0 *T*-2 is a leisure Time";"Night";"night";"";"1";"anonymous (see Remarks)";"l1";"anon1-1711";"EDUC TREAT";"c";"a";"G";"niht";"Strong";"A-Stem";"N";"l1";"i_l1";"c_lmod"
"salt:/ppcmbe2/anon1-1711-1#sTok6076";"any";"any";"into any other Book";"Book";"book";"";"1";"anonymous (see Remarks)";"l1";"anon1-1711";"EDUC TREAT";"c";"c";"G";"boc";"Weak";"Consonant-Stem";"F";"l1";"i_l1";"c_lmod"
"salt:/ppcmbe2/anon1-1711-1#sTok6286";"some";"some";"from some Book";"Book";"book";"";"1";"anonymous (see Remarks)";"l1";"anon1-1711";"EDUC TREAT";"c";"c";"G";"boc";"Weak";"Consonant-Stem";"F";"l1";"i_l1";"c_lmod"
"salt:/ppcmbe2/anon1-1711-1#sTok6408";"any";"any";"of any other Book";"Book";"book";"";"1";"anonymous (see Remarks)";"l1";"anon1-1711";"EDUC TREAT";"c";"c";"G";"boc";"Weak";"Consonant-Stem";"F";"l1";"i_l1";"c_lmod"
"salt:/ppcmbe2/anon1-1711-1#sTok6426";"any";"any";"nor is there any Book of a more easy , and familiar Stile than the Gospels";"Book";"book";"";"1";"anonymous (see Remarks)";"l1";"anon1-1711";"EDUC TREAT";"c";"c";"G";"boc";"Weak";"Consonant-Stem";"F";"l1";"i_l1";"c_lmod"
"salt:/ppcmbe2/anon1-1711-1#sTok6608";"every";"every";"him order one of his Scholars , every Night to read a Chapter leisurely , distinctly and with an audible Voice";"Night";"night";"";"1";"anonymous (see Remarks)";"l1";"anon1-1711";"EDUC TREAT";"c";"a";"G";"niht";"Strong";"A-Stem";"N";"l1";"i_l1";"c_lmod"
"salt:/ppcmbe2/anon1-1711-1#sTok6819";"every";"every";"Thus two Chapters wou'd be learn'd every Day ,";"Day";"day";"";"1";"anonymous (see Remarks)";"l1";"anon1-1711";"EDUC TREAT";"c";"a";"G";"dæg";"Strong";"A-Stem";"M";"l1";"i_l1";"c_lmod"
"salt:/ppcmbe2/anon1-1711-1#sTok7117";"every";"every";"two Chapters shou'd be learn'd every Day , according to the fore-going Method";"Day";"day";"";"1";"anonymous (see Remarks)";"l1";"anon1-1711";"EDUC TREAT";"c";"a";"G";"dæg";"Strong";"A-Stem";"M";"l1";"i_l1";"c_lmod"
"salt:/ppcmbe2/anon1-1711-1#sTok7145";"no";"no";"Boys , immediately after 0 they have learn'd to decline Nouns and Verbs , taught no other Book *ICH*-3 for some Time , but the <font> New Testament";"Book";"book";"";"1";"anonymous (see Remarks)";"l1";"anon1-1711";"EDUC TREAT";"c";"c";"G";"boc";"Weak";"Consonant-Stem";"F";"l1";"i_l1";"c_lmod"
"salt:/ppcmbe2/anon2-1732-2#sTok3180";"no";"no";"$'T $is {TEXT:'Tis} no easy matter to enumerate all kinds of Things and Notions ,";"matter";"matter";"";"1";"Anonymous author of 'The index-writer'";"l1";"anon2-1732";"EDUC TREAT";"c";"s";"R";"";"";"";"";"l1";"i_l1";"c_lmod"
"salt:/ppcmbe2/anon2-1732-2#sTok3291";"many";"many";"of many Men";"Men";"man";"1";"";"Anonymous author of 'The index-writer'";"l1";"anon2-1732";"EDUC TREAT";"c";"c";"G";"mann";"Weak";"Consonant-Stem";"M/N";"l1";"i_l1";"c_lmod"
"salt:/ppcmbe2/anon2-1732-2#sTok3634";"some";"some";"some Man of Leisure and Judgment *ICH*-4 might be found out willing to take the Pains of making use of , and uniting their learned Labours towards finishing that Work";"Man";"man";"";"1";"Anonymous author of 'The index-writer'";"l1";"anon2-1732";"EDUC TREAT";"c";"c";"G";"mann";"Weak";"Consonant-Stem";"M/N";"l1";"i_l1";"c_lmod"
"salt:/ppcmbe2/anon2-1732-2#sTok3773";"each";"each";"an Hour or two each Day will be thought *-2 too much by him";"Day";"day";"";"1";"Anonymous author of 'The index-writer'";"l1";"anon2-1732";"EDUC TREAT";"c";"a";"G";"dæg";"Strong";"A-Stem";"M";"l1";"i_l1";"c_lmod"
"salt:/ppcmbe2/anon2-1732-2#sTok7376";"some";"some";"*T*-1 some Men set up for Reputation";"Men";"man";"1";"";"Anonymous author of 'The index-writer'";"l1";"anon2-1732";"EDUC TREAT";"c";"c";"G";"mann";"Weak";"Consonant-Stem";"M/N";"l1";"i_l1";"c_lmod"
"salt:/ppcmbe2/anon2-1732-2#sTok7591";"all";"all";"*T*-3 *pro* must be acknowledged , more or less , affect all Men";"Men";"man";"1";"";"Anonymous author of 'The index-writer'";"l1";"anon2-1732";"EDUC TREAT";"c";"c";"G";"mann";"Weak";"Consonant-Stem";"M/N";"l1";"i_l1";"c_lmod"
"salt:/ppcmbe2/anon3-1772-2#sTok696";"some";"some";"he had not understood some other philosophical books";"books";"book";"1";"";"anonymous";"l2";"anon3-1772";"BIOGR OTHER";"c";"c";"G";"boc";"Weak";"Consonant-Stem";"F";"l2";"j_l2";"c_lmod"
"salt:/ppcmbe2/anon3-1772-2#sTok2147";"half";"half";"than half a year";"year";"year";"";"1";"anonymous";"l2";"anon3-1772";"BIOGR OTHER";"c";"a";"G";"gear";"Strong";"A-Stem";"N";"l2";"j_l2";"c_lmod"
"salt:/ppcmbe2/anon3-1772-2#sTok2231";"some";"some";"his attachment to the Earl of Shaftesbury having procured him some powerful enemies";"enemies";"enemy";"1";"";"anonymous";"l2";"anon3-1772";"BIOGR OTHER";"c";"c";"R";"";"";"";"";"l2";"j_l2";"c_lmod"
"salt:/ppcmbe2/anon3-1772-2#sTok2317";"no";"no";"*T*-2 indeed no man who 0 *T*-3 was attached to a free , legal , and limited government , could be";"man";"man";"";"1";"anonymous";"l2";"anon3-1772";"BIOGR OTHER";"c";"c";"G";"mann";"Weak";"Consonant-Stem";"M/N";"l2";"j_l2";"c_lmod"
"salt:/ppcmbe2/anon3-1772-2#sTok2544";"several";"several";"for several years";"years";"year";"1";"";"anonymous";"l2";"anon3-1772";"BIOGR OTHER";"c";"a";"G";"gear";"Strong";"A-Stem";"N";"l2";"j_l2";"c_lmod"
"salt:/ppcmbe2/anon3-1772-2#sTok3055";"all";"all";"of all rights and advantages thereunto belonging";"rights";"right";"1";"";"anonymous";"l2";"anon3-1772";"BIOGR OTHER";"c";"a";"G";"riht";"Strong";"A-Stem";"N";"l2";"j_l2";"c_lmod"
"salt:/ppcmbe2/anon3-1772-2#sTok3339";"no";"no";"he had no hand in the enterprize";"hand";"hand";"";"1";"anonymous";"l2";"anon3-1772";"BIOGR OTHER";"c";"c";"G";"hand";"Strong";"U-Stem";"F";"l2";"j_l2";"c_lmod"
"salt:/ppcmbe2/anon3-1772-2#sTok6722";"Some";"some";"Some years before his death";"years";"year";"1";"";"anonymous";"l2";"anon3-1772";"BIOGR OTHER";"c";"a";"G";"gear";"Strong";"A-Stem";"N";"l2";"j_l2";"c_lmod"
"salt:/ppcmbe2/anon3-1772-2#sTok6993";"any";"any";"*T*-1 will frighten any bishop from serving him , though otherwise inclinable enough in his own breast";"bishop";"bishop";"";"1";"anonymous";"l2";"anon3-1772";"BIOGR OTHER";"c";"c";"G";"bisceop";"Strong";"A-Stem";"M";"l2";"j_l2";"c_lmod"
"salt:/ppcmbe2/anon3-1772-2#sTok7989";"all";"all";"with all men";"men";"man";"1";"";"anonymous";"l2";"anon3-1772";"BIOGR OTHER";"c";"c";"G";"mann";"Weak";"Consonant-Stem";"M/N";"l2";"j_l2";"c_lmod"
"salt:/ppcmbe2/anon3-1772-2#sTok9038";"all";"all";"\" By this , <paren> said he himself <$$paren> I please all those men , who 0 *T*-1 commonly can speak pertinently upon nothing else .";"men";"man";"1";"";"anonymous";"l2";"anon3-1772";"BIOGR OTHER";"c";"c";"G";"mann";"Weak";"Consonant-Stem";"M/N";"l2";"j_l2";"c_lmod"
"salt:/ppcmbe2/anon3-1772-2#sTok11036";"many";"many";"many years after";"years";"year";"1";"";"anonymous";"l2";"anon3-1772";"BIOGR OTHER";"c";"a";"G";"gear";"Strong";"A-Stem";"N";"l2";"j_l2";"c_lmod"
"salt:/ppcmbe2/anon3-1772-2#sTok11730";"all";"all";"But all our Author's Works have been collected together , and frequently reprinted , in three volumes , folio .";"Works";"work";"1";"";"anonymous";"l2";"anon3-1772";"BIOGR OTHER";"u";"a";"G";"weorc";"Strong";"A-Stem";"N";"l2";"j_l2";"c_lmod"
"salt:/ppcmbe2/anon4-1791-2#sTok105";"some";"some";"and you see some very good houses ;";"houses";"house";"1";"";"Anonymous English gentleman";"l2";"anon4-1791";"TRAVELOGUE";"c";"c";"G";"hus";"Strong";"A-Stem";"N";"l2";"j_l2";"c_lmod"
"salt:/ppcmbe2/anon4-1791-2#sTok590";"Each";"each";"Each gaming house , each room , nay , each part of a room , has its peculiar hour , two only of which , 0 *T*-1 from the commencement of play to the conclusion <paren> which 0 *T*-3 is from ten in the morning to two or three the next <$$paren> are allotted for meals , and often not one employed .";"house";"house";"";"1";"Anonymous English gentleman";"l2";"anon4-1791";"TRAVELOGUE";"c";"c";"G";"hus";"Strong";"A-Stem";"N";"l2";"j_l2";"c_lmod"
"salt:/ppcmbe2/anon4-1791-2#sTok906";"several";"several";"For several days";"days";"day";"1";"";"Anonymous English gentleman";"l2";"anon4-1791";"TRAVELOGUE";"c";"a";"G";"dæg";"Strong";"A-Stem";"M";"l2";"j_l2";"c_lmod"
"salt:/ppcmbe2/anon4-1791-2#sTok2381";"Any";"any";"Any man may be a Bourgeois for six or seven Louis ;";"man";"man";"";"1";"Anonymous English gentleman";"l2";"anon4-1791";"TRAVELOGUE";"c";"c";"G";"mann";"Weak";"Consonant-Stem";"M/N";"l2";"j_l2";"c_lmod"
"salt:/ppcmbe2/anon4-1791-2#sTok3303";"every";"every";"Charlemagne *ICH*-1 is carried , thus dressed out and powdered , thrice every year round the town , in order to imprint on the minds of the inhabitants , a due sense of the benefits 0 0 *T*-2 they have received from him -";"year";"year";"";"1";"Anonymous English gentleman";"l2";"anon4-1791";"TRAVELOGUE";"c";"a";"G";"gear";"Strong";"A-Stem";"N";"l2";"j_l2";"c_lmod"
"salt:/ppcmbe2/anon4-1791-2#sTok4876";"several";"several";"and there are several very good houses in appearance -";"houses";"house";"1";"";"Anonymous English gentleman";"l2";"anon4-1791";"TRAVELOGUE";"c";"c";"G";"hus";"Strong";"A-Stem";"N";"l2";"j_l2";"c_lmod"
"salt:/ppcmbe2/anon4-1791-2#sTok5189";"All";"all";"All the stone 0 0 *T*-1 they use for building in the adjacent country is fetched from it";"stone";"stone";"";"1";"Anonymous English gentleman";"l2";"anon4-1791";"TRAVELOGUE";"u";"c";"G";"stan";"Strong";"A-Stem";"M";"l2";"j_l2";"c_lmod"
"salt:/ppcmbe2/anon4-1791-2#sTok5334";"some";"some";"some years since";"years";"year";"1";"";"Anonymous English gentleman";"l2";"anon4-1791";"TRAVELOGUE";"c";"a";"G";"gear";"Strong";"A-Stem";"N";"l2";"j_l2";"c_lmod"
"salt:/ppcmbe2/anon4-1791-2#sTok6292";"any";"any";"or any day in Lent";"day";"day";"";"1";"Anonymous English gentleman";"l2";"anon4-1791";"TRAVELOGUE";"c";"a";"G";"dæg";"Strong";"A-Stem";"M";"l2";"j_l2";"c_lmod"
"salt:/ppcmbe2/anon4-1791-2#sTok6775";"several";"several";"and you see several gentlemens' elegant houses .";"houses";"house";"1";"";"Anonymous English gentleman";"l2";"anon4-1791";"TRAVELOGUE";"c";"c";"G";"hus";"Strong";"A-Stem";"N";"l2";"j_l2";"c_lmod"
"salt:/ppcmbe2/anon4-1791-2#sTok8148";"all";"all";"to stay all night at Bois le Duc";"night";"night";"";"1";"Anonymous English gentleman";"l2";"anon4-1791";"TRAVELOGUE";"c";"a";"G";"niht";"Strong";"A-Stem";"N";"l2";"j_l2";"c_lmod"
"salt:/ppcmbe2/anon4-1791-2#sTok8579";"some";"some";"some years after the revolt";"years";"year";"1";"";"Anonymous English gentleman";"l2";"anon4-1791";"TRAVELOGUE";"c";"a";"G";"gear";"Strong";"A-Stem";"N";"l2";"j_l2";"c_lmod"
"salt:/ppcmbe2/anon4-1791-2#sTok9497";"every";"every";"*T*-2 sails every day";"day";"day";"";"1";"Anonymous English gentleman";"l2";"anon4-1791";"TRAVELOGUE";"c";"a";"G";"dæg";"Strong";"A-Stem";"M";"l2";"j_l2";"c_lmod"
"salt:/ppcmbe2/austen-180x-1#sTok953";"few";"few";"for a few days";"days";"day";"1";"";"Austen, Jane";"l2";"austen-180x";"LET PRIV";"c";"a";"G";"dæg";"Strong";"A-Stem";"M";"l2";"j_l2";"c_lmod"
"salt:/ppcmbe2/austen-180x-1#sTok3553";"no";"no";"This will be no evil to <P_170> us ,";"evil";"evil";"";"1";"Austen, Jane";"l2";"austen-180x";"LET PRIV";"u";"a";"G";"yfel";"Strong";"A-Stem";"N";"l2";"j_l2";"c_lmod"
"salt:/ppcmbe2/austen-180x-1#sTok3988";"few";"few";"A few days ago";"days";"day";"1";"";"Austen, Jane";"l2";"austen-180x";"LET PRIV";"c";"a";"G";"dæg";"Strong";"A-Stem";"M";"l2";"j_l2";"c_lmod"
"salt:/ppcmbe2/austen-180x-1#sTok4747";"any";"any";"or any other book";"book";"book";"";"1";"Austen, Jane";"l2";"austen-180x";"LET PRIV";"c";"c";"G";"boc";"Weak";"Consonant-Stem";"F";"l2";"j_l2";"c_lmod"
"salt:/ppcmbe2/austen-180x-1#sTok5220";"each";"each";"she has been each day expecting to be able to come on the morrow";"day";"day";"";"1";"Austen, Jane";"l2";"austen-180x";"LET PRIV";"c";"a";"G";"dæg";"Strong";"A-Stem";"M";"l2";"j_l2";"c_lmod"
"salt:/ppcmbe2/austen-180x-1#sTok5466";"few";"few";"a few days since";"days";"day";"1";"";"Austen, Jane";"l2";"austen-180x";"LET PRIV";"c";"a";"G";"dæg";"Strong";"A-Stem";"M";"l2";"j_l2";"c_lmod"
"salt:/ppcmbe2/austen-180x-1#sTok6134";"few";"few";"for a few days";"days";"day";"1";"";"Austen, Jane";"l2";"austen-180x";"LET PRIV";"c";"a";"G";"dæg";"Strong";"A-Stem";"M";"l2";"j_l2";"c_lmod"
"salt:/ppcmbe2/austen-180x-1#sTok6252";"any";"any";"I could not get any fish for Kintbury while 0 their family was large";"fish";"fish";"";"1";"Austen, Jane";"l2";"austen-180x";"LET PRIV";"u";"c";"G";"fisc";"Strong";"A-Stem";"M";"l2";"j_l2";"c_lmod"
"salt:/ppcmbe2/austen-180x-1#sTok6350";"few";"few";"a few days before";"days";"day";"1";"";"Austen, Jane";"l2";"austen-180x";"LET PRIV";"c";"a";"G";"dæg";"Strong";"A-Stem";"M";"l2";"j_l2";"c_lmod"
"salt:/ppcmbe2/austen-180x-1#sTok9908";"no";"no";"A widower with 3 children has no right to look higher than his daughter's Governess .";"right";"right";"";"1";"Austen, Jane";"l2";"austen-180x";"LET PRIV";"c";"a";"G";"riht";"Strong";"A-Stem";"N";"l2";"j_l2";"c_lmod"
"salt:/ppcmbe2/austen-180x-1#sTok11070";"no";"no";"James has no horse";"horse";"horse";"";"1";"Austen, Jane";"l2";"austen-180x";"LET PRIV";"c";"c";"G";"hors";"Strong";"A-Stem";"N";"l2";"j_l2";"c_lmod"
"salt:/ppcmbe2/austen-180x-1#sTok11296";"all";"all";"with all my heart";"heart";"heart";"";"1";"Austen, Jane";"l2";"austen-180x";"LET PRIV";"c";"c";"G";"heorte";"Weak";"N-Stem";"F";"l2";"j_l2";"c_lmod"
"salt:/ppcmbe2/austen-180x-1#sTok11317";"few";"few";"in a few days";"days";"day";"1";"";"Austen, Jane";"l2";"austen-180x";"LET PRIV";"c";"a";"G";"dæg";"Strong";"A-Stem";"M";"l2";"j_l2";"c_lmod"
"salt:/ppcmbe2/austen-180x-1#sTok11500";"many";"many";"many days longer";"days";"day";"1";"";"Austen, Jane";"l2";"austen-180x";"LET PRIV";"c";"a";"G";"dæg";"Strong";"A-Stem";"M";"l2";"j_l2";"c_lmod"
"salt:/ppcmbe2/austen-1815-2#sTok7962";"no";"no";"but no love";"love";"love";"";"1";"Austen, Jane";"l3";"austen-1815";"FICTION";"u";"a";"G";"lufu";"Strong";"O-Stem";"F";"l3";"k_l3";"c_lmod"
"salt:/ppcmbe2/austen-1815-2#sTok8783";"every";"every";"\" every day more precious and more delightful than the day before !";"day";"day";"";"1";"Austen, Jane";"l3";"austen-1815";"FICTION";"c";"a";"G";"dæg";"Strong";"A-Stem";"M";"l3";"k_l3";"c_lmod"
"salt:/ppcmbe2/austen-1815-2#sTok8797";"every";"every";"- every day making me less fit to bear any other place .";"day";"day";"";"1";"Austen, Jane";"l3";"austen-1815";"FICTION";"c";"a";"G";"dæg";"Strong";"A-Stem";"M";"l3";"k_l3";"c_lmod"
"salt:/ppcmbe2/austen-1815-2#sTok9490";"any";"any";"procrastinating any evil 0 that *T*-1 was inevitable";"evil";"evil";"";"1";"Austen, Jane";"l3";"austen-1815";"FICTION";"u";"a";"G";"yfel";"Strong";"A-Stem";"N";"l3";"k_l3";"c_lmod"
"salt:/ppcmbe2/austen-1815-2#sTok9747";"every";"every";"They had been meeting almost every day since his arrival .";"day";"day";"";"1";"Austen, Jane";"l3";"austen-1815";"FICTION";"c";"a";"G";"dæg";"Strong";"A-Stem";"M";"l3";"k_l3";"c_lmod"
"salt:/ppcmbe2/austen-1815-2#sTok10158";"some";"some";"It was some days before 0 she saw Jane Fairfax , to judge of her honest regret in this woeful change ;";"days";"day";"1";"";"Austen, Jane";"l3";"austen-1815";"FICTION";"c";"a";"G";"dæg";"Strong";"A-Stem";"M";"l3";"k_l3";"c_lmod"
"salt:/ppcmbe2/austen-1815-2#sTok12823";"no";"no";"I mention no names ;";"names";"name";"1";"";"Austen, Jane";"l3";"austen-1815";"FICTION";"c";"a";"G";"nama";"Weak";"N-Stem";"M";"l3";"k_l3";"c_lmod"
"salt:/ppcmbe2/austen-181x-2#sTok346";"every";"every";"her to be out of doors and hard at work every day";"day";"day";"";"1";"Austen, Jane";"l3";"austen-181x";"LET PRIV";"c";"a";"G";"dæg";"Strong";"A-Stem";"M";"l3";"k_l3";"c_lmod"
"salt:/ppcmbe2/austen-181x-2#sTok1933";"half";"half";"half a year hence";"year";"year";"";"1";"Austen, Jane";"l3";"austen-181x";"LET PRIV";"c";"a";"G";"gear";"Strong";"A-Stem";"N";"l3";"k_l3";"c_lmod"
"salt:/ppcmbe2/austen-181x-2#sTok3669";"many";"many";"for many days";"days";"day";"1";"";"Austen, Jane";"l3";"austen-181x";"LET PRIV";"c";"a";"G";"dæg";"Strong";"A-Stem";"M";"l3";"k_l3";"c_lmod"
"salt:/ppcmbe2/austen-181x-2#sTok4208";"every";"every";"with every virtue under Heaven";"virtue";"virtue";"";"1";"Austen, Jane";"l3";"austen-181x";"LET PRIV";"u";"a";"R";"";"";"";"";"l3";"k_l3";"c_lmod"
"salt:/ppcmbe2/austen-181x-2#sTok4598";"no";"no";"to be <font> no Honey";"Honey";"honey";"";"1";"Austen, Jane";"l3";"austen-181x";"LET PRIV";"u";"s";"G";"hunig";"Strong";"A-Stem";"N";"l3";"k_l3";"c_lmod"
"salt:/ppcmbe2/austen-181x-2#sTok5933";"every";"every";"Harriet Knight comes every day to read to Aunt Cassandra .";"day";"day";"";"1";"Austen, Jane";"l3";"austen-181x";"LET PRIV";"c";"a";"G";"dæg";"Strong";"A-Stem";"M";"l3";"k_l3";"c_lmod"
"salt:/ppcmbe2/austen-181x-2#sTok6705";"half";"half";"half a year ago";"year";"year";"";"1";"Austen, Jane";"l3";"austen-181x";"LET PRIV";"c";"a";"G";"gear";"Strong";"A-Stem";"N";"l3";"k_l3";"c_lmod"
"salt:/ppcmbe2/austen-181x-2#sTok10724";"some";"some";"Caroline was sent to School some years";"years";"year";"1";"";"Austen, Jane";"l3";"austen-181x";"LET PRIV";"c";"a";"G";"gear";"Strong";"A-Stem";"N";"l3";"k_l3";"c_lmod"
"salt:/ppcmbe2/bain-1878-1#sTok590";"many";"many";"*T*-1 must spend many years in learning foreign languages";"years";"year";"1";"";"Bain, Alexander";"l4";"bain-1878";"EDUC TREAT";"c";"a";"G";"gear";"Strong";"A-Stem";"N";"l4";"l_l4";"c_lmod"
"salt:/ppcmbe2/bain-1878-1#sTok1335";"any";"any";"to any medical work of the ancient world";"work";"work";"";"1";"Bain, Alexander";"l4";"bain-1878";"EDUC TREAT";"u";"a";"G";"weorc";"Strong";"A-Stem";"N";"l4";"l_l4";"c_lmod"
"salt:/ppcmbe2/bain-1878-1#sTok1565";"no";"no";"Now there is no book 0 that *T*-2 has been so abundantly *ICH*-3 commented on *-2 as the Bible .";"book";"book";"";"1";"Bain, Alexander";"l4";"bain-1878";"EDUC TREAT";"c";"c";"G";"boc";"Weak";"Consonant-Stem";"F";"l4";"l_l4";"c_lmod"
"salt:/ppcmbe2/bain-1878-1#sTok7649";"several";"several";"for several years";"years";"year";"1";"";"Bain, Alexander";"l4";"bain-1878";"EDUC TREAT";"c";"a";"G";"gear";"Strong";"A-Stem";"N";"l4";"l_l4";"c_lmod"
"salt:/ppcmbe2/bain-1878-1#sTok10553";"each";"each";"of each day";"day";"day";"";"1";"Bain, Alexander";"l4";"bain-1878";"EDUC TREAT";"c";"a";"G";"dæg";"Strong";"A-Stem";"M";"l4";"l_l4";"c_lmod"
"salt:/ppcmbe2/baker-1742-2#sTok116";"each";"each";"before each Eye";"Eye";"eye";"";"1";"Baker, Henry";"l1";"baker-1742";"SCIENCE OTHER";"c";"c";"G";"eage";"Strong";"A-Stem";"M";"l1";"i_l1";"c_lmod"
"salt:/ppcmbe2/baker-1742-2#sTok3506";"some";"some";"some Years ago";"Years";"year";"1";"";"Baker, Henry";"l1";"baker-1742";"SCIENCE OTHER";"c";"a";"G";"gear";"Strong";"A-Stem";"N";"l1";"i_l1";"c_lmod"
"salt:/ppcmbe2/baker-1742-2#sTok4757";"all";"all";"all Creatures *ICH*-1 do * 0 that *T*-2 undergo such like Changes";"Creatures";"creature";"1";"";"Baker, Henry";"l1";"baker-1742";"SCIENCE OTHER";"c";"c";"R";"";"";"";"";"l1";"i_l1";"c_lmod"
"salt:/ppcmbe2/baker-1742-2#sTok4858";"several";"several";"for <P_195> several Days";"Days";"day";"1";"";"Baker, Henry";"l1";"baker-1742";"SCIENCE OTHER";"c";"a";"G";"dæg";"Strong";"A-Stem";"M";"l1";"i_l1";"c_lmod"
"salt:/ppcmbe2/baker-1742-2#sTok6788";"each";"each";"each Eye has a Violet-blew Pupil , clear and admirable , surrounded by a pale yellow Circle .";"Eye";"eye";"";"1";"Baker, Henry";"l1";"baker-1742";"SCIENCE OTHER";"c";"c";"G";"eage";"Strong";"A-Stem";"M";"l1";"i_l1";"c_lmod"
"salt:/ppcmbe2/baker-1742-2#sTok7726";"any";"any";"a <font> Gnat <$$font> finds any tender juicy Fruits , or Liquors";"Fruits";"fruit";"1";"";"Baker, Henry";"l1";"baker-1742";"SCIENCE OTHER";"c";"s";"R";"";"";"";"";"l1";"i_l1";"c_lmod"
"salt:/ppcmbe2/baker-1742-2#sTok9073";"several";"several";"continuing sometimes several Days";"Days";"day";"1";"";"Baker, Henry";"l1";"baker-1742";"SCIENCE OTHER";"c";"a";"G";"dæg";"Strong";"A-Stem";"M";"l1";"i_l1";"c_lmod"
"salt:/ppcmbe2/baker-1742-2#sTok11862";"all";"all";"devouring all their Substance";"Substance";"substance";"";"1";"Baker, Henry";"l1";"baker-1742";"SCIENCE OTHER";"c";"s";"R";"";"";"";"";"l1";"i_l1";"c_lmod"
"salt:/ppcmbe2/barclay-1743-1#sTok318";"every";"every";"*T*-1 every tree must be planted in a soil proper to its kind";"tree";"tree";"";"1";"Barclay, James";"l1";"barclay-1743";"EDUC TREAT";"c";"c";"G";"treow";"Strong";"A-Stem";"N";"l1";"i_l1";"c_lmod"
"salt:/ppcmbe2/barclay-1743-1#sTok996";"any";"any";"in any manner of instruction , publick or private";"manner";"manner";"";"1";"Barclay, James";"l1";"barclay-1743";"EDUC TREAT";"u";"a";"R";"";"";"";"";"l1";"i_l1";"c_lmod"
"salt:/ppcmbe2/barclay-1743-1#sTok2828";"no";"no";"at no manner of loss";"manner";"manner";"";"1";"Barclay, James";"l1";"barclay-1743";"EDUC TREAT";"u";"a";"R";"";"";"";"";"l1";"i_l1";"c_lmod"
"salt:/ppcmbe2/barclay-1743-1#sTok3237";"every";"every";"*T*-1 every day happens";"day";"day";"";"1";"Barclay, James";"l1";"barclay-1743";"EDUC TREAT";"c";"a";"G";"dæg";"Strong";"A-Stem";"M";"l1";"i_l1";"c_lmod"
"salt:/ppcmbe2/barclay-1743-1#sTok3642";"no";"no";"they have no manner of concern *ICH*-1";"manner";"manner";"";"1";"Barclay, James";"l1";"barclay-1743";"EDUC TREAT";"u";"a";"R";"";"";"";"";"l1";"i_l1";"c_lmod"
"salt:/ppcmbe2/barclay-1743-1#sTok6986";"any";"any";"*T*-1 without these , will qualify any man for a teacher";"man";"man";"";"1";"Barclay, James";"l1";"barclay-1743";"EDUC TREAT";"c";"c";"G";"mann";"Weak";"Consonant-Stem";"M/N";"l1";"i_l1";"c_lmod"
"salt:/ppcmbe2/barclay-1743-1#sTok7931";"any";"any";"or any book as much after the <font> Latin <$$font> idiom";"book";"book";"";"1";"Barclay, James";"l1";"barclay-1743";"EDUC TREAT";"c";"c";"G";"boc";"Weak";"Consonant-Stem";"F";"l1";"i_l1";"c_lmod"
"salt:/ppcmbe2/barclay-1743-1#sTok8199";"any";"any";"or any other book whence 0 *T*-1 they have learned their phrases";"book";"book";"";"1";"Barclay, James";"l1";"barclay-1743";"EDUC TREAT";"c";"c";"G";"boc";"Weak";"Consonant-Stem";"F";"l1";"i_l1";"c_lmod"
"salt:/ppcmbe2/barclay-1743-1#sTok10686";"all";"all";"with all manner of <font> English <$$font> words";"manner";"manner";"";"1";"Barclay, James";"l1";"barclay-1743";"EDUC TREAT";"u";"a";"R";"";"";"";"";"l1";"i_l1";"c_lmod"
"salt:/ppcmbe2/barclay-1743-1#sTok11269";"any";"any";"to any particular name or substantive noun";"name";"name";"";"1";"Barclay, James";"l1";"barclay-1743";"EDUC TREAT";"c";"a";"G";"nama";"Weak";"N-Stem";"M";"l1";"i_l1";"c_lmod"
"salt:/ppcmbe2/barclay-1743-1#sTok11441";"every";"every";"of every particular day";"day";"day";"";"1";"Barclay, James";"l1";"barclay-1743";"EDUC TREAT";"c";"a";"G";"dæg";"Strong";"A-Stem";"M";"l1";"i_l1";"c_lmod"
"salt:/ppcmbe2/barclay-1743-2#sTok1660";"no";"no";"But even the publick encouragement , or pensions , allowed the instructors of youth , bear no manner of proportion to their vast labour , and the services expected from them .";"manner";"manner";"";"1";"Barclay, James";"l1";"barclay-1743";"EDUC TREAT";"u";"a";"R";"";"";"";"";"l1";"i_l1";"c_lmod"
"salt:/ppcmbe2/barclay-1743-2#sTok1719";"any";"any";"Will ever any man of tolerable taste , spend both time and money in a long course of education , that he may be capable of such instructions";"man";"man";"";"1";"Barclay, James";"l1";"barclay-1743";"EDUC TREAT";"c";"c";"G";"mann";"Weak";"Consonant-Stem";"M/N";"l1";"i_l1";"c_lmod"
"salt:/ppcmbe2/barclay-1743-2#sTok2308";"any";"any";"any man of the least merit apply himself to the instruction of youth";"man";"man";"";"1";"Barclay, James";"l1";"barclay-1743";"EDUC TREAT";"c";"c";"G";"mann";"Weak";"Consonant-Stem";"M/N";"l1";"i_l1";"c_lmod"
"salt:/ppcmbe2/bardsley-1807-1#sTok1989";"several";"several";"several years standing";"years";"year";"1";"";"Bardsley, Samuel Argent";"l2";"bardsley-1807";"SCIENCE MEDICINE";"c";"a";"G";"gear";"Strong";"A-Stem";"N";"l2";"j_l2";"c_lmod"
"salt:/ppcmbe2/bardsley-1807-1#sTok5215";"many";"many";"from many years back";"years";"year";"1";"";"Bardsley, Samuel Argent";"l2";"bardsley-1807";"SCIENCE MEDICINE";"c";"a";"G";"gear";"Strong";"A-Stem";"N";"l2";"j_l2";"c_lmod"
"salt:/ppcmbe2/bardsley-1807-1#sTok6816";"few";"few";"of a few days";"days";"day";"1";"";"Bardsley, Samuel Argent";"l2";"bardsley-1807";"SCIENCE MEDICINE";"c";"a";"G";"dæg";"Strong";"A-Stem";"M";"l2";"j_l2";"c_lmod"
"salt:/ppcmbe2/bardsley-1807-1#sTok8238";"few";"few";"in a few years";"years";"year";"1";"";"Bardsley, Samuel Argent";"l2";"bardsley-1807";"SCIENCE MEDICINE";"c";"a";"G";"gear";"Strong";"A-Stem";"N";"l2";"j_l2";"c_lmod"
"salt:/ppcmbe2/bardsley-1807-1#sTok8697";"both";"both";"of both hands";"hands";"hand";"1";"";"Bardsley, Samuel Argent";"l2";"bardsley-1807";"SCIENCE MEDICINE";"c";"c";"G";"hand";"Strong";"U-Stem";"F";"l2";"j_l2";"c_lmod"
"salt:/ppcmbe2/bardsley-1807-1#sTok9140";"each";"each";"To go into a slipper-bath *ICH*-1 each night at 100 degrees";"night";"night";"";"1";"Bardsley, Samuel Argent";"l2";"bardsley-1807";"SCIENCE MEDICINE";"c";"a";"G";"niht";"Strong";"A-Stem";"N";"l2";"j_l2";"c_lmod"
"salt:/ppcmbe2/bardsley-1807-1#sTok9369";"each";"each";"to be rubbed upon the inside of the legs and thighs each night , after the use of a slipper-bath , heated to 94 degrees";"night";"night";"";"1";"Bardsley, Samuel Argent";"l2";"bardsley-1807";"SCIENCE MEDICINE";"c";"a";"G";"niht";"Strong";"A-Stem";"N";"l2";"j_l2";"c_lmod"
"salt:/ppcmbe2/bardsley-1807-1#sTok9558";"few";"few";"within these few days";"days";"day";"1";"";"Bardsley, Samuel Argent";"l2";"bardsley-1807";"SCIENCE MEDICINE";"c";"a";"G";"dæg";"Strong";"A-Stem";"M";"l2";"j_l2";"c_lmod"
"salt:/ppcmbe2/barton-gresswell-1906-2#sTok424";"few";"few";"Within the last few years";"years";"year";"1";"";"Barton, Frank Townend, and George Gresswell.";"l4";"barton-gresswell-1906";"SCIENCE MEDICINE";"c";"a";"G";"gear";"Strong";"A-Stem";"N";"l4";"l_l4";"c_lmod"
"salt:/ppcmbe2/barton-gresswell-1906-2#sTok2167";"several";"several";"of several deaths in man from anthrax";"deaths";"death";"1";"";"Barton, Frank Townend, and George Gresswell.";"l4";"barton-gresswell-1906";"SCIENCE MEDICINE";"u";"a";"G";"deaþ";"Strong";"A-Stem";"M";"l4";"l_l4";"c_lmod"
"salt:/ppcmbe2/barton-gresswell-1906-2#sTok2198";"several";"several";"of several deaths";"deaths";"death";"1";"";"Barton, Frank Townend, and George Gresswell.";"l4";"barton-gresswell-1906";"SCIENCE MEDICINE";"u";"a";"G";"deaþ";"Strong";"A-Stem";"M";"l4";"l_l4";"c_lmod"
"salt:/ppcmbe2/barton-gresswell-1906-2#sTok5401";"no";"no";"it shows any signs of illness , no matter how simple 0 *T*-1 the ailment may appear at first";"matter";"matter";"";"1";"Barton, Frank Townend, and George Gresswell.";"l4";"barton-gresswell-1906";"SCIENCE MEDICINE";"c";"s";"R";"";"";"";"";"l4";"l_l4";"c_lmod"
"salt:/ppcmbe2/barton-gresswell-1906-2#sTok5737";"some";"some";"along with some other men";"men";"man";"1";"";"Barton, Frank Townend, and George Gresswell.";"l4";"barton-gresswell-1906";"SCIENCE MEDICINE";"c";"c";"G";"mann";"Weak";"Consonant-Stem";"M/N";"l4";"l_l4";"c_lmod"
"salt:/ppcmbe2/barton-gresswell-1906-2#sTok5753";"some";"some";"In so doing some blood was left in the foldyard where 0 *T*-1 a number of pigs were kept .";"blood";"blood";"";"1";"Barton, Frank Townend, and George Gresswell.";"l4";"barton-gresswell-1906";"SCIENCE MEDICINE";"u";"s";"G";"blod";"Strong";"A-Stem";"N";"l4";"l_l4";"c_lmod"
"salt:/ppcmbe2/barton-gresswell-1906-2#sTok6666";"some";"some";"for some boiling water";"water";"water";"";"1";"Barton, Frank Townend, and George Gresswell.";"l4";"barton-gresswell-1906";"SCIENCE MEDICINE";"u";"s";"G";"wæter";"Strong";"A-Stem";"N";"l4";"l_l4";"c_lmod"
"salt:/ppcmbe2/barton-gresswell-1906-2#sTok7231";"some";"some";"of some years";"years";"year";"1";"";"Barton, Frank Townend, and George Gresswell.";"l4";"barton-gresswell-1906";"SCIENCE MEDICINE";"c";"a";"G";"gear";"Strong";"A-Stem";"N";"l4";"l_l4";"c_lmod"
"salt:/ppcmbe2/barton-gresswell-1906-2#sTok7423";"any";"any";"in any country";"country";"country";"";"1";"Barton, Frank Townend, and George Gresswell.";"l4";"barton-gresswell-1906";"SCIENCE MEDICINE";"c";"c";"R";"";"";"";"";"l4";"l_l4";"c_lmod"
"salt:/ppcmbe2/barton-gresswell-1906-2#sTok7617";"many";"many";"of the many years of patient labour by these and numerous other workers";"years";"year";"1";"";"Barton, Frank Townend, and George Gresswell.";"l4";"barton-gresswell-1906";"SCIENCE MEDICINE";"c";"a";"G";"gear";"Strong";"A-Stem";"N";"l4";"l_l4";"c_lmod"
"salt:/ppcmbe2/beale-1898-2#sTok99";"all";"all";"but all the intellectual work must of course be conditioned by the necessities of the physical life ,";"work";"work";"";"1";"Beale, Dorothea";"l4";"beale-1898";"EDUC TREAT";"u";"a";"G";"weorc";"Strong";"A-Stem";"N";"l4";"l_l4";"c_lmod"
"salt:/ppcmbe2/beale-1898-2#sTok1724";"every";"every";"We see every year at the Conference of Women Workers , that the seed sown in faith has brought forth fruit ; that the whole aspect of the woman's realm has changed since the days of Evelina and Miss Austen .";"year";"year";"";"1";"Beale, Dorothea";"l4";"beale-1898";"EDUC TREAT";"c";"a";"G";"gear";"Strong";"A-Stem";"N";"l4";"l_l4";"c_lmod"
"salt:/ppcmbe2/beale-1898-2#sTok3246";"some";"some";"I have mentioned at the close of the introduction some books not too large or difficult which 0 *T*-1 will be helpful to those who 0 *T*-2 desire to begin the serious study of the subjects included under the general heading of pedagogy .";"books";"book";"1";"";"Beale, Dorothea";"l4";"beale-1898";"EDUC TREAT";"c";"c";"G";"boc";"Weak";"Consonant-Stem";"F";"l4";"l_l4";"c_lmod"
"salt:/ppcmbe2/beale-1898-2#sTok3486";"some";"some";"or some manual work";"work";"work";"";"1";"Beale, Dorothea";"l4";"beale-1898";"EDUC TREAT";"u";"a";"G";"weorc";"Strong";"A-Stem";"N";"l4";"l_l4";"c_lmod"
"salt:/ppcmbe2/beale-1898-2#sTok3531";"each";"each";"the total cubic content might be the same each year ,";"year";"year";"";"1";"Beale, Dorothea";"l4";"beale-1898";"EDUC TREAT";"c";"a";"G";"gear";"Strong";"A-Stem";"N";"l4";"l_l4";"c_lmod"
"salt:/ppcmbe2/beale-1898-2#sTok5681";"some";"some";"some years ago";"years";"year";"1";"";"Beale, Dorothea";"l4";"beale-1898";"EDUC TREAT";"c";"a";"G";"gear";"Strong";"A-Stem";"N";"l4";"l_l4";"c_lmod"
"salt:/ppcmbe2/beale-1898-2#sTok6718";"each";"each";"classes and teachers change for the child each year";"year";"year";"";"1";"Beale, Dorothea";"l4";"beale-1898";"EDUC TREAT";"c";"a";"G";"gear";"Strong";"A-Stem";"N";"l4";"l_l4";"c_lmod"
"salt:/ppcmbe2/beale-1898-2#sTok8034";"some";"some";"in some books";"books";"book";"1";"";"Beale, Dorothea";"l4";"beale-1898";"EDUC TREAT";"c";"c";"G";"boc";"Weak";"Consonant-Stem";"F";"l4";"l_l4";"c_lmod"
"salt:/ppcmbe2/beale-1898-2#sTok8042";"some";"some";"and some dialogue books are so *ICH*-1 printed , that the French $can $not {TEXT:cannot} be covered ;";"books";"book";"1";"";"Beale, Dorothea";"l4";"beale-1898";"EDUC TREAT";"c";"c";"G";"boc";"Weak";"Consonant-Stem";"F";"l4";"l_l4";"c_lmod"
"salt:/ppcmbe2/beddingfield-1763-2#sTok349";"both";"both";"you the said <font> Richard , <$$font> both your hands about the neck of the said <font> John , <$$font> then and there did fix and fasten";"hands";"hand";"1";"";"n/a";"l2";"beddingfield-1763";"PROC TRIAL";"c";"c";"G";"hand";"Strong";"U-Stem";"F";"l2";"j_l2";"c_lmod"
"salt:/ppcmbe2/beddingfield-1763-2#sTok379";"both";"both";"both your hands so as aforesaid fixed and fastened about the neck of the said <font> John";"hands";"hand";"1";"";"n/a";"l2";"beddingfield-1763";"PROC TRIAL";"c";"c";"G";"hand";"Strong";"U-Stem";"F";"l2";"j_l2";"c_lmod"
"salt:/ppcmbe2/beddingfield-1763-2#sTok1462";"both";"both";"the said <font> Richard <$$font> both his hands about the neck of the said <font> John <$$font> then and there did fix and fasten";"hands";"hand";"1";"";"n/a";"l2";"beddingfield-1763";"PROC TRIAL";"c";"c";"G";"hand";"Strong";"U-Stem";"F";"l2";"j_l2";"c_lmod"
"salt:/ppcmbe2/beddingfield-1763-2#sTok1491";"both";"both";"both his hands so as aforesaid fixed and fastened about the neck of the said <font> John";"hands";"hand";"1";"";"n/a";"l2";"beddingfield-1763";"PROC TRIAL";"c";"c";"G";"hand";"Strong";"U-Stem";"F";"l2";"j_l2";"c_lmod"
"salt:/ppcmbe2/beddingfield-1763-2#sTok2846";"all";"all";"all the night before";"night";"night";"";"1";"n/a";"l2";"beddingfield-1763";"PROC TRIAL";"c";"a";"G";"niht";"Strong";"A-Stem";"N";"l2";"j_l2";"c_lmod"
"salt:/ppcmbe2/beddingfield-1763-2#sTok10199";"any";"any";"Is there any sudden death , natural death , 0 that *T*-2 will give a man a blackness and swelling in the face";"death";"death";"";"1";"n/a";"l2";"beddingfield-1763";"PROC TRIAL";"u";"a";"G";"deaþ";"Strong";"A-Stem";"M";"l2";"j_l2";"c_lmod"
"salt:/ppcmbe2/beddingfield-1763-2#sTok10319";"any";"any";"of any man who 0 *T*-2 catches another , a strong man in his sleep , by the throat";"man";"man";"";"1";"n/a";"l2";"beddingfield-1763";"PROC TRIAL";"c";"c";"G";"mann";"Weak";"Consonant-Stem";"M/N";"l2";"j_l2";"c_lmod"
"salt:/ppcmbe2/beddingfield-1763-2#sTok11008";"both";"both";"having both his hands at liberty";"hands";"hand";"1";"";"n/a";"l2";"beddingfield-1763";"PROC TRIAL";"c";"c";"G";"hand";"Strong";"U-Stem";"F";"l2";"j_l2";"c_lmod"
"salt:/ppcmbe2/beddingfield-1763-2#sTok11027";"any";"any";"any man could lie so still";"man";"man";"";"1";"n/a";"l2";"beddingfield-1763";"PROC TRIAL";"c";"c";"G";"mann";"Weak";"Consonant-Stem";"M/N";"l2";"j_l2";"c_lmod"
"salt:/ppcmbe2/beddingfield-1763-2#sTok13122";"all";"all";"<font> Cryer <$$font> . <$$bracket> <font> Oyez ! <$$font> My lords the king's justices do strictly charge and command all manner of persons to keep silence while 0 sentence of death is passing on the prisoners at the bar , upon pain of imprisonment .";"manner";"manner";"";"1";"n/a";"l2";"beddingfield-1763";"PROC TRIAL";"u";"a";"R";"";"";"";"";"l2";"j_l2";"c_lmod"
"salt:/ppcmbe2/bell-1911-2#sTok1933";"every";"every";"every night there were murders ,";"night";"night";"";"1";"Bell, Gertrude";"l4";"bell-1911";"TRAVELOGUE";"c";"a";"G";"niht";"Strong";"A-Stem";"N";"l4";"l_l4";"c_lmod"
"salt:/ppcmbe2/bell-1911-2#sTok2114";"all";"all";"But at the end of a year he assembled all the chief men";"men";"man";"1";"";"Bell, Gertrude";"l4";"bell-1911";"TRAVELOGUE";"c";"c";"G";"mann";"Weak";"Consonant-Stem";"M/N";"l4";"l_l4";"c_lmod"
"salt:/ppcmbe2/bell-1911-2#sTok2204";"no";"no";"and as long as 0 0 *T*-1 Hamdi` Bey remained at Basrah no man troubled to lock his door .";"man";"man";"";"1";"Bell, Gertrude";"l4";"bell-1911";"TRAVELOGUE";"c";"c";"G";"mann";"Weak";"Consonant-Stem";"M/N";"l4";"l_l4";"c_lmod"
"salt:/ppcmbe2/bell-1911-2#sTok2676";"every";"every";"every year a deeper and a stronger stream flows down the Hindi`yeh ,";"year";"year";"";"1";"Bell, Gertrude";"l4";"bell-1911";"TRAVELOGUE";"c";"a";"G";"gear";"Strong";"A-Stem";"N";"l4";"l_l4";"c_lmod"
"salt:/ppcmbe2/bell-1911-2#sTok2724";"all";"all";"all the country along the river-bank below Hilleh has gone out of cultivation";"country";"country";"";"1";"Bell, Gertrude";"l4";"bell-1911";"TRAVELOGUE";"c";"c";"R";"";"";"";"";"l4";"l_l4";"c_lmod"
"salt:/ppcmbe2/bell-1911-2#sTok3161";"every";"every";"from every man";"man";"man";"";"1";"Bell, Gertrude";"l4";"bell-1911";"TRAVELOGUE";"c";"c";"G";"mann";"Weak";"Consonant-Stem";"M/N";"l4";"l_l4";"c_lmod"
"salt:/ppcmbe2/bell-1911-2#sTok3991";"no";"no";"there are no other trees in these regions -";"trees";"tree";"1";"";"Bell, Gertrude";"l4";"bell-1911";"TRAVELOGUE";"c";"c";"G";"treow";"Strong";"A-Stem";"N";"l4";"l_l4";"c_lmod"
"salt:/ppcmbe2/bell-1911-2#sTok4766";"no";"no";"For more than a thousand years after the fall of Babylon no man building in its neighbourhood was at the pains to construct brick-kilns ,";"man";"man";"";"1";"Bell, Gertrude";"l4";"bell-1911";"TRAVELOGUE";"c";"c";"G";"mann";"Weak";"Consonant-Stem";"M/N";"l4";"l_l4";"c_lmod"
"salt:/ppcmbe2/bell-1911-2#sTok6119";"no";"no";"It will be no easy matter to continue the work here .";"matter";"matter";"";"1";"Bell, Gertrude";"l4";"bell-1911";"TRAVELOGUE";"c";"s";"R";"";"";"";"";"l4";"l_l4";"c_lmod"
"salt:/ppcmbe2/bell-1911-2#sTok6193";"several";"several";"for several days";"days";"day";"1";"";"Bell, Gertrude";"l4";"bell-1911";"TRAVELOGUE";"c";"a";"G";"dæg";"Strong";"A-Stem";"M";"l4";"l_l4";"c_lmod"
"salt:/ppcmbe2/bell-1911-2#sTok6446";"several";"several";"for several years";"years";"year";"1";"";"Bell, Gertrude";"l4";"bell-1911";"TRAVELOGUE";"c";"a";"G";"gear";"Strong";"A-Stem";"N";"l4";"l_l4";"c_lmod"
"salt:/ppcmbe2/bell-1911-2#sTok9330";"no";"no";"there was , in fact , no water on the road .";"water";"water";"";"1";"Bell, Gertrude";"l4";"bell-1911";"TRAVELOGUE";"u";"s";"G";"wæter";"Strong";"A-Stem";"N";"l4";"l_l4";"c_lmod"
"salt:/ppcmbe2/bell-1911-2#sTok10818";"some";"some";"and some days passed before 0 Sa'd announced to the army that he had resolved to make the venture .";"days";"day";"1";"";"Bell, Gertrude";"l4";"bell-1911";"TRAVELOGUE";"c";"a";"G";"dæg";"Strong";"A-Stem";"M";"l4";"l_l4";"c_lmod"
"salt:/ppcmbe2/bell-1911-2#sTok12337";"few";"few";"During the few days which 0 *T*-1 I spent in Baghda`d";"days";"day";"1";"";"Bell, Gertrude";"l4";"bell-1911";"TRAVELOGUE";"c";"a";"G";"dæg";"Strong";"A-Stem";"M";"l4";"l_l4";"c_lmod"
"salt:/ppcmbe2/bennett-1911-2#sTok1267";"any";"any";"any man could have as much common-sense *ICH*-1 , beforehand {COM:\"before\"_in_italics} , as 0 0 *T*-2 you have , Cedric , Not to speak of courage";"man";"man";"";"1";"Bennett, Arnold";"l4";"bennett-1911";"DRAMA COMEDY";"c";"c";"G";"mann";"Weak";"Consonant-Stem";"M/N";"l4";"l_l4";"c_lmod"
"salt:/ppcmbe2/bennett-1911-2#sTok1460";"all";"all";"Cedric . And here all these years $I $'ve {TEXT:I've} been taking myself for rather a crafty person !";"years";"year";"1";"";"Bennett, Arnold";"l4";"bennett-1911";"DRAMA COMEDY";"c";"a";"G";"gear";"Strong";"A-Stem";"N";"l4";"l_l4";"c_lmod"
"salt:/ppcmbe2/bennett-1911-2#sTok4310";"all";"all";"to hear a strange language all the day";"day";"day";"";"1";"Bennett, Arnold";"l4";"bennett-1911";"DRAMA COMEDY";"c";"a";"G";"dæg";"Strong";"A-Stem";"M";"l4";"l_l4";"c_lmod"
"salt:/ppcmbe2/bennett-1911-2#sTok4808";"every";"every";"I read it every day .";"day";"day";"";"1";"Bennett, Arnold";"l4";"bennett-1911";"DRAMA COMEDY";"c";"a";"G";"dæg";"Strong";"A-Stem";"M";"l4";"l_l4";"c_lmod"
"salt:/ppcmbe2/bennett-1911-2#sTok6535";"all";"all";"of all days";"days";"day";"1";"";"Bennett, Arnold";"l4";"bennett-1911";"DRAMA COMEDY";"c";"a";"G";"dæg";"Strong";"A-Stem";"M";"l4";"l_l4";"c_lmod"
"salt:/ppcmbe2/bennett-1911-2#sTok12712";"all";"all";"of all days";"days";"day";"1";"";"Bennett, Arnold";"l4";"bennett-1911";"DRAMA COMEDY";"c";"a";"G";"dæg";"Strong";"A-Stem";"M";"l4";"l_l4";"c_lmod"
"salt:/ppcmbe2/bennett-1911-2#sTok13013";"every";"every";"As 0 0 *T*-1 you know , I publish every year a detailed account of all my expenditure , personal and otherwise ,";"year";"year";"";"1";"Bennett, Arnold";"l4";"bennett-1911";"DRAMA COMEDY";"c";"a";"G";"gear";"Strong";"A-Stem";"N";"l4";"l_l4";"c_lmod"
"salt:/ppcmbe2/benson-1908-1#sTok25";"every";"every";"every man must find out his own method";"man";"man";"";"1";"Benson, Arthur Christopher";"l4";"benson-1908";"EDUC TREAT";"c";"c";"G";"mann";"Weak";"Consonant-Stem";"M/N";"l4";"l_l4";"c_lmod"
"salt:/ppcmbe2/benson-1908-1#sTok1091";"some";"some";"to some less strenuous work";"work";"work";"";"1";"Benson, Arthur Christopher";"l4";"benson-1908";"EDUC TREAT";"u";"a";"G";"weorc";"Strong";"A-Stem";"N";"l4";"l_l4";"c_lmod"
"salt:/ppcmbe2/benson-1908-1#sTok1281";"few";"few";"But few men will probably have sufficient mental agility";"men";"man";"1";"";"Benson, Arthur Christopher";"l4";"benson-1908";"EDUC TREAT";"c";"c";"G";"mann";"Weak";"Consonant-Stem";"M/N";"l4";"l_l4";"c_lmod"
"salt:/ppcmbe2/benson-1908-1#sTok2347";"all";"all";"in all the work 0 that *T*-2 he does";"work";"work";"";"1";"Benson, Arthur Christopher";"l4";"benson-1908";"EDUC TREAT";"u";"a";"G";"weorc";"Strong";"A-Stem";"N";"l4";"l_l4";"c_lmod"
"salt:/ppcmbe2/benson-1908-1#sTok3212";"some";"some";"some days after";"days";"day";"1";"";"Benson, Arthur Christopher";"l4";"benson-1908";"EDUC TREAT";"c";"a";"G";"dæg";"Strong";"A-Stem";"M";"l4";"l_l4";"c_lmod"
"salt:/ppcmbe2/benson-1908-1#sTok6297";"some";"some";"some years hence";"years";"year";"1";"";"Benson, Arthur Christopher";"l4";"benson-1908";"EDUC TREAT";"c";"a";"G";"gear";"Strong";"A-Stem";"N";"l4";"l_l4";"c_lmod"
"salt:/ppcmbe2/benson-1908-1#sTok8135";"all";"all";"those in authority resolutely diminishing all work 0 that *T*-2 is unprofitable from the master's point of view";"work";"work";"";"1";"Benson, Arthur Christopher";"l4";"benson-1908";"EDUC TREAT";"u";"a";"G";"weorc";"Strong";"A-Stem";"N";"l4";"l_l4";"c_lmod"
"salt:/ppcmbe2/benson-1908-1#sTok8958";"some";"some";"to some men";"men";"man";"1";"";"Benson, Arthur Christopher";"l4";"benson-1908";"EDUC TREAT";"c";"c";"G";"mann";"Weak";"Consonant-Stem";"M/N";"l4";"l_l4";"c_lmod"
"salt:/ppcmbe2/benson-1908-1#sTok9368";"many";"many";"in many men who 0 *T*-1 have no experience of paternity";"men";"man";"1";"";"Benson, Arthur Christopher";"l4";"benson-1908";"EDUC TREAT";"c";"c";"G";"mann";"Weak";"Consonant-Stem";"M/N";"l4";"l_l4";"c_lmod"
"salt:/ppcmbe2/benson-1908-1#sTok9742";"several";"several";"for several years";"years";"year";"1";"";"Benson, Arthur Christopher";"l4";"benson-1908";"EDUC TREAT";"c";"a";"G";"gear";"Strong";"A-Stem";"N";"l4";"l_l4";"c_lmod"
"salt:/ppcmbe2/benson-1908-1#sTok10303";"some";"some";"of some men";"men";"man";"1";"";"Benson, Arthur Christopher";"l4";"benson-1908";"EDUC TREAT";"c";"c";"G";"mann";"Weak";"Consonant-Stem";"M/N";"l4";"l_l4";"c_lmod"
"salt:/ppcmbe2/benson-1908-1#sTok10612";"any";"any";"about any matter 0 that it is wise *T*-1 to tell them";"matter";"matter";"";"1";"Benson, Arthur Christopher";"l4";"benson-1908";"EDUC TREAT";"c";"s";"R";"";"";"";"";"l4";"l_l4";"c_lmod"
"salt:/ppcmbe2/benson-190x-1#sTok1776";"all";"all";"with all my heart";"heart";"heart";"";"1";"Benson, Arthur Christopher";"l4";"benson-190x";"DIARY PRIV";"c";"c";"G";"heorte";"Weak";"N-Stem";"F";"l4";"l_l4";"c_lmod"
"salt:/ppcmbe2/benson-190x-1#sTok7135";"all";"all";"with <P_121> all my heart";"heart";"heart";"";"1";"Benson, Arthur Christopher";"l4";"benson-190x";"DIARY PRIV";"c";"c";"G";"heorte";"Weak";"N-Stem";"F";"l4";"l_l4";"c_lmod"
"salt:/ppcmbe2/benson-190x-1#sTok7161";"half";"half";"and half devil";"devil";"devil";"";"1";"Benson, Arthur Christopher";"l4";"benson-190x";"DIARY PRIV";"c";"c";"G";"deofol";"Strong";"A-Stem";"M";"l4";"l_l4";"c_lmod"
"salt:/ppcmbe2/benson-190x-1#sTok7282";"all";"all";"with all my heart";"heart";"heart";"";"1";"Benson, Arthur Christopher";"l4";"benson-190x";"DIARY PRIV";"c";"c";"G";"heorte";"Weak";"N-Stem";"F";"l4";"l_l4";"c_lmod"
"salt:/ppcmbe2/benson-190x-1#sTok9228";"all";"all";"yesterday the thought was about me all day , not sadly , but with a grave solemnity";"day";"day";"";"1";"Benson, Arthur Christopher";"l4";"benson-190x";"DIARY PRIV";"c";"a";"G";"dæg";"Strong";"A-Stem";"M";"l4";"l_l4";"c_lmod"
"salt:/ppcmbe2/benson-190x-1#sTok9254";"all";"all";"to all my work on the Queen's Letters";"work";"work";"";"1";"Benson, Arthur Christopher";"l4";"benson-190x";"DIARY PRIV";"u";"a";"G";"weorc";"Strong";"A-Stem";"N";"l4";"l_l4";"c_lmod"
"salt:/ppcmbe2/boethja-1897-1#sTok2862";"every";"every";"So every man who 0 *T*-1 is happy is a god ;";"man";"man";"";"1";"James, Henry Rosher (translator).";"l4";"boethja-1897";"PHILOSOPHY";"c";"c";"G";"mann";"Weak";"Consonant-Stem";"M/N";"l4";"l_l4";"c_lmod"
"salt:/ppcmbe2/boethja-1897-1#sTok4452";"every";"every";"For every creature diligently pursues the end of self-preservation ,";"creature";"creature";"";"1";"James, Henry Rosher (translator).";"l4";"boethja-1897";"PHILOSOPHY";"c";"c";"R";"";"";"";"";"l4";"l_l4";"c_lmod"
"salt:/ppcmbe2/boethja-1897-1#sTok6307";"some";"some";"to one thus wretched , one destitute of all good , some further evil be added beside those which 0 *T*-1 make him wretched";"evil";"evil";"";"1";"James, Henry Rosher (translator).";"l4";"boethja-1897";"PHILOSOPHY";"u";"a";"G";"yfel";"Strong";"A-Stem";"N";"l4";"l_l4";"c_lmod"
"salt:/ppcmbe2/boethja-1897-1#sTok7234";"every";"every";"every wicked man deserves punishment";"man";"man";"";"1";"James, Henry Rosher (translator).";"l4";"boethja-1897";"PHILOSOPHY";"c";"c";"G";"mann";"Weak";"Consonant-Stem";"M/N";"l4";"l_l4";"c_lmod"
"salt:/ppcmbe2/boethja-1897-1#sTok9412";"some";"some";"*T*-5 some sick men are best alleviated by mild remedies";"men";"man";"1";"";"James, Henry Rosher (translator).";"l4";"boethja-1897";"PHILOSOPHY";"c";"c";"G";"mann";"Weak";"Consonant-Stem";"M/N";"l4";"l_l4";"c_lmod"
"salt:/ppcmbe2/boethja-1897-1#sTok9807";"all";"all";"in all virtue";"virtue";"virtue";"";"1";"James, Henry Rosher (translator).";"l4";"boethja-1897";"PHILOSOPHY";"u";"a";"R";"";"";"";"";"l4";"l_l4";"c_lmod"
"salt:/ppcmbe2/boethja-1897-1#sTok10716";"all";"all";"and while 0 He studies to preserve in likeness to Himself all 0 that *T*-1 He has created , He banishes all evil from the borders of His commonweal through the links of fatal necessity . Whereby 0 *T*-2 it comes to pass that , if 0 thou look to disposing providence <P_164> thou wilt nowhere find the evils which 0 *T*-4 are believed *-5 so to abound on earth .";"evil";"evil";"";"1";"James, Henry Rosher (translator).";"l4";"boethja-1897";"PHILOSOPHY";"u";"a";"G";"yfel";"Strong";"A-Stem";"N";"l4";"l_l4";"c_lmod"
"salt:/ppcmbe2/boethja-1897-2#sTok2837";"no";"no";"thou hast no right to complain , as if 0 thou hadst lost what 0 *T*-1 was wholly thine .";"right";"right";"";"1";"James, Henry Rosher (translator).";"l4";"boethja-1897";"PHILOSOPHY";"c";"a";"G";"riht";"Strong";"A-Stem";"N";"l4";"l_l4";"c_lmod"
"salt:/ppcmbe2/boethja-1897-2#sTok4406";"all";"all";"of all her graces";"graces";"grace";"1";"";"James, Henry Rosher (translator).";"l4";"boethja-1897";"PHILOSOPHY";"u";"a";"R";"";"";"";"";"l4";"l_l4";"c_lmod"
"salt:/ppcmbe2/boethja-1897-2#sTok7167";"all";"all";"to possess all the gold and gems 0 0 *T*-3 the world contains";"gold";"gold";"";"1";"James, Henry Rosher (translator).";"l4";"boethja-1897";"PHILOSOPHY";"u";"s";"G";"gold";"Strong";"A-Stem";"N";"l4";"l_l4";"c_lmod"
"salt:/ppcmbe2/boethja-1897-2#sTok10280";"All";"all";"All mortal creatures in those anxious aims which 0 *T*-1 find employment in so many varied pursuits , though 0 they take many paths , yet strive to reach one goal - the goal of happiness";"creatures";"creature";"1";"";"James, Henry Rosher (translator).";"l4";"boethja-1897";"PHILOSOPHY";"c";"c";"R";"";"";"";"";"l4";"l_l4";"c_lmod"
"salt:/ppcmbe2/boethja-1897-2#sTok10435";"all";"all";"To this state , as 0 0 *T*-2 we have said , all men try *ICH*-1 to attain";"men";"man";"1";"";"James, Henry Rosher (translator).";"l4";"boethja-1897";"PHILOSOPHY";"c";"c";"G";"mann";"Weak";"Consonant-Stem";"M/N";"l4";"l_l4";"c_lmod"
"salt:/ppcmbe2/boethja-1897-2#sTok11921";"every";"every";"every day the stronger wrests it from the weaker without his consent";"day";"day";"";"1";"James, Henry Rosher (translator).";"l4";"boethja-1897";"PHILOSOPHY";"c";"a";"G";"dæg";"Strong";"A-Stem";"M";"l4";"l_l4";"c_lmod"
"salt:/ppcmbe2/boethja-1897-2#sTok13145";"each";"each";"*T*-3 each several king holds no sway";"king";"king";"";"1";"James, Henry Rosher (translator).";"l4";"boethja-1897";"PHILOSOPHY";"c";"c";"G";"cyning";"Strong";"A-Stem";"M";"l4";"l_l4";"c_lmod"
"salt:/ppcmbe2/boethja-1897-2#sTok13146";"several";"several";"*T*-3 each several king holds no sway";"king";"king";"";"1";"James, Henry Rosher (translator).";"l4";"boethja-1897";"PHILOSOPHY";"c";"c";"G";"cyning";"Strong";"A-Stem";"M";"l4";"l_l4";"c_lmod"
"salt:/ppcmbe2/boethja-1897-2#sTok13843";"any";"any";"of any single man";"man";"man";"";"1";"James, Henry Rosher (translator).";"l4";"boethja-1897";"PHILOSOPHY";"c";"c";"G";"mann";"Weak";"Consonant-Stem";"M/N";"l4";"l_l4";"c_lmod"
"salt:/ppcmbe2/boethja-1897-2#sTok14499";"all";"all";"through all manner of hardships";"manner";"manner";"";"1";"James, Henry Rosher (translator).";"l4";"boethja-1897";"PHILOSOPHY";"u";"a";"R";"";"";"";"";"l4";"l_l4";"c_lmod"
"salt:/ppcmbe2/boethja-1897-2#sTok14902";"all";"all";"With all my heart";"heart";"heart";"";"1";"James, Henry Rosher (translator).";"l4";"boethja-1897";"PHILOSOPHY";"c";"c";"G";"heorte";"Weak";"N-Stem";"F";"l4";"l_l4";"c_lmod"
"salt:/ppcmbe2/boethja-1897-2#sTok17423";"any";"any";"any man wishing ; to attain some end";"man";"man";"";"1";"James, Henry Rosher (translator).";"l4";"boethja-1897";"PHILOSOPHY";"c";"c";"G";"mann";"Weak";"Consonant-Stem";"M/N";"l4";"l_l4";"c_lmod"
"salt:/ppcmbe2/boethja-1897-2#sTok17681";"all";"all";"' Then , all men , good and bad alike , with one indistinguishable purpose strive to reach good ? '";"men";"man";"1";"";"James, Henry Rosher (translator).";"l4";"boethja-1897";"PHILOSOPHY";"c";"c";"G";"mann";"Weak";"Consonant-Stem";"M/N";"l4";"l_l4";"c_lmod"
"salt:/ppcmbe2/boethja-1897-2#sTok18170";"all";"all";"through all manner of concupiscence";"manner";"manner";"";"1";"James, Henry Rosher (translator).";"l4";"boethja-1897";"PHILOSOPHY";"u";"a";"R";"";"";"";"";"l4";"l_l4";"c_lmod"
"salt:/ppcmbe2/boethja-1897-2#sTok19411";"all";"all";"in all manner of transactions";"manner";"manner";"";"1";"James, Henry Rosher (translator).";"l4";"boethja-1897";"PHILOSOPHY";"u";"a";"R";"";"";"";"";"l4";"l_l4";"c_lmod"
"salt:/ppcmbe2/boethja-1897-2#sTok19964";"all";"all";"of all evils";"evils";"evil";"1";"";"James, Henry Rosher (translator).";"l4";"boethja-1897";"PHILOSOPHY";"u";"a";"G";"yfel";"Strong";"A-Stem";"N";"l4";"l_l4";"c_lmod"
"salt:/ppcmbe2/boethja-1897-2#sTok20427";"no";"no";"Surely , no sensible man would rather *ICH*-1 be exiled , poor and disgraced , than dwell prosperously in his own country , powerful , wealthy , and high in honour .";"man";"man";"";"1";"James, Henry Rosher (translator).";"l4";"boethja-1897";"PHILOSOPHY";"c";"c";"G";"mann";"Weak";"Consonant-Stem";"M/N";"l4";"l_l4";"c_lmod"
"salt:/ppcmbe2/boethri-1785-1#sTok1677";"no";"no";"without first addressing him , no work is well begun ,";"work";"work";"";"1";"Ridpath, Philip";"l2";"boethri-1785";"PHILOSOPHY";"u";"a";"G";"weorc";"Strong";"A-Stem";"N";"l2";"j_l2";"c_lmod"
"salt:/ppcmbe2/boethri-1785-1#sTok3124";"every";"every";"Consequently every happy man <P_115> is a God ;";"man";"man";"";"1";"Ridpath, Philip";"l2";"boethri-1785";"PHILOSOPHY";"c";"c";"G";"mann";"Weak";"Consonant-Stem";"M/N";"l2";"j_l2";"c_lmod"
"salt:/ppcmbe2/boethri-1785-1#sTok5596";"every";"every";"*T*-1 every creature bears to itself";"creature";"creature";"";"1";"Ridpath, Philip";"l2";"boethri-1785";"PHILOSOPHY";"c";"c";"R";"";"";"";"";"l2";"j_l2";"c_lmod"
"salt:/ppcmbe2/boethri-1785-1#sTok5854";"all";"all";"*T*-2 all creatures desire";"creatures";"creature";"1";"";"Ridpath, Philip";"l2";"boethri-1785";"PHILOSOPHY";"c";"c";"R";"";"";"";"";"l2";"j_l2";"c_lmod"
"salt:/ppcmbe2/boethri-1785-1#sTok7235";"any";"any";"- Nor can any man deny , added she , but that every thing which 0 *T*-1 is just , is good ; and that , on the <P_156> contrary , every thing which 0 *T*-2 is unjust , is evil .";"man";"man";"";"1";"Ridpath, Philip";"l2";"boethri-1785";"PHILOSOPHY";"c";"c";"G";"mann";"Weak";"Consonant-Stem";"M/N";"l2";"j_l2";"c_lmod"
"salt:/ppcmbe2/boethri-1785-1#sTok8081";"every";"every";"every wicked man deserves punishment";"man";"man";"";"1";"Ridpath, Philip";"l2";"boethri-1785";"PHILOSOPHY";"c";"c";"G";"mann";"Weak";"Consonant-Stem";"M/N";"l2";"j_l2";"c_lmod"
"salt:/ppcmbe2/boethri-1785-1#sTok8133";"every";"every";"every man who 0 *T*-1 merits punishment is miserable";"man";"man";"";"1";"Ridpath, Philip";"l2";"boethri-1785";"PHILOSOPHY";"c";"c";"G";"mann";"Weak";"Consonant-Stem";"M/N";"l2";"j_l2";"c_lmod"
"salt:/ppcmbe2/boethri-1785-1#sTok8296";"any";"any";"to any man";"man";"man";"";"1";"Ridpath, Philip";"l2";"boethri-1785";"PHILOSOPHY";"c";"c";"G";"mann";"Weak";"Consonant-Stem";"M/N";"l2";"j_l2";"c_lmod"
"salt:/ppcmbe2/boethri-1785-1#sTok10473";"any";"any";"*T*-6 $can $not {TEXT:cannot} possibly mislead any creature from its origin";"creature";"creature";"";"1";"Ridpath, Philip";"l2";"boethri-1785";"PHILOSOPHY";"c";"c";"R";"";"";"";"";"l2";"j_l2";"c_lmod"
"salt:/ppcmbe2/boethri-1785-1#sTok11779";"some";"some";"To some bad men";"men";"man";"1";"";"Ridpath, Philip";"l2";"boethri-1785";"PHILOSOPHY";"c";"c";"G";"mann";"Weak";"Consonant-Stem";"M/N";"l2";"j_l2";"c_lmod"
"salt:/ppcmbe2/boethri-1785-1#sTok11992";"all";"all";"in all God's works";"works";"work";"1";"";"Ridpath, Philip";"l2";"boethri-1785";"PHILOSOPHY";"u";"a";"G";"weorc";"Strong";"A-Stem";"N";"l2";"j_l2";"c_lmod"
"salt:/ppcmbe2/boethri-1785-1#sTok12190";"every";"every";"to banish every evil from the immense circuit of his empire";"evil";"evil";"";"1";"Ridpath, Philip";"l2";"boethri-1785";"PHILOSOPHY";"u";"a";"G";"yfel";"Strong";"A-Stem";"N";"l2";"j_l2";"c_lmod"
"salt:/ppcmbe2/boethri-1785-2#sTok610";"no";"no";"There is no man 0 that *T*-2 can reproach me with deviating from the paths of justice , into those of fraud and oppression .";"man";"man";"";"1";"Ridpath, Philip";"l2";"boethri-1785";"PHILOSOPHY";"c";"c";"G";"mann";"Weak";"Consonant-Stem";"M/N";"l2";"j_l2";"c_lmod"
"salt:/ppcmbe2/boethri-1785-2#sTok7598";"every";"every";"of every virtue";"virtue";"virtue";"";"1";"Ridpath, Philip";"l2";"boethri-1785";"PHILOSOPHY";"u";"a";"R";"";"";"";"";"l2";"j_l2";"c_lmod"
"salt:/ppcmbe2/boethri-1785-2#sTok8050";"all";"all";"all men esteem *T*-1 dearer than life";"men";"man";"1";"";"Ridpath, Philip";"l2";"boethri-1785";"PHILOSOPHY";"c";"c";"G";"mann";"Weak";"Consonant-Stem";"M/N";"l2";"j_l2";"c_lmod"
"salt:/ppcmbe2/boethri-1785-2#sTok8421";"any";"any";"*T*-1 there is scarce any man who 0 *T*-3 is completely satisfied with his condition";"man";"man";"";"1";"Ridpath, Philip";"l2";"boethri-1785";"PHILOSOPHY";"c";"c";"G";"mann";"Weak";"Consonant-Stem";"M/N";"l2";"j_l2";"c_lmod"
"salt:/ppcmbe2/boethri-1785-2#sTok10575";"all";"all";"mankind should excel all terrestrial creatures";"creatures";"creature";"1";"";"Ridpath, Philip";"l2";"boethri-1785";"PHILOSOPHY";"c";"c";"R";"";"";"";"";"l2";"j_l2";"c_lmod"
"salt:/ppcmbe2/boethri-1785-2#sTok10877";"every";"every";"for every wicked man is desirous of another's wealth ,";"man";"man";"";"1";"Ridpath, Philip";"l2";"boethri-1785";"PHILOSOPHY";"c";"c";"G";"mann";"Weak";"Consonant-Stem";"M/N";"l2";"j_l2";"c_lmod"
"salt:/ppcmbe2/boethri-1785-2#sTok10896";"all";"all";"he alone ought to engross all the gold and jewels in the world";"gold";"gold";"";"1";"Ridpath, Philip";"l2";"boethri-1785";"PHILOSOPHY";"u";"s";"G";"gold";"Strong";"A-Stem";"N";"l2";"j_l2";"c_lmod"
"salt:/ppcmbe2/boethri-1785-2#sTok11329";"any";"any";"*T*-1 can any man obtain dominion over another , unless 0 it be over his body or what 0 *T*-2 is inferior to his body , I mean , his possessions";"man";"man";"";"1";"Ridpath, Philip";"l2";"boethri-1785";"PHILOSOPHY";"c";"c";"G";"mann";"Weak";"Consonant-Stem";"M/N";"l2";"j_l2";"c_lmod"
"salt:/ppcmbe2/boethri-1785-2#sTok13848";"all";"all";"all men are in search of happiness , or the sovereign good";"men";"man";"1";"";"Ridpath, Philip";"l2";"boethri-1785";"PHILOSOPHY";"c";"c";"G";"mann";"Weak";"Consonant-Stem";"M/N";"l2";"j_l2";"c_lmod"
"salt:/ppcmbe2/boethri-1785-2#sTok14633";"all";"all";"of all men";"men";"man";"1";"";"Ridpath, Philip";"l2";"boethri-1785";"PHILOSOPHY";"c";"c";"G";"mann";"Weak";"Consonant-Stem";"M/N";"l2";"j_l2";"c_lmod"
"salt:/ppcmbe2/boethri-1785-2#sTok15155";"all";"all";"in all these matters";"matters";"matter";"1";"";"Ridpath, Philip";"l2";"boethri-1785";"PHILOSOPHY";"c";"s";"R";"";"";"";"";"l2";"j_l2";"c_lmod"
"salt:/ppcmbe2/boethri-1785-2#sTok16389";"every";"every";"you behold every day the <P_88> stronger depriving the weaker of his property";"day";"day";"";"1";"Ridpath, Philip";"l2";"boethri-1785";"PHILOSOPHY";"c";"a";"G";"dæg";"Strong";"A-Stem";"M";"l2";"j_l2";"c_lmod"
"salt:/ppcmbe2/boethri-1785-2#sTok17321";"every";"every";"in every country on earth";"country";"country";"";"1";"Ridpath, Philip";"l2";"boethri-1785";"PHILOSOPHY";"c";"c";"R";"";"";"";"";"l2";"j_l2";"c_lmod"
"salt:/ppcmbe2/boethri-1785-2#sTok21040";"No";"no";"- No man in his senses has any doubt of it .";"man";"man";"";"1";"Ridpath, Philip";"l2";"boethri-1785";"PHILOSOPHY";"c";"c";"G";"mann";"Weak";"Consonant-Stem";"M/N";"l2";"j_l2";"c_lmod"
"salt:/ppcmbe2/boethri-1785-2#sTok22855";"All";"all";"- All men , therefore , said she , the good as well as the bad , without distinction , endeavour to acquire good .";"men";"man";"1";"";"Ridpath, Philip";"l2";"boethri-1785";"PHILOSOPHY";"c";"c";"G";"mann";"Weak";"Consonant-Stem";"M/N";"l2";"j_l2";"c_lmod"
"salt:/ppcmbe2/boethri-1785-2#sTok23303";"no";"no";"for no man can doubt , but that he who 0 *T*-1 is in possession of his natural faculties , is more powerful than the person who 0 *T*-2 is deprived of them .";"man";"man";"";"1";"Ridpath, Philip";"l2";"boethri-1785";"PHILOSOPHY";"c";"c";"G";"mann";"Weak";"Consonant-Stem";"M/N";"l2";"j_l2";"c_lmod"
"salt:/ppcmbe2/boethri-1785-2#sTok24474";"No";"no";"- No man in his senses can think so .";"man";"man";"";"1";"Ridpath, Philip";"l2";"boethri-1785";"PHILOSOPHY";"c";"c";"G";"mann";"Weak";"Consonant-Stem";"M/N";"l2";"j_l2";"c_lmod"
"salt:/ppcmbe2/boethri-1785-2#sTok25257";"all";"all";"all good men , for the very reason that they are good , become happy";"men";"man";"1";"";"Ridpath, Philip";"l2";"boethri-1785";"PHILOSOPHY";"c";"c";"G";"mann";"Weak";"Consonant-Stem";"M/N";"l2";"j_l2";"c_lmod"
"salt:/ppcmbe2/boethri-1785-2#sTok25330";"no";"no";"As 0 matters are thus <P_149> constituted , no wise man can entertain a doubt , but that punishment likewise is inseparable from the wicked :";"man";"man";"";"1";"Ridpath, Philip";"l2";"boethri-1785";"PHILOSOPHY";"c";"c";"G";"mann";"Weak";"Consonant-Stem";"M/N";"l2";"j_l2";"c_lmod"
"salt:/ppcmbe2/boethri-1785-2#sTok25464";"all";"all";"of all evils";"evils";"evil";"1";"";"Ridpath, Philip";"l2";"boethri-1785";"PHILOSOPHY";"u";"a";"G";"yfel";"Strong";"A-Stem";"N";"l2";"j_l2";"c_lmod"
"salt:/ppcmbe2/boethri-1785-2#sTok25732";"all";"all";"to commit all manner of violence";"manner";"manner";"";"1";"Ridpath, Philip";"l2";"boethri-1785";"PHILOSOPHY";"u";"a";"R";"";"";"";"";"l2";"j_l2";"c_lmod"
"salt:/ppcmbe2/boethri-1785-2#sTok26038";"no";"no";"for no wise man ever preferred exile , indigence , and ignominy , to the possession of riches , honour , and power , and <P_163> to the happiness of living with esteem in the bosom of his own country :";"man";"man";"";"1";"Ridpath, Philip";"l2";"boethri-1785";"PHILOSOPHY";"c";"c";"G";"mann";"Weak";"Consonant-Stem";"M/N";"l2";"j_l2";"c_lmod"
"salt:/ppcmbe2/boethri-1785-2#sTok27353";"all";"all";"with all your might";"might";"might";"";"1";"Ridpath, Philip";"l2";"boethri-1785";"PHILOSOPHY";"u";"a";"G";"meaht";"Strong";"O-Stem";"F";"l2";"j_l2";"c_lmod"
"salt:/ppcmbe2/boswell-1768-2#sTok973";"many";"many";"to many distant countries";"countries";"country";"1";"";"Boswell, James";"l2";"boswell-1768";"HISTORY";"c";"c";"R";"";"";"";"";"l2";"j_l2";"c_lmod"
"salt:/ppcmbe2/boswell-1768-2#sTok1456";"every";"every";"to pay a tribute of 100000 lib. of wax , every year";"year";"year";"";"1";"Boswell, James";"l2";"boswell-1768";"HISTORY";"c";"a";"G";"gear";"Strong";"A-Stem";"N";"l2";"j_l2";"c_lmod"
"salt:/ppcmbe2/boswell-1768-2#sTok1718";"every";"every";"in every other country to which 0 *T*-3 their arms penetrated";"country";"country";"";"1";"Boswell, James";"l2";"boswell-1768";"HISTORY";"c";"c";"R";"";"";"";"";"l2";"j_l2";"c_lmod"
"salt:/ppcmbe2/boswell-1768-2#sTok8810";"every";"every";"the Corsicans were every day growing strong";"day";"day";"";"1";"Boswell, James";"l2";"boswell-1768";"HISTORY";"c";"a";"G";"dæg";"Strong";"A-Stem";"M";"l2";"j_l2";"c_lmod"
"salt:/ppcmbe2/boswell-1768-2#sTok9453";"every";"every";"a hare came every day into his garden";"day";"day";"";"1";"Boswell, James";"l2";"boswell-1768";"HISTORY";"c";"a";"G";"dæg";"Strong";"A-Stem";"M";"l2";"j_l2";"c_lmod"
"salt:/ppcmbe2/boswell-1768-2#sTok10588";"Both";"both";"Both the brothers have the spirit of their father .";"brothers";"brother";"1";"";"Boswell, James";"l2";"boswell-1768";"HISTORY";"c";"c";"G";"broþor";"Irregular";"Stem in -r";"M";"l2";"j_l2";"c_lmod"
"salt:/ppcmbe2/boswell-1776-1#sTok136";"some";"some";"some years ago";"years";"year";"1";"";"Boswell, James";"l2";"boswell-1776";"DIARY PRIV";"c";"a";"G";"gear";"Strong";"A-Stem";"N";"l2";"j_l2";"c_lmod"
"salt:/ppcmbe2/boswell-1776-1#sTok714";"any";"any";"*T*-4 any inland man ever did";"man";"man";"";"1";"Boswell, James";"l2";"boswell-1776";"DIARY PRIV";"c";"c";"G";"mann";"Weak";"Consonant-Stem";"M/N";"l2";"j_l2";"c_lmod"
"salt:/ppcmbe2/boswell-1776-1#sTok1525";"all";"all";"of all men";"men";"man";"1";"";"Boswell, James";"l2";"boswell-1776";"DIARY PRIV";"c";"c";"G";"mann";"Weak";"Consonant-Stem";"M/N";"l2";"j_l2";"c_lmod"
"salt:/ppcmbe2/boswell-1776-1#sTok3277";"all";"all";"and *con* attended all day .";"day";"day";"";"1";"Boswell, James";"l2";"boswell-1776";"DIARY PRIV";"c";"a";"G";"dæg";"Strong";"A-Stem";"M";"l2";"j_l2";"c_lmod"
"salt:/ppcmbe2/boswell-1776-1#sTok4439";"many";"many";"for many years";"years";"year";"1";"";"Boswell, James";"l2";"boswell-1776";"DIARY PRIV";"c";"a";"G";"gear";"Strong";"A-Stem";"N";"l2";"j_l2";"c_lmod"
"salt:/ppcmbe2/boswell-1776-1#sTok6609";"no";"no";"in no pleasing country";"country";"country";"";"1";"Boswell, James";"l2";"boswell-1776";"DIARY PRIV";"c";"c";"R";"";"";"";"";"l2";"j_l2";"c_lmod"
"salt:/ppcmbe2/boswell-1776-1#sTok8433";"no";"no";"no good men now to be found as in former times";"men";"man";"1";"";"Boswell, James";"l2";"boswell-1776";"DIARY PRIV";"c";"c";"G";"mann";"Weak";"Consonant-Stem";"M/N";"l2";"j_l2";"c_lmod"
"salt:/ppcmbe2/boswell-1776-1#sTok8522";"all";"all";"*pro* Kept the house all day , having taken strong physic ;";"day";"day";"";"1";"Boswell, James";"l2";"boswell-1776";"DIARY PRIV";"c";"a";"G";"dæg";"Strong";"A-Stem";"M";"l2";"j_l2";"c_lmod"
"salt:/ppcmbe2/boswell-1776-1#sTok9124";"many";"many";"for many years";"years";"year";"1";"";"Boswell, James";"l2";"boswell-1776";"DIARY PRIV";"c";"a";"G";"gear";"Strong";"A-Stem";"N";"l2";"j_l2";"c_lmod"
"salt:/ppcmbe2/boswell-1776-1#sTok9304";"all";"all";"This being the fast-day before the sacrament at Edinburgh , I stayed at home all day , purposing to write to my brother David , and to make out some essays for <font> The London Magazine . <$$font>";"day";"day";"";"1";"Boswell, James";"l2";"boswell-1776";"DIARY PRIV";"c";"a";"G";"dæg";"Strong";"A-Stem";"M";"l2";"j_l2";"c_lmod"
"salt:/ppcmbe2/boswell-1776-1#sTok9369";"some";"some";"some days ago";"days";"day";"1";"";"Boswell, James";"l2";"boswell-1776";"DIARY PRIV";"c";"a";"G";"dæg";"Strong";"A-Stem";"M";"l2";"j_l2";"c_lmod"
"salt:/ppcmbe2/boswell-1776-1#sTok9469";"some";"some";"For some days past";"days";"day";"1";"";"Boswell, James";"l2";"boswell-1776";"DIARY PRIV";"c";"a";"G";"dæg";"Strong";"A-Stem";"M";"l2";"j_l2";"c_lmod"
"salt:/ppcmbe2/boswell-1776-1#sTok10756";"all";"all";"Dr. Young was in the house all night .";"night";"night";"";"1";"Boswell, James";"l2";"boswell-1776";"DIARY PRIV";"c";"a";"G";"niht";"Strong";"A-Stem";"N";"l2";"j_l2";"c_lmod"
"salt:/ppcmbe2/boswell-1776-1#sTok10788";"all";"all";"My wife's labour went on all day , with intermissions ;";"day";"day";"";"1";"Boswell, James";"l2";"boswell-1776";"DIARY PRIV";"c";"a";"G";"dæg";"Strong";"A-Stem";"M";"l2";"j_l2";"c_lmod"
"salt:/ppcmbe2/boswell-1776-1#sTok11429";"some";"some";"I shall see Miss Catley some other night . \"";"night";"night";"";"1";"Boswell, James";"l2";"boswell-1776";"DIARY PRIV";"c";"a";"G";"niht";"Strong";"A-Stem";"N";"l2";"j_l2";"c_lmod"
"salt:/ppcmbe2/boswell-1776-1#sTok11720";"all";"all";"*con* laboured all day at law-papers ,";"day";"day";"";"1";"Boswell, James";"l2";"boswell-1776";"DIARY PRIV";"c";"a";"G";"dæg";"Strong";"A-Stem";"M";"l2";"j_l2";"c_lmod"
"salt:/ppcmbe2/boswell-1776-1#sTok12378";"some";"some";"some day soon to go round";"day";"day";"";"1";"Boswell, James";"l2";"boswell-1776";"DIARY PRIV";"c";"a";"G";"dæg";"Strong";"A-Stem";"M";"l2";"j_l2";"c_lmod"
"salt:/ppcmbe2/boswell-1783-2#sTok96";"all";"all";"I passed all New Year's Day there";"Day";"day";"";"1";"Boswell, James";"l2";"boswell-1783";"DIARY PRIV";"c";"a";"G";"dæg";"Strong";"A-Stem";"M";"l2";"j_l2";"c_lmod"
"salt:/ppcmbe2/boswell-1783-2#sTok1972";"all";"all";"to sit all night by myself till bedtime";"night";"night";"";"1";"Boswell, James";"l2";"boswell-1783";"DIARY PRIV";"c";"a";"G";"niht";"Strong";"A-Stem";"N";"l2";"j_l2";"c_lmod"
"salt:/ppcmbe2/boswell-1783-2#sTok2265";"several";"several";"*T*-1 has several old trees in it";"trees";"tree";"1";"";"Boswell, James";"l2";"boswell-1783";"DIARY PRIV";"c";"c";"G";"treow";"Strong";"A-Stem";"N";"l2";"j_l2";"c_lmod"
"salt:/ppcmbe2/boswell-1783-2#sTok3542";"every";"every";"this meeting grew better every year";"year";"year";"";"1";"Boswell, James";"l2";"boswell-1783";"DIARY PRIV";"c";"a";"G";"gear";"Strong";"A-Stem";"N";"l2";"j_l2";"c_lmod"
"salt:/ppcmbe2/boswell-1783-2#sTok3580";"some";"some";"having been troubled with a cold some days";"days";"day";"1";"";"Boswell, James";"l2";"boswell-1783";"DIARY PRIV";"c";"a";"G";"dæg";"Strong";"A-Stem";"M";"l2";"j_l2";"c_lmod"
"salt:/ppcmbe2/boswell-1783-2#sTok5649";"all";"all";"I was very uneasy with the rheumatism all day .";"day";"day";"";"1";"Boswell, James";"l2";"boswell-1783";"DIARY PRIV";"c";"a";"G";"dæg";"Strong";"A-Stem";"M";"l2";"j_l2";"c_lmod"
"salt:/ppcmbe2/boswell-1783-2#sTok6587";"all";"all";"*pro* Was at the New Church all day ,";"day";"day";"";"1";"Boswell, James";"l2";"boswell-1783";"DIARY PRIV";"c";"a";"G";"dæg";"Strong";"A-Stem";"M";"l2";"j_l2";"c_lmod"
"salt:/ppcmbe2/boswell-1783-2#sTok7211";"many";"many";"for many years";"years";"year";"1";"";"Boswell, James";"l2";"boswell-1783";"DIARY PRIV";"c";"a";"G";"gear";"Strong";"A-Stem";"N";"l2";"j_l2";"c_lmod"
"salt:/ppcmbe2/boswell-1783-2#sTok8878";"many";"many";"of many years";"years";"year";"1";"";"Boswell, James";"l2";"boswell-1783";"DIARY PRIV";"c";"a";"G";"gear";"Strong";"A-Stem";"N";"l2";"j_l2";"c_lmod"
"salt:/ppcmbe2/boswell-1783-2#sTok11161";"several";"several";"several years in confinement";"years";"year";"1";"";"Boswell, James";"l2";"boswell-1783";"DIARY PRIV";"c";"a";"G";"gear";"Strong";"A-Stem";"N";"l2";"j_l2";"c_lmod"
"salt:/ppcmbe2/boswell-178x-2#sTok4861";"every";"every";"*T*-1 grows more familiar to me every day";"day";"day";"";"1";"Boswell, James";"l2";"boswell-178x";"LET PRIV";"c";"a";"G";"dæg";"Strong";"A-Stem";"M";"l2";"j_l2";"c_lmod"
"salt:/ppcmbe2/boswell-178x-2#sTok4875";"all";"all";"of all work";"work";"work";"";"1";"Boswell, James";"l2";"boswell-178x";"LET PRIV";"u";"a";"G";"weorc";"Strong";"A-Stem";"N";"l2";"j_l2";"c_lmod"
"salt:/ppcmbe2/boswell-178x-2#sTok6435";"no";"no";"as 0 Dr. Johnson had done Mrs. Thrale the honour to quote her as an authority on taste and to class her with himself and Beauclerk , I had no right to deprive her of such a distinction to which 0 she had an authentick title *T*-1 under my own hand";"right";"right";"";"1";"Boswell, James";"l2";"boswell-178x";"LET PRIV";"c";"a";"G";"riht";"Strong";"A-Stem";"N";"l2";"j_l2";"c_lmod"
"salt:/ppcmbe2/boswell-178x-2#sTok7634";"every";"every";"I expect every day a letter from the Solicitor in the appeal 0 *T*-1 to inform me as to the time fixed .";"day";"day";"";"1";"Boswell, James";"l2";"boswell-178x";"LET PRIV";"c";"a";"G";"dæg";"Strong";"A-Stem";"M";"l2";"j_l2";"c_lmod"
"salt:/ppcmbe2/boswell-178x-2#sTok8098";"many";"many";"many years ago";"years";"year";"1";"";"Boswell, James";"l2";"boswell-178x";"LET PRIV";"c";"a";"G";"gear";"Strong";"A-Stem";"N";"l2";"j_l2";"c_lmod"
"salt:/ppcmbe2/boswell-178x-2#sTok9360";"many";"many";"you have had many <font> good days <$$font> in my absence";"days";"day";"1";"";"Boswell, James";"l2";"boswell-178x";"LET PRIV";"c";"a";"G";"dæg";"Strong";"A-Stem";"M";"l2";"j_l2";"c_lmod"
"salt:/ppcmbe2/boswell-178x-2#sTok10942";"some";"some";"*T*-3 we have had some days aye and nights 0 *T*-4 never to be forgotten";"days";"day";"1";"";"Boswell, James";"l2";"boswell-178x";"LET PRIV";"c";"a";"G";"dæg";"Strong";"A-Stem";"M";"l2";"j_l2";"c_lmod"
"salt:/ppcmbe2/boswell-178x-2#sTok11973";"some";"some";"You have had I find some excellent days ;";"days";"day";"1";"";"Boswell, James";"l2";"boswell-178x";"LET PRIV";"c";"a";"G";"dæg";"Strong";"A-Stem";"M";"l2";"j_l2";"c_lmod"
"salt:/ppcmbe2/boswell-1791-2#sTok197";"both";"both";"more than two children , both sons ; Samuel , their first born , who 0 *T*-1 lived to be the illustrious character whose various excellence 0 I am to endeavour *T*-2 to record , and Nathanael , who 0 *T*-3 died in his twenty-fifth year";"sons";"son";"1";"";"Boswell, James";"l2";"boswell-1791";"BIOGR OTHER";"c";"c";"G";"sunu";"Strong";"U-Stem";"M";"l2";"j_l2";"c_lmod"
"salt:/ppcmbe2/boswell-1791-2#sTok1133";"any";"any";"of any man , <P_1,10> whose history 0 *T*-2 has been minutely related , 0 that *T*-3 did not in every part of life discover the same proportion of intellectual vigour";"man";"man";"";"1";"Boswell, James";"l2";"boswell-1791";"BIOGR OTHER";"c";"c";"G";"mann";"Weak";"Consonant-Stem";"M/N";"l2";"j_l2";"c_lmod"
"salt:/ppcmbe2/boswell-1791-2#sTok2209";"all";"all";"him see and distinguish all manner of objects , whether of nature or of art";"manner";"manner";"";"1";"Boswell, James";"l2";"boswell-1791";"BIOGR OTHER";"u";"a";"R";"";"";"";"";"l2";"j_l2";"c_lmod"
"salt:/ppcmbe2/boswell-1791-2#sTok2308";"no";"no";"no man was more nicely and minutely critical in the elegance of female dress";"man";"man";"";"1";"Boswell, James";"l2";"boswell-1791";"BIOGR OTHER";"c";"c";"G";"mann";"Weak";"Consonant-Stem";"M/N";"l2";"j_l2";"c_lmod"
"salt:/ppcmbe2/boswell-1791-2#sTok3407";"no";"no";"by no man of his time";"man";"man";"";"1";"Boswell, James";"l2";"boswell-1791";"BIOGR OTHER";"c";"c";"G";"mann";"Weak";"Consonant-Stem";"M/N";"l2";"j_l2";"c_lmod"
"salt:/ppcmbe2/boswell-1791-2#sTok3767";"some";"some";"in some men";"men";"man";"1";"";"Boswell, James";"l2";"boswell-1791";"BIOGR OTHER";"c";"c";"G";"mann";"Weak";"Consonant-Stem";"M/N";"l2";"j_l2";"c_lmod"
"salt:/ppcmbe2/boswell-1791-2#sTok5492";"any";"any";"*T*-2 they seldom read any books but what 0 *T*-3 are put into their hands by their tutors";"books";"book";"1";"";"Boswell, James";"l2";"boswell-1791";"BIOGR OTHER";"c";"c";"G";"boc";"Weak";"Consonant-Stem";"F";"l2";"j_l2";"c_lmod"
"salt:/ppcmbe2/boswell-1791-2#sTok7222";"many";"many";"*T*-1 was many years humanely supported in Dr. Johnson's house in London";"years";"year";"1";"";"Boswell, James";"l2";"boswell-1791";"BIOGR OTHER";"c";"a";"G";"gear";"Strong";"A-Stem";"N";"l2";"j_l2";"c_lmod"
"salt:/ppcmbe2/boswell-1791-2#sTok7608";"several";"several";"several years ago";"years";"year";"1";"";"Boswell, James";"l2";"boswell-1791";"BIOGR OTHER";"c";"a";"G";"gear";"Strong";"A-Stem";"N";"l2";"j_l2";"c_lmod"
"salt:/ppcmbe2/boswell-1791-2#sTok8689";"no";"no";"no man *ICH*-6 is in a state of grace who 0 *T*-7 has not felt a particular conversion";"man";"man";"";"1";"Boswell, James";"l2";"boswell-1791";"BIOGR OTHER";"c";"c";"G";"mann";"Weak";"Consonant-Stem";"M/N";"l2";"j_l2";"c_lmod"
"salt:/ppcmbe2/boswell-1791-2#sTok9151";"some";"some";"some men have studied hard , as Bentley and Clarke";"men";"man";"1";"";"Boswell, James";"l2";"boswell-1791";"BIOGR OTHER";"c";"c";"G";"mann";"Weak";"Consonant-Stem";"M/N";"l2";"j_l2";"c_lmod"
"salt:/ppcmbe2/boswell-1791-2#sTok9230";"any";"any";"than any man alive";"man";"man";"";"1";"Boswell, James";"l2";"boswell-1791";"BIOGR OTHER";"c";"c";"G";"mann";"Weak";"Consonant-Stem";"M/N";"l2";"j_l2";"c_lmod"
"salt:/ppcmbe2/boswell-1791-2#sTok9251";"any";"any";"in any book";"book";"book";"";"1";"Boswell, James";"l2";"boswell-1791";"BIOGR OTHER";"c";"c";"G";"boc";"Weak";"Consonant-Stem";"F";"l2";"j_l2";"c_lmod"
"salt:/ppcmbe2/boswell-1791-2#sTok9528";"No";"no";"No man had a more ardent love of literature , or a higher respect for it , than Johnson .";"man";"man";"";"1";"Boswell, James";"l2";"boswell-1791";"BIOGR OTHER";"c";"c";"G";"mann";"Weak";"Consonant-Stem";"M/N";"l2";"j_l2";"c_lmod"
"salt:/ppcmbe2/boswell-1791-2#sTok10262";"all";"all";"of all his works";"works";"work";"1";"";"Boswell, James";"l2";"boswell-1791";"BIOGR OTHER";"u";"a";"G";"weorc";"Strong";"A-Stem";"N";"l2";"j_l2";"c_lmod"
"salt:/ppcmbe2/boswell-1791-2#sTok10325";"many";"many";"of the many eminent men who 0 *T*-1 had been educated at Pembroke";"men";"man";"1";"";"Boswell, James";"l2";"boswell-1791";"BIOGR OTHER";"c";"c";"G";"mann";"Weak";"Consonant-Stem";"M/N";"l2";"j_l2";"c_lmod"
"salt:/ppcmbe2/boswell-1791-2#sTok10551";"some";"some";"some years older than himself";"years";"year";"1";"";"Boswell, James";"l2";"boswell-1791";"BIOGR OTHER";"c";"a";"G";"gear";"Strong";"A-Stem";"N";"l2";"j_l2";"c_lmod"
"salt:/ppcmbe2/boswell-1791-2#sTok12208";"some";"some";"some years afterwards";"years";"year";"1";"";"Boswell, James";"l2";"boswell-1791";"BIOGR OTHER";"c";"a";"G";"gear";"Strong";"A-Stem";"N";"l2";"j_l2";"c_lmod"
"salt:/ppcmbe2/bracken-1738-2#sTok430";"any";"any";"in any Creature";"Creature";"creature";"";"1";"Bracken, Henry";"l1";"bracken-1738";"HANDB OTHER";"c";"c";"R";"";"";"";"";"l1";"i_l1";"c_lmod"
"salt:/ppcmbe2/bracken-1738-2#sTok1834";"no";"no";"if 0 a Horse be <font> Lax <$$font> , or *con* has a Scouring upon him , if 0 such Discharge proceed from a Disorder of the Guts , only by a <font> Putrefaction <$$font> of the Excrements too long retained , in such Case no Man in his Senses will give Medicines which 0 *T*-2 Astringe on Bind";"Man";"man";"";"1";"Bracken, Henry";"l1";"bracken-1738";"HANDB OTHER";"c";"c";"G";"mann";"Weak";"Consonant-Stem";"M/N";"l1";"i_l1";"c_lmod"
"salt:/ppcmbe2/bracken-1738-2#sTok2280";"any";"any";"any Creature should keep at the same Standard or <font> Mathematical point <$$font> of Health , even a Moment of Time";"Creature";"creature";"";"1";"Bracken, Henry";"l1";"bracken-1738";"HANDB OTHER";"c";"c";"R";"";"";"";"";"l1";"i_l1";"c_lmod"
"salt:/ppcmbe2/bracken-1738-2#sTok2312";"all";"all";"Yet all Creatures may properly be said *-1 to enjoy Health , when 0 they <font> sleep , *con* eat , *con* digest well , and *con* move without pain ; <$$font>";"Creatures";"creature";"1";"";"Bracken, Henry";"l1";"bracken-1738";"HANDB OTHER";"c";"c";"R";"";"";"";"";"l1";"i_l1";"c_lmod"
"salt:/ppcmbe2/bracken-1738-2#sTok2645";"every";"every";"to every Horse";"Horse";"horse";"";"1";"Bracken, Henry";"l1";"bracken-1738";"HANDB OTHER";"c";"c";"G";"hors";"Strong";"A-Stem";"N";"l1";"i_l1";"c_lmod"
"salt:/ppcmbe2/bracken-1738-2#sTok3351";"any";"any";"without any manner of dispute";"manner";"manner";"";"1";"Bracken, Henry";"l1";"bracken-1738";"HANDB OTHER";"u";"a";"R";"";"";"";"";"l1";"i_l1";"c_lmod"
"salt:/ppcmbe2/bracken-1738-2#sTok5177";"any";"any";"relieving any Creature in Sickness , or $Disease";"Creature";"creature";"";"1";"Bracken, Henry";"l1";"bracken-1738";"HANDB OTHER";"c";"c";"R";"";"";"";"";"l1";"i_l1";"c_lmod"
"salt:/ppcmbe2/bracken-1738-2#sTok5934";"several";"several";"for several Days";"Days";"day";"1";"";"Bracken, Henry";"l1";"bracken-1738";"HANDB OTHER";"c";"a";"G";"dæg";"Strong";"A-Stem";"M";"l1";"i_l1";"c_lmod"
"salt:/ppcmbe2/bracken-1738-2#sTok8076";"all";"all";"driving out all viscid and slimy Matter";"Matter";"matter";"";"1";"Bracken, Henry";"l1";"bracken-1738";"HANDB OTHER";"c";"s";"R";"";"";"";"";"l1";"i_l1";"c_lmod"
"salt:/ppcmbe2/bracken-1738-2#sTok8477";"every";"every";"of every Horse";"Horse";"horse";"";"1";"Bracken, Henry";"l1";"bracken-1738";"HANDB OTHER";"c";"c";"G";"hors";"Strong";"A-Stem";"N";"l1";"i_l1";"c_lmod"
"salt:/ppcmbe2/bracken-1738-2#sTok9458";"few";"few";"few Horses are troubled with it above once in their Life , unless 0 the Matter of the Strangles has been imperfectly cast off";"Horses";"horse";"1";"";"Bracken, Henry";"l1";"bracken-1738";"HANDB OTHER";"c";"c";"G";"hors";"Strong";"A-Stem";"N";"l1";"i_l1";"c_lmod"
"salt:/ppcmbe2/bracken-1738-2#sTok9596";"all";"all";"of all manner of Accidents to which 0 that Creature is liable *T*-1";"manner";"manner";"";"1";"Bracken, Henry";"l1";"bracken-1738";"HANDB OTHER";"u";"a";"R";"";"";"";"";"l1";"i_l1";"c_lmod"
"salt:/ppcmbe2/bracken-1738-2#sTok11567";"some";"some";"Indeed there is some Butter ordered in my <font> Farrier's Ointment <$$font> ,";"Butter";"butter";"";"1";"Bracken, Henry";"l1";"bracken-1738";"HANDB OTHER";"u";"s";"G";"butere";"Weak";"N-Stem";"F";"l1";"i_l1";"c_lmod"
"salt:/ppcmbe2/bradley1-1905-1#sTok539";"each";"each";"in each day";"day";"day";"";"1";"Bradley, Arthur Granville";"l4";"bradley1-1905";"TRAVELOGUE";"c";"a";"G";"dæg";"Strong";"A-Stem";"M";"l4";"l_l4";"c_lmod"
"salt:/ppcmbe2/bradley1-1905-1#sTok5002";"many";"many";"*T*-5 many ships bring us provision and victuals from Ireland and Chester";"ships";"ship";"1";"";"Bradley, Arthur Granville";"l4";"bradley1-1905";"TRAVELOGUE";"c";"c";"G";"scip";"Strong";"A-Stem";"N";"l4";"l_l4";"c_lmod"
"salt:/ppcmbe2/bradley1-1905-1#sTok5255";"all";"all";"and *con* burnt all the books and other choice utensils belonging to it . \"";"books";"book";"1";"";"Bradley, Arthur Granville";"l4";"bradley1-1905";"TRAVELOGUE";"c";"c";"G";"boc";"Weak";"Consonant-Stem";"F";"l4";"l_l4";"c_lmod"
"salt:/ppcmbe2/bradley1-1905-1#sTok7064";"every";"every";"For even then a proclamation *ICH*-1 was read every fair day at Conway enjoining the public to keep the King's peace , \" no man to beare anie weapons or harnesse upon him under paine of sayme to be forfeited , &c. \"";"day";"day";"";"1";"Bradley, Arthur Granville";"l4";"bradley1-1905";"TRAVELOGUE";"c";"a";"G";"dæg";"Strong";"A-Stem";"M";"l4";"l_l4";"c_lmod"
"salt:/ppcmbe2/bradley1-1905-1#sTok7079";"no";"no";"no man to beare anie weapons or harnesse upon him under paine of sayme to be forfeited";"man";"man";"";"1";"Bradley, Arthur Granville";"l4";"bradley1-1905";"TRAVELOGUE";"c";"c";"G";"mann";"Weak";"Consonant-Stem";"M/N";"l4";"l_l4";"c_lmod"
"salt:/ppcmbe2/bradley1-1905-1#sTok7216";"All";"all";"All men under sixty were to be in the street by six o'clock in the morning";"men";"man";"1";"";"Bradley, Arthur Granville";"l4";"bradley1-1905";"TRAVELOGUE";"c";"c";"G";"mann";"Weak";"Consonant-Stem";"M/N";"l4";"l_l4";"c_lmod"
"salt:/ppcmbe2/bradley1-1905-1#sTok7305";"all";"all";"of all these ancient fe`te days";"days";"day";"1";"";"Bradley, Arthur Granville";"l4";"bradley1-1905";"TRAVELOGUE";"c";"a";"G";"dæg";"Strong";"A-Stem";"M";"l4";"l_l4";"c_lmod"
"salt:/ppcmbe2/bradley1-1905-1#sTok8003";"any";"any";"or any other flesh and blood";"flesh";"flesh";"";"1";"Bradley, Arthur Granville";"l4";"bradley1-1905";"TRAVELOGUE";"u";"s";"G";"flæsc";"Strong";"I-Stem";"N";"l4";"l_l4";"c_lmod"
"salt:/ppcmbe2/bradley1-1905-1#sTok8163";"All";"all";"All men could see 0 the end was near , when 0 Mytton pushing a force rapidly on from Denbigh appeared before Conway .";"men";"man";"1";"";"Bradley, Arthur Granville";"l4";"bradley1-1905";"TRAVELOGUE";"c";"c";"G";"mann";"Weak";"Consonant-Stem";"M/N";"l4";"l_l4";"c_lmod"
"salt:/ppcmbe2/bradley1-1905-1#sTok11110";"every";"every";"a steam launch plies between this head of tide water and Deganwy every day in summer";"day";"day";"";"1";"Bradley, Arthur Granville";"l4";"bradley1-1905";"TRAVELOGUE";"c";"a";"G";"dæg";"Strong";"A-Stem";"M";"l4";"l_l4";"c_lmod"
"salt:/ppcmbe2/bradley2-1760-2#sTok1416";"several";"several";"under their several Names";"Names";"name";"1";"";"Bradley, Martha";"l1";"bradley2-1760";"HANDB OTHER";"c";"a";"G";"nama";"Weak";"N-Stem";"M";"l1";"i_l1";"c_lmod"
"salt:/ppcmbe2/bradley2-1760-2#sTok4302";"any";"any";"there were any Man so devoted to his Pleasure in eating , that he consulted no other";"Man";"man";"";"1";"Bradley, Martha";"l1";"bradley2-1760";"HANDB OTHER";"c";"c";"G";"mann";"Weak";"Consonant-Stem";"M/N";"l1";"i_l1";"c_lmod"
"salt:/ppcmbe2/bradley2-1760-2#sTok4650";"all";"all";"in all Works of this Kind";"Works";"work";"1";"";"Bradley, Martha";"l1";"bradley2-1760";"HANDB OTHER";"u";"a";"G";"weorc";"Strong";"A-Stem";"N";"l1";"i_l1";"c_lmod"
"salt:/ppcmbe2/bradley2-1760-2#sTok5645";"all";"all";"for that is in Season all the Year , with Greens or Fowls .";"Year";"year";"";"1";"Bradley, Martha";"l1";"bradley2-1760";"HANDB OTHER";"c";"a";"G";"gear";"Strong";"A-Stem";"N";"l1";"i_l1";"c_lmod"
"salt:/ppcmbe2/bradley2-1760-2#sTok8220";"any";"any";"than any other Meat";"Meat";"meat";"";"1";"Bradley, Martha";"l1";"bradley2-1760";"HANDB OTHER";"u";"s";"G";"mete";"Strong";"A-Stem";"M";"l1";"i_l1";"c_lmod"
"salt:/ppcmbe2/brady-1713-2#sTok361";"all";"all";"for all his Creatures";"Creatures";"creature";"1";"";"Brady, Nicholas";"l1";"brady-1713";"SERMON";"c";"c";"R";"";"";"";"";"l1";"i_l1";"c_lmod"
"salt:/ppcmbe2/brady-1713-2#sTok1336";"several";"several";"under the several Names of <font> Poverty <$$font> and <font> Riches";"Names";"name";"1";"";"Brady, Nicholas";"l1";"brady-1713";"SERMON";"c";"a";"G";"nama";"Weak";"N-Stem";"M";"l1";"i_l1";"c_lmod"
"salt:/ppcmbe2/brady-1713-2#sTok2291";"any";"any";"of any good Man 0 that *T*-3 prayed for Abundance or Excess";"Man";"man";"";"1";"Brady, Nicholas";"l1";"brady-1713";"SERMON";"c";"c";"G";"mann";"Weak";"Consonant-Stem";"M/N";"l1";"i_l1";"c_lmod"
"salt:/ppcmbe2/brady-1713-2#sTok5566";"some";"some";"*T*-1 do some Men *ICH*-2 act upon these Occasions , who 0 *T*-3 are so far from making use of temporal Things , only in regard to the advantage of the Spirit , that they keep God's Laws and obey his Commandments no farther than 0 0 *T*-5 they comport with their worldly Interest";"Men";"man";"1";"";"Brady, Nicholas";"l1";"brady-1713";"SERMON";"c";"c";"G";"mann";"Weak";"Consonant-Stem";"M/N";"l1";"i_l1";"c_lmod"
"salt:/ppcmbe2/brady-1713-2#sTok6436";"every";"every";"<font> And every Man 0 that *T*-1 striveth for the mastery , is temperate in all things :";"Man";"man";"";"1";"Brady, Nicholas";"l1";"brady-1713";"SERMON";"c";"c";"G";"mann";"Weak";"Consonant-Stem";"M/N";"l1";"i_l1";"c_lmod"
"salt:/ppcmbe2/brady-1713-2#sTok6497";"all";"all";"of all God's good Creatures";"Creatures";"creature";"1";"";"Brady, Nicholas";"l1";"brady-1713";"SERMON";"c";"c";"R";"";"";"";"";"l1";"i_l1";"c_lmod"
"salt:/ppcmbe2/brady-1713-2#sTok6636";"all";"all";"from all men";"men";"man";"1";"";"Brady, Nicholas";"l1";"brady-1713";"SERMON";"c";"c";"G";"mann";"Weak";"Consonant-Stem";"M/N";"l1";"i_l1";"c_lmod"
"salt:/ppcmbe2/brady-1713-2#sTok6993";"every";"every";"And every man 0 that *T*-1 striveth for the mastery , is temperate in all things ;";"man";"man";"";"1";"Brady, Nicholas";"l1";"brady-1713";"SERMON";"c";"c";"G";"mann";"Weak";"Consonant-Stem";"M/N";"l1";"i_l1";"c_lmod"
"salt:/ppcmbe2/brady-1713-2#sTok7745";"every";"every";"and every man 0 that *T*-1 striveth for the mastery is temperate in all things . <$$font>";"man";"man";"";"1";"Brady, Nicholas";"l1";"brady-1713";"SERMON";"c";"c";"G";"mann";"Weak";"Consonant-Stem";"M/N";"l1";"i_l1";"c_lmod"
"salt:/ppcmbe2/brady-1713-2#sTok8163";"every";"every";"For every Man 0 that *T*-2 striveth for the mastery <$$font> , the Apostle assures us , <font> 0 *ICH*-1 is temperate in all things . <$$font> Which 0 *T*-3 leads me to the Consideration of my II. <font> Second <$$font> Particular , namely , To examine the Duty recommended , that we should be <font> temperate in all things <$$font> ; and to shew how necessarily 0 *T*-4 it must be practised by use , if 0 ever we resolve <font> to strive for the mastery . <$$font>";"Man";"man";"";"1";"Brady, Nicholas";"l1";"brady-1713";"SERMON";"c";"c";"G";"mann";"Weak";"Consonant-Stem";"M/N";"l1";"i_l1";"c_lmod"
"salt:/ppcmbe2/brady-1713-2#sTok8420";"Every";"every";"1st {COM:\"st\"_in_italics} then , <paren> I say <$$paren> Every Man <font> 0 that *T*-1 strives for the mastery <$$font> , must be moderate in his Refreshments of eating and drinking .";"Man";"man";"";"1";"Brady, Nicholas";"l1";"brady-1713";"SERMON";"c";"c";"G";"mann";"Weak";"Consonant-Stem";"M/N";"l1";"i_l1";"c_lmod"
"salt:/ppcmbe2/brady-1713-2#sTok9026";"some";"some";"by some devout Souls , the Goodness of whose Intentions 0 *T*-1 may sanctify their Practises";"Souls";"soul";"1";"";"Brady, Nicholas";"l1";"brady-1713";"SERMON";"c";"a";"G";"sawel";"Strong";"O-Stem";"F";"l1";"i_l1";"c_lmod"
"salt:/ppcmbe2/brady-1713-2#sTok9279";"every";"every";"of every Man amongst us , <font> 0 that *T*-6 striveth for the mastery";"Man";"man";"";"1";"Brady, Nicholas";"l1";"brady-1713";"SERMON";"c";"c";"G";"mann";"Weak";"Consonant-Stem";"M/N";"l1";"i_l1";"c_lmod"
"salt:/ppcmbe2/brady-1713-2#sTok9301";"Every";"every";"But , 2dly {COM:\"dly\"_in_italics} , <font> Every Man 0 that *T*-1 strives for the Mastery <$$font> , must also lay a becoming Restraint upon every thing else which 0 *T*-2 may interrupt him in his Progress ;";"Man";"man";"";"1";"Brady, Nicholas";"l1";"brady-1713";"SERMON";"c";"c";"G";"mann";"Weak";"Consonant-Stem";"M/N";"l1";"i_l1";"c_lmod"
"salt:/ppcmbe2/brady-1713-2#sTok10332";"every";"every";"breathe himself every Day , to fit him for the Contest";"Day";"day";"";"1";"Brady, Nicholas";"l1";"brady-1713";"SERMON";"c";"a";"G";"dæg";"Strong";"A-Stem";"M";"l1";"i_l1";"c_lmod"
"salt:/ppcmbe2/brightland-1711-1#sTok1576";"all";"all";"<font> J. B. <$$font> upon the great Encouragement to the First Impression of his <font> Grammar <$$font> , has with indefatigable Industry consulted all the Polite and Learned Men 0 that *T*-1 he and his Friends cou'd engage , in order to obtain such Improvements , as 0 0 *T*-2 might make it approach near to Perfection in the <font> Second Edition : <$$font>";"Men";"man";"1";"";"Brightland, John";"l1";"brightland-1711";"EDUC TREAT";"c";"c";"G";"mann";"Weak";"Consonant-Stem";"M/N";"l1";"i_l1";"c_lmod"
"salt:/ppcmbe2/bronte-1848-2#sTok1394";"all";"all";"all night long";"night";"night";"";"1";"Bronte, Emily (alias Ellis Bell)";"l3";"bronte-1847";"FICTION";"c";"a";"G";"niht";"Strong";"A-Stem";"N";"l3";"k_l3";"c_lmod"
"salt:/ppcmbe2/bronte-1848-2#sTok1527";"All";"all";"All her nice books are mine -";"books";"book";"1";"";"Bronte, Emily (alias Ellis Bell)";"l3";"bronte-1847";"FICTION";"c";"c";"G";"boc";"Weak";"Consonant-Stem";"F";"l3";"k_l3";"c_lmod"
"salt:/ppcmbe2/bronte-1848-2#sTok2249";"few";"few";"even in those few days";"days";"day";"1";"";"Bronte, Emily (alias Ellis Bell)";"l3";"bronte-1847";"FICTION";"c";"a";"G";"dæg";"Strong";"A-Stem";"M";"l3";"k_l3";"c_lmod"
"salt:/ppcmbe2/bronte-1848-2#sTok5908";"all";"all";"with all my might";"might";"might";"";"1";"Bronte, Emily (alias Ellis Bell)";"l3";"bronte-1847";"FICTION";"u";"a";"G";"meaht";"Strong";"O-Stem";"F";"l3";"k_l3";"c_lmod"
"salt:/ppcmbe2/bronte-1848-2#sTok11433";"No";"no";"No books";"books";"book";"1";"";"Bronte, Emily (alias Ellis Bell)";"l3";"bronte-1847";"FICTION";"c";"c";"G";"boc";"Weak";"Consonant-Stem";"F";"l3";"k_l3";"c_lmod"
"salt:/ppcmbe2/bronte-1848-2#sTok12025";"no";"no";"still , he has no right to appropriate what 0 *T*-1 is mine , and * make it ridiculous to me with his vile mistakes and mis-pronunciations !";"right";"right";"";"1";"Bronte, Emily (alias Ellis Bell)";"l3";"bronte-1847";"FICTION";"c";"a";"G";"riht";"Strong";"A-Stem";"N";"l3";"k_l3";"c_lmod"
"salt:/ppcmbe2/bronte-1848-2#sTok12769";"every";"every";"\" But , when 0 I look for his father in his face , I find <font> her <$$font> every day more !";"day";"day";"";"1";"Bronte, Emily (alias Ellis Bell)";"l3";"bronte-1847";"FICTION";"c";"a";"G";"dæg";"Strong";"A-Stem";"M";"l3";"k_l3";"c_lmod"
"salt:/ppcmbe2/brough-1867-2#sTok392";"every";"every";"to leave his pretty young wife alone while 0 he is in his office in town every day";"day";"day";"";"1";"Brough, William";"l4";"brough-1867";"DRAMA COMEDY";"c";"a";"G";"dæg";"Strong";"A-Stem";"M";"l4";"l_l4";"c_lmod"
"salt:/ppcmbe2/brough-1867-2#sTok2790";"no";"no";"Honi. Maud , it is no jesting matter .";"matter";"matter";"";"1";"Brough, William";"l4";"brough-1867";"DRAMA COMEDY";"c";"s";"R";"";"";"";"";"l4";"l_l4";"c_lmod"
"salt:/ppcmbe2/brough-1867-2#sTok4221";"all";"all";"hansom cabs rattling along the streets all night";"night";"night";"";"1";"Brough, William";"l4";"brough-1867";"DRAMA COMEDY";"c";"a";"G";"niht";"Strong";"A-Stem";"N";"l4";"l_l4";"c_lmod"
"salt:/ppcmbe2/brough-1867-2#sTok4275";"all";"all";"I scarcely got a wink of sleep all night ;";"night";"night";"";"1";"Brough, William";"l4";"brough-1867";"DRAMA COMEDY";"c";"a";"G";"niht";"Strong";"A-Stem";"N";"l4";"l_l4";"c_lmod"
"salt:/ppcmbe2/brough-1867-2#sTok4959";"no";"no";"He $would $n't {TEXT:wouldn't} give no name ;";"name";"name";"";"1";"Brough, William";"l4";"brough-1867";"DRAMA COMEDY";"c";"a";"G";"nama";"Weak";"N-Stem";"M";"l4";"l_l4";"c_lmod"
"salt:/ppcmbe2/brough-1867-2#sTok5660";"No";"no";"Golds. No matter ,";"matter";"matter";"";"1";"Brough, William";"l4";"brough-1867";"DRAMA COMEDY";"c";"s";"R";"";"";"";"";"l4";"l_l4";"c_lmod"
"salt:/ppcmbe2/brough-1867-2#sTok7102";"half";"half";"with half an eye";"eye";"eye";"";"1";"Brough, William";"l4";"brough-1867";"DRAMA COMEDY";"c";"c";"G";"eage";"Strong";"A-Stem";"M";"l4";"l_l4";"c_lmod"
"salt:/ppcmbe2/brough-1867-2#sTok9864";"no";"no";"in no mood for business";"mood";"mood";"";"1";"Brough, William";"l4";"brough-1867";"DRAMA COMEDY";"c";"a";"G";"mod";"Strong";"A-Stem";"N";"l4";"l_l4";"c_lmod"
"salt:/ppcmbe2/brough-1867-2#sTok13895";"All";"all";"All day have I been seeking you";"day";"day";"";"1";"Brough, William";"l4";"brough-1867";"DRAMA COMEDY";"c";"a";"G";"dæg";"Strong";"A-Stem";"M";"l4";"l_l4";"c_lmod"
"salt:/ppcmbe2/brougham1-1861-1#sTok438";"every";"every";"I feel these symptoms every day , just about this time -";"day";"day";"";"1";"Brougham, John";"l4";"brougham1-1861";"DRAMA COMEDY";"c";"a";"G";"dæg";"Strong";"A-Stem";"M";"l4";"l_l4";"c_lmod"
"salt:/ppcmbe2/brougham1-1861-1#sTok12499";"all";"all";"all your charity";"charity";"charity";"";"1";"Brougham, John";"l4";"brougham1-1861";"DRAMA COMEDY";"u";"a";"R";"";"";"";"";"l4";"l_l4";"c_lmod"
"salt:/ppcmbe2/brougham2-1825-2#sTok36";"every";"every";"not to have an hour or two *ICH*-3 every other day at least , 0 *T*-4 to bestow upon the pleasure and improvement 0 *T*-5 to be derived from reading";"day";"day";"";"1";"Brougham, Henry";"l3";"brougham2-1825";"EDUC TREAT";"c";"a";"G";"dæg";"Strong";"A-Stem";"M";"l3";"k_l3";"c_lmod"
"salt:/ppcmbe2/brougham2-1825-2#sTok659";"no";"no";"in no country";"country";"country";"";"1";"Brougham, Henry";"l3";"brougham2-1825";"EDUC TREAT";"c";"c";"R";"";"";"";"";"l3";"k_l3";"c_lmod"
"salt:/ppcmbe2/brougham2-1825-2#sTok1443";"much";"much";"containing much matter of harmless and even improving amusement , selected with very considerable taste";"matter";"matter";"";"1";"Brougham, Henry";"l3";"brougham2-1825";"EDUC TREAT";"c";"s";"R";"";"";"";"";"l3";"k_l3";"c_lmod"
"salt:/ppcmbe2/brougham2-1825-2#sTok2211";"any";"any";"to sell any book on the political controversies of the day";"book";"book";"";"1";"Brougham, Henry";"l3";"brougham2-1825";"EDUC TREAT";"c";"c";"G";"boc";"Weak";"Consonant-Stem";"F";"l3";"k_l3";"c_lmod"
"salt:/ppcmbe2/brougham2-1825-2#sTok2253";"all";"all";"as all other works";"works";"work";"1";"";"Brougham, Henry";"l3";"brougham2-1825";"EDUC TREAT";"u";"a";"G";"weorc";"Strong";"A-Stem";"N";"l3";"k_l3";"c_lmod"
"salt:/ppcmbe2/brougham2-1825-2#sTok2292";"no";"no";"That history , the nature of the constitution , the doctrines of political economy , may safely be disseminated in this shape , no man now-a-days will be hardy enough *ICH*-1 to deny .";"man";"man";"";"1";"Brougham, Henry";"l3";"brougham2-1825";"EDUC TREAT";"c";"c";"G";"mann";"Weak";"Consonant-Stem";"M/N";"l3";"k_l3";"c_lmod"
"salt:/ppcmbe2/brougham2-1825-2#sTok2598";"every";"every";"by every man who 0 *T*-2 lives under it";"man";"man";"";"1";"Brougham, Henry";"l3";"brougham2-1825";"EDUC TREAT";"c";"c";"G";"mann";"Weak";"Consonant-Stem";"M/N";"l3";"k_l3";"c_lmod"
"salt:/ppcmbe2/brougham2-1825-2#sTok2726";"any";"any";"any man or set of men deny the existence of such abuses";"man";"man";"";"1";"Brougham, Henry";"l3";"brougham2-1825";"EDUC TREAT";"c";"c";"G";"mann";"Weak";"Consonant-Stem";"M/N";"l3";"k_l3";"c_lmod"
"salt:/ppcmbe2/brougham2-1825-2#sTok2996";"every";"every";"every day , or every other day";"day";"day";"";"1";"Brougham, Henry";"l3";"brougham2-1825";"EDUC TREAT";"c";"a";"G";"dæg";"Strong";"A-Stem";"M";"l3";"k_l3";"c_lmod"
"salt:/ppcmbe2/brougham2-1825-2#sTok3000";"every";"every";"or every other day";"day";"day";"";"1";"Brougham, Henry";"l3";"brougham2-1825";"EDUC TREAT";"c";"a";"G";"dæg";"Strong";"A-Stem";"M";"l3";"k_l3";"c_lmod"
"salt:/ppcmbe2/brougham2-1825-2#sTok4085";"some";"some";"*T*-3 *exp* were afterwards introduced , in perfect consistency with the primary object , some literary and scientific works";"works";"work";"1";"";"Brougham, Henry";"l3";"brougham2-1825";"EDUC TREAT";"u";"a";"G";"weorc";"Strong";"A-Stem";"N";"l3";"k_l3";"c_lmod"
"salt:/ppcmbe2/brougham2-1825-2#sTok4190";"each";"each";"If 0 there are twenty-four men together , this arrangement would only require each man to work one extra day in four weeks , supposing the reading to go on the whole day , which 0 *T*-2 it would not * ;";"man";"man";"";"1";"Brougham, Henry";"l3";"brougham2-1825";"EDUC TREAT";"c";"c";"G";"mann";"Weak";"Consonant-Stem";"M/N";"l3";"k_l3";"c_lmod"
"salt:/ppcmbe2/brougham2-1825-2#sTok4582";"some";"some";"of some work";"work";"work";"";"1";"Brougham, Henry";"l3";"brougham2-1825";"EDUC TREAT";"u";"a";"G";"weorc";"Strong";"A-Stem";"N";"l3";"k_l3";"c_lmod"
"salt:/ppcmbe2/brougham2-1825-2#sTok6214";"no";"no";"*T*-2 no books sufficiently illustrate";"books";"book";"1";"";"Brougham, Henry";"l3";"brougham2-1825";"EDUC TREAT";"c";"c";"G";"boc";"Weak";"Consonant-Stem";"F";"l3";"k_l3";"c_lmod"
"salt:/ppcmbe2/brougham2-1825-2#sTok7533";"all";"all";"all the year round";"year";"year";"";"1";"Brougham, Henry";"l3";"brougham2-1825";"EDUC TREAT";"c";"a";"G";"gear";"Strong";"A-Stem";"N";"l3";"k_l3";"c_lmod"
"salt:/ppcmbe2/brougham2-1825-2#sTok9377";"all";"all";"upon all these matters";"matters";"matter";"1";"";"Brougham, Henry";"l3";"brougham2-1825";"EDUC TREAT";"c";"s";"R";"";"";"";"";"l3";"k_l3";"c_lmod"
"salt:/ppcmbe2/burney-1768-2#sTok1304";"all";"all";"For my part , I could not sleep all night ,";"night";"night";"";"1";"Burney, Frances (Fanny), later Mme. d'Arblay";"l2";"burney-1768";"DIARY PRIV";"c";"a";"G";"niht";"Strong";"A-Stem";"N";"l2";"j_l2";"c_lmod"
"salt:/ppcmbe2/burney-1768-2#sTok3784";"all";"all";"in all his works";"works";"work";"1";"";"Burney, Frances (Fanny), later Mme. d'Arblay";"l2";"burney-1768";"DIARY PRIV";"u";"a";"G";"weorc";"Strong";"A-Stem";"N";"l2";"j_l2";"c_lmod"
"salt:/ppcmbe2/burney-1768-2#sTok4921";"every";"every";"every bliss which 0 *T*-1 was wanting when in it , appears easily attained when away from it ,";"bliss";"bliss";"";"1";"Burney, Frances (Fanny), later Mme. d'Arblay";"l2";"burney-1768";"DIARY PRIV";"u";"a";"G";"bliss";"Strong";"O-Stem";"F";"l2";"j_l2";"c_lmod"
"salt:/ppcmbe2/burney-1768-2#sTok7568";"every";"every";"I every day , certainly , am more able to enjoy them";"day";"day";"";"1";"Burney, Frances (Fanny), later Mme. d'Arblay";"l2";"burney-1768";"DIARY PRIV";"c";"a";"G";"dæg";"Strong";"A-Stem";"M";"l2";"j_l2";"c_lmod"
"salt:/ppcmbe2/burney-1768-2#sTok9066";"no";"no";"Indeed I have no wonderful matters 0 *T*-1 to scrawl , now -";"matters";"matter";"1";"";"Burney, Frances (Fanny), later Mme. d'Arblay";"l2";"burney-1768";"DIARY PRIV";"c";"s";"R";"";"";"";"";"l2";"j_l2";"c_lmod"
"salt:/ppcmbe2/burney-1768-2#sTok9206";"no";"no";"but till then - no matter what 0 *T*-1 happens - the spirits - the health - the never dying <font> hope <$$font> are too strong to be <font> much <$$font> affected by whatever 0 *T*-2 comes to pass -";"matter";"matter";"";"1";"Burney, Frances (Fanny), later Mme. d'Arblay";"l2";"burney-1768";"DIARY PRIV";"c";"s";"R";"";"";"";"";"l2";"j_l2";"c_lmod"
"salt:/ppcmbe2/burney-1768-2#sTok11672";"all";"all";"with <font> all <$$font> their virtue";"virtue";"virtue";"";"1";"Burney, Frances (Fanny), later Mme. d'Arblay";"l2";"burney-1768";"DIARY PRIV";"u";"a";"R";"";"";"";"";"l2";"j_l2";"c_lmod"
"salt:/ppcmbe2/burney-1768-2#sTok12412";"some";"some";"some years since";"years";"year";"1";"";"Burney, Frances (Fanny), later Mme. d'Arblay";"l2";"burney-1768";"DIARY PRIV";"c";"a";"G";"gear";"Strong";"A-Stem";"N";"l2";"j_l2";"c_lmod"
"salt:/ppcmbe2/burney-1768-2#sTok12985";"any";"any";"as <font> any <$$font> country whatever";"country";"country";"";"1";"Burney, Frances (Fanny), later Mme. d'Arblay";"l2";"burney-1768";"DIARY PRIV";"c";"c";"R";"";"";"";"";"l2";"j_l2";"c_lmod"
"salt:/ppcmbe2/burney-1782-2#sTok4086";"some";"some";"for some years";"years";"year";"1";"";"Burney, Frances (Fanny), later Mme. d'Arblay";"l2";"burney-1782";"FICTION";"c";"a";"G";"gear";"Strong";"A-Stem";"N";"l2";"j_l2";"c_lmod"
"salt:/ppcmbe2/burney-1782-2#sTok6520";"all";"all";"all the work 0 0 *T*-2 I can do by myself is not enough to maintain us";"work";"work";"";"1";"Burney, Frances (Fanny), later Mme. d'Arblay";"l2";"burney-1782";"FICTION";"u";"a";"G";"weorc";"Strong";"A-Stem";"N";"l2";"j_l2";"c_lmod"
"salt:/ppcmbe2/burney-1782-2#sTok7810";"every";"every";"for she has pestered me every day these nine months . \"";"day";"day";"";"1";"Burney, Frances (Fanny), later Mme. d'Arblay";"l2";"burney-1782";"FICTION";"c";"a";"G";"dæg";"Strong";"A-Stem";"M";"l2";"j_l2";"c_lmod"
"salt:/ppcmbe2/burney-1782-2#sTok7879";"every";"every";"to claim a just debt every day for nine months together";"day";"day";"";"1";"Burney, Frances (Fanny), later Mme. d'Arblay";"l2";"burney-1782";"FICTION";"c";"a";"G";"dæg";"Strong";"A-Stem";"M";"l2";"j_l2";"c_lmod"
"salt:/ppcmbe2/burney-1782-2#sTok10634";"any";"any";"from <font> any man";"man";"man";"";"1";"Burney, Frances (Fanny), later Mme. d'Arblay";"l2";"burney-1782";"FICTION";"c";"c";"G";"mann";"Weak";"Consonant-Stem";"M/N";"l2";"j_l2";"c_lmod"
"salt:/ppcmbe2/burney-1782-2#sTok12990";"all";"all";"and all the folks used to say 0 he was the better workman of the two . \"";"folks";"folk";"1";"";"Burney, Frances (Fanny), later Mme. d'Arblay";"l2";"burney-1782";"FICTION";"u";"c";"G";"folc";"Strong";"A-Stem";"N";"l2";"j_l2";"c_lmod"
"salt:/ppcmbe2/burney-1792-2#sTok2062";"all";"all";"with all my heart";"heart";"heart";"";"1";"Burney, Frances (Fanny), later Mme. d'Arblay";"l2";"burney-1792";"DIARY PRIV";"c";"c";"G";"heorte";"Weak";"N-Stem";"F";"l2";"j_l2";"c_lmod"
"salt:/ppcmbe2/burney-1792-2#sTok4476";"any";"any";"any man makes a blunder , a mistake";"man";"man";"";"1";"Burney, Frances (Fanny), later Mme. d'Arblay";"l2";"burney-1792";"DIARY PRIV";"c";"c";"G";"mann";"Weak";"Consonant-Stem";"M/N";"l2";"j_l2";"c_lmod"
"salt:/ppcmbe2/burney-1792-2#sTok5585";"some";"some";"some days after";"days";"day";"1";"";"Burney, Frances (Fanny), later Mme. d'Arblay";"l2";"burney-1792";"DIARY PRIV";"c";"a";"G";"dæg";"Strong";"A-Stem";"M";"l2";"j_l2";"c_lmod"
"salt:/ppcmbe2/burney-1792-2#sTok5775";"No";"no";"No man could ever more completely devote his whole mind to the object of his affection ;";"man";"man";"";"1";"Burney, Frances (Fanny), later Mme. d'Arblay";"l2";"burney-1792";"DIARY PRIV";"c";"c";"G";"mann";"Weak";"Consonant-Stem";"M/N";"l2";"j_l2";"c_lmod"
"salt:/ppcmbe2/burney-1792-2#sTok7749";"any";"any";"in any positive and formidable manner";"manner";"manner";"";"1";"Burney, Frances (Fanny), later Mme. d'Arblay";"l2";"burney-1792";"DIARY PRIV";"u";"a";"R";"";"";"";"";"l2";"j_l2";"c_lmod"
"salt:/ppcmbe2/burney-1792-2#sTok8974";"all";"all";"with all her sweet daughters but the youngest";"daughters";"daughter";"1";"";"Burney, Frances (Fanny), later Mme. d'Arblay";"l2";"burney-1792";"DIARY PRIV";"c";"c";"G";"dohtor";"Irregular";"Stem in -r";"F";"l2";"j_l2";"c_lmod"
"salt:/ppcmbe2/burney-1792-2#sTok9540";"some";"some";"of some political matters";"matters";"matter";"1";"";"Burney, Frances (Fanny), later Mme. d'Arblay";"l2";"burney-1792";"DIARY PRIV";"c";"s";"R";"";"";"";"";"l2";"j_l2";"c_lmod"
"salt:/ppcmbe2/burney-1792-2#sTok9753";"many";"many";"for many years";"years";"year";"1";"";"Burney, Frances (Fanny), later Mme. d'Arblay";"l2";"burney-1792";"DIARY PRIV";"c";"a";"G";"gear";"Strong";"A-Stem";"N";"l2";"j_l2";"c_lmod"
"salt:/ppcmbe2/burney-1792-2#sTok10315";"no";"no";"at no house but Sir Thomas Gage's , where 0 *T*-1 they carry their harps , and *T*-1 *con* frequently have music";"house";"house";"";"1";"Burney, Frances (Fanny), later Mme. d'Arblay";"l2";"burney-1792";"DIARY PRIV";"c";"c";"G";"hus";"Strong";"A-Stem";"N";"l2";"j_l2";"c_lmod"
"salt:/ppcmbe2/burney-1792-2#sTok10350";"all";"all";"and *con* danced all night";"night";"night";"";"1";"Burney, Frances (Fanny), later Mme. d'Arblay";"l2";"burney-1792";"DIARY PRIV";"c";"a";"G";"niht";"Strong";"A-Stem";"N";"l2";"j_l2";"c_lmod"
"salt:/ppcmbe2/burney-1792-2#sTok12684";"Every";"every";"Every man has , some time in his life , an ambition to be a wag";"man";"man";"";"1";"Burney, Frances (Fanny), later Mme. d'Arblay";"l2";"burney-1792";"DIARY PRIV";"c";"c";"G";"mann";"Weak";"Consonant-Stem";"M/N";"l2";"j_l2";"c_lmod"
"salt:/ppcmbe2/burton1-1762-1#sTok1515";"all";"all";"all manner of preparation *ICH*-1 was made for the defence of the City :";"manner";"manner";"";"1";"Burton, John";"l2";"burton1-1762";"SERMON";"u";"a";"R";"";"";"";"";"l2";"j_l2";"c_lmod"
"salt:/ppcmbe2/burton1-1762-1#sTok6865";"some";"some";"of some impending evil";"evil";"evil";"";"1";"Burton, John";"l2";"burton1-1762";"SERMON";"u";"a";"G";"yfel";"Strong";"A-Stem";"N";"l2";"j_l2";"c_lmod"
"salt:/ppcmbe2/burton1-1762-1#sTok7778";"Many";"many";"Many men keep up the decent appearances of religion ,";"men";"man";"1";"";"Burton, John";"l2";"burton1-1762";"SERMON";"c";"c";"G";"mann";"Weak";"Consonant-Stem";"M/N";"l2";"j_l2";"c_lmod"
"salt:/ppcmbe2/burton1-1762-1#sTok8895";"every";"every";"of every virtue";"virtue";"virtue";"";"1";"Burton, John";"l2";"burton1-1762";"SERMON";"u";"a";"R";"";"";"";"";"l2";"j_l2";"c_lmod"
"salt:/ppcmbe2/burton1-1762-1#sTok10003";"no";"no";"admit no manner of communication";"manner";"manner";"";"1";"Burton, John";"l2";"burton1-1762";"SERMON";"u";"a";"R";"";"";"";"";"l2";"j_l2";"c_lmod"
"salt:/ppcmbe2/burton1-1762-1#sTok11732";"every";"every";"of every possible virtue";"virtue";"virtue";"";"1";"Burton, John";"l2";"burton1-1762";"SERMON";"u";"a";"R";"";"";"";"";"l2";"j_l2";"c_lmod"
"salt:/ppcmbe2/burton1-1762-1#sTok11826";"all";"all";"being delivered from our enemies we may serve him without fear , in holiness and righteousness before him all the days of our life";"days";"day";"1";"";"Burton, John";"l2";"burton1-1762";"SERMON";"c";"a";"G";"dæg";"Strong";"A-Stem";"M";"l2";"j_l2";"c_lmod"
"salt:/ppcmbe2/burton2-1857-2#sTok1711";"every";"every";"*T*-2 breaketh his fast every day with six or seven of the Ajwah-date";"day";"day";"";"1";"Burton, Richard Francis, Sir";"l3";"burton2-1857";"TRAVELOGUE";"c";"a";"G";"dæg";"Strong";"A-Stem";"M";"l3";"k_l3";"c_lmod"
"salt:/ppcmbe2/burton2-1857-2#sTok2485";"every";"every";"and even in the hottest weather the Persian wheel floods the soil every third day .";"day";"day";"";"1";"Burton, Richard Francis, Sir";"l3";"burton2-1857";"TRAVELOGUE";"c";"a";"G";"dæg";"Strong";"A-Stem";"M";"l3";"k_l3";"c_lmod"
"salt:/ppcmbe2/burton2-1857-2#sTok3651";"all";"all";"faces all eyes";"eyes";"eye";"1";"";"Burton, Richard Francis, Sir";"l3";"burton2-1857";"TRAVELOGUE";"c";"c";"G";"eage";"Strong";"A-Stem";"M";"l3";"k_l3";"c_lmod"
"salt:/ppcmbe2/burton2-1857-2#sTok9216";"some";"some";"containing some large brick houses now in a ruinous state";"houses";"house";"1";"";"Burton, Richard Francis, Sir";"l3";"burton2-1857";"TRAVELOGUE";"c";"c";"G";"hus";"Strong";"A-Stem";"N";"l3";"k_l3";"c_lmod"
"salt:/ppcmbe2/burton2-1857-2#sTok10391";"every";"every";"to change color every year";"year";"year";"";"1";"Burton, Richard Francis, Sir";"l3";"burton2-1857";"TRAVELOGUE";"c";"a";"G";"gear";"Strong";"A-Stem";"N";"l3";"k_l3";"c_lmod"
"salt:/ppcmbe2/burton2-1857-2#sTok11470";"all";"all";"to arouse all the evil in my companions' nature";"evil";"evil";"";"1";"Burton, Richard Francis, Sir";"l3";"burton2-1857";"TRAVELOGUE";"u";"a";"G";"yfel";"Strong";"A-Stem";"N";"l3";"k_l3";"c_lmod"
"salt:/ppcmbe2/burton2-1857-2#sTok12295";"All";"all";"All eyes followed them as 0 they went through the ceremonies of Ziyarat , especially as 0 they <P_417> approached the tombs of Abubekr and Omar , - which 0 every man is bound *T*-1 to defile if 0 he can * , - and the supposed place of Fatimah's burial .";"eyes";"eye";"1";"";"Burton, Richard Francis, Sir";"l3";"burton2-1857";"TRAVELOGUE";"c";"c";"G";"eage";"Strong";"A-Stem";"M";"l3";"k_l3";"c_lmod"
"salt:/ppcmbe2/burton2-1857-2#sTok12325";"every";"every";"every man is bound *T*-1 to defile if 0 he can *";"man";"man";"";"1";"Burton, Richard Francis, Sir";"l3";"burton2-1857";"TRAVELOGUE";"c";"c";"G";"mann";"Weak";"Consonant-Stem";"M/N";"l3";"k_l3";"c_lmod"
"salt:/ppcmbe2/butler-1726-1#sTok787";"all";"all";"with all thine Heart";"Heart";"heart";"";"1";"Butler, Joseph";"l1";"butler-1726";"SERMON";"c";"c";"G";"heorte";"Weak";"N-Stem";"F";"l1";"i_l1";"c_lmod"
"salt:/ppcmbe2/butler-1726-1#sTok792";"all";"all";"with all thy Soul";"Soul";"soul";"";"1";"Butler, Joseph";"l1";"butler-1726";"SERMON";"c";"a";"G";"sawel";"Strong";"O-Stem";"F";"l1";"i_l1";"c_lmod"
"salt:/ppcmbe2/butler-1726-1#sTok1001";"every";"every";"*T*-1 every Man has the Principle of Self-love , which 0 *T*-2 disposes him to avoid Misery , and * consult his own Happiness";"Man";"man";"";"1";"Butler, Joseph";"l1";"butler-1726";"SERMON";"c";"c";"G";"mann";"Weak";"Consonant-Stem";"M/N";"l1";"i_l1";"c_lmod"
"salt:/ppcmbe2/butler-1726-1#sTok2823";"each";"each";"each particular Man should make particular Provision for himself";"Man";"man";"";"1";"Butler, Joseph";"l1";"butler-1726";"SERMON";"c";"c";"G";"mann";"Weak";"Consonant-Stem";"M/N";"l1";"i_l1";"c_lmod"
"salt:/ppcmbe2/butler-1726-1#sTok2879";"each";"each";"each Man must determine this for himself";"Man";"man";"";"1";"Butler, Joseph";"l1";"butler-1726";"SERMON";"c";"c";"G";"mann";"Weak";"Consonant-Stem";"M/N";"l1";"i_l1";"c_lmod"
"salt:/ppcmbe2/butler-1726-1#sTok3170";"all";"all";"*T*-2 includes in it all Virtues";"Virtues";"virtue";"1";"";"Butler, Joseph";"l1";"butler-1726";"SERMON";"u";"a";"R";"";"";"";"";"l1";"i_l1";"c_lmod"
"salt:/ppcmbe2/butler-1726-1#sTok3942";"no";"no";"*con* thinketh no evil";"evil";"evil";"";"1";"Butler, Joseph";"l1";"butler-1726";"SERMON";"u";"a";"G";"yfel";"Strong";"A-Stem";"N";"l1";"i_l1";"c_lmod"
"salt:/ppcmbe2/butler-1726-1#sTok3982";"no";"no";"*con* thinketh no evil";"evil";"evil";"";"1";"Butler, Joseph";"l1";"butler-1726";"SERMON";"u";"a";"G";"yfel";"Strong";"A-Stem";"N";"l1";"i_l1";"c_lmod"
"salt:/ppcmbe2/butler-1726-1#sTok4938";"all";"all";"to love our Neighbour as ourselves includes in it all Virtues";"Virtues";"virtue";"1";"";"Butler, Joseph";"l1";"butler-1726";"SERMON";"u";"a";"R";"";"";"";"";"l1";"i_l1";"c_lmod"
"salt:/ppcmbe2/butler-1726-1#sTok5491";"all";"all";"Benevolence includes in it all Virtues";"Virtues";"virtue";"1";"";"Butler, Joseph";"l1";"butler-1726";"SERMON";"u";"a";"R";"";"";"";"";"l1";"i_l1";"c_lmod"
"salt:/ppcmbe2/butler-1726-1#sTok5559";"any";"any";"or any Creature";"Creature";"creature";"";"1";"Butler, Joseph";"l1";"butler-1726";"SERMON";"c";"c";"R";"";"";"";"";"l1";"i_l1";"c_lmod"
"salt:/ppcmbe2/butler-1726-1#sTok5596";"no";"no";"We can therefore <font> owe no Man any thing , <$$font> but only to further and promote his Happiness , according to our Abilities .";"Man";"man";"";"1";"Butler, Joseph";"l1";"butler-1726";"SERMON";"c";"c";"G";"mann";"Weak";"Consonant-Stem";"M/N";"l1";"i_l1";"c_lmod"
"salt:/ppcmbe2/butler-1726-1#sTok6600";"all";"all";"kill in us all the Seeds of Envy and Ill-will ;";"Seeds";"seed";"1";"";"Butler, Joseph";"l1";"butler-1726";"SERMON";"c";"s";"G";"seed";"Strong";"A-Stem";"N";"l1";"i_l1";"c_lmod"
"salt:/ppcmbe2/butler-1726-1#sTok6727";"all";"all";"with all thy Heart";"Heart";"heart";"";"1";"Butler, Joseph";"l1";"butler-1726";"SERMON";"c";"c";"G";"heorte";"Weak";"N-Stem";"F";"l1";"i_l1";"c_lmod"
"salt:/ppcmbe2/butler-1726-1#sTok6733";"all";"all";"with all thy Soul";"Soul";"soul";"";"1";"Butler, Joseph";"l1";"butler-1726";"SERMON";"c";"a";"G";"sawel";"Strong";"O-Stem";"F";"l1";"i_l1";"c_lmod"
"salt:/ppcmbe2/butler-1726-1#sTok7383";"all";"all";"with all our Heart";"Heart";"heart";"";"1";"Butler, Joseph";"l1";"butler-1726";"SERMON";"c";"c";"G";"heorte";"Weak";"N-Stem";"F";"l1";"i_l1";"c_lmod"
"salt:/ppcmbe2/butler-1726-1#sTok7388";"all";"all";"with all our Soul";"Soul";"soul";"";"1";"Butler, Joseph";"l1";"butler-1726";"SERMON";"c";"a";"G";"sawel";"Strong";"O-Stem";"F";"l1";"i_l1";"c_lmod"
"salt:/ppcmbe2/butler-1726-1#sTok9080";"all";"all";"to all Creatures , whatever 0 *T*-1 their moral Chracter be";"Creatures";"creature";"1";"";"Butler, Joseph";"l1";"butler-1726";"SERMON";"c";"c";"R";"";"";"";"";"l1";"i_l1";"c_lmod"
"salt:/ppcmbe2/butler-1726-1#sTok10839";"all";"all";"with all our Heart";"Heart";"heart";"";"1";"Butler, Joseph";"l1";"butler-1726";"SERMON";"c";"c";"G";"heorte";"Weak";"N-Stem";"F";"l1";"i_l1";"c_lmod"
"salt:/ppcmbe2/butler-1726-1#sTok10844";"all";"all";"with all our Soul";"Soul";"soul";"";"1";"Butler, Joseph";"l1";"butler-1726";"SERMON";"c";"a";"G";"sawel";"Strong";"O-Stem";"F";"l1";"i_l1";"c_lmod"
"salt:/ppcmbe2/butler-1726-1#sTok11205";"all";"all";"to all Creatures who 0 *T*-2 $can $not {TEXT:cannot} but consider Him in partial and different Views";"Creatures";"creature";"1";"";"Butler, Joseph";"l1";"butler-1726";"SERMON";"c";"c";"R";"";"";"";"";"l1";"i_l1";"c_lmod"
"salt:/ppcmbe2/carlyle-1835-1#sTok256";"all";"all";"Or perhaps I am confusing all manner of dates here ?";"manner";"manner";"";"1";"Carlyle, Thomas";"l3";"carlyle-1835";"LET PRIV";"u";"a";"R";"";"";"";"";"l3";"k_l3";"c_lmod"
"salt:/ppcmbe2/carlyle-1835-1#sTok1790";"some";"some";"in some Book if 0 there be such a thing";"Book";"book";"";"1";"Carlyle, Thomas";"l3";"carlyle-1835";"LET PRIV";"c";"c";"G";"boc";"Weak";"Consonant-Stem";"F";"l3";"k_l3";"c_lmod"
"salt:/ppcmbe2/carlyle-1835-1#sTok2369";"all";"all";"all men hunted or hunting";"men";"man";"1";"";"Carlyle, Thomas";"l3";"carlyle-1835";"LET PRIV";"c";"c";"G";"mann";"Weak";"Consonant-Stem";"M/N";"l3";"k_l3";"c_lmod"
"salt:/ppcmbe2/carlyle-1835-1#sTok3272";"many";"many";"after many days";"days";"day";"1";"";"Carlyle, Thomas";"l3";"carlyle-1835";"LET PRIV";"c";"a";"G";"dæg";"Strong";"A-Stem";"M";"l3";"k_l3";"c_lmod"
"salt:/ppcmbe2/carlyle-1835-1#sTok3342";"all";"all";"Send <font> all <$$font> manner of news , about yourself and household , <P_2,267> about my Mother , about every one dear to me .";"manner";"manner";"";"1";"Carlyle, Thomas";"l3";"carlyle-1835";"LET PRIV";"u";"a";"R";"";"";"";"";"l3";"k_l3";"c_lmod"
"salt:/ppcmbe2/carlyle-1835-1#sTok3842";"all";"all";"all men in all places at all times ought to <font> decline <$$font> working hollow .";"men";"man";"1";"";"Carlyle, Thomas";"l3";"carlyle-1835";"LET PRIV";"c";"c";"G";"mann";"Weak";"Consonant-Stem";"M/N";"l3";"k_l3";"c_lmod"
"salt:/ppcmbe2/carlyle-1835-1#sTok5556";"any";"any";"*T*-1 any man 0 that *T*-2 has more than meat 0 to look for *T*-3 , <P_2,275> and *con* would <font> keep <$$font> , not a carriage , but a conscience , can do much good in it as a getter of money";"man";"man";"";"1";"Carlyle, Thomas";"l3";"carlyle-1835";"LET PRIV";"c";"c";"G";"mann";"Weak";"Consonant-Stem";"M/N";"l3";"k_l3";"c_lmod"
"salt:/ppcmbe2/carlyle-1835-1#sTok5703";"any";"any";"there is any man *ICH*-2 *ICH*-3 in London with as small a \" fixed capital , \" who 0 *T*-4 carries his head as free , and *T*-4 will take fewer <font> dunts *ICH*-5 <$$font> from man or thing than \" one Carlyle {TEXT:y_italicized_in_text} of Craigenputtock , \" worthy man , - one of whose <font> toes <$$font> 0 *T*-6 is sore at this moment ; which 0 *T*-7 is his grand grievance";"man";"man";"";"1";"Carlyle, Thomas";"l3";"carlyle-1835";"LET PRIV";"c";"c";"G";"mann";"Weak";"Consonant-Stem";"M/N";"l3";"k_l3";"c_lmod"
"salt:/ppcmbe2/carlyle-1835-1#sTok8864";"many";"many";"for many long years";"years";"year";"1";"";"Carlyle, Thomas";"l3";"carlyle-1835";"LET PRIV";"c";"a";"G";"gear";"Strong";"A-Stem";"N";"l3";"k_l3";"c_lmod"
"salt:/ppcmbe2/carlyle-1835-1#sTok9946";"all";"all";"all men might do and say of it simply what 0 *T*-3 seemed good to <font> them";"men";"man";"1";"";"Carlyle, Thomas";"l3";"carlyle-1835";"LET PRIV";"c";"c";"G";"mann";"Weak";"Consonant-Stem";"M/N";"l3";"k_l3";"c_lmod"
"salt:/ppcmbe2/carlyle-1835-1#sTok10592";"every";"every";"<paren> he leaves it in masses , every two or three days , at a shop in Knightsbridge <$$paren> :";"days";"day";"1";"";"Carlyle, Thomas";"l3";"carlyle-1835";"LET PRIV";"c";"a";"G";"dæg";"Strong";"A-Stem";"M";"l3";"k_l3";"c_lmod"
"salt:/ppcmbe2/carlyle-1835-1#sTok10793";"all";"all";"all good work is of *T*-1 : for this world";"work";"work";"";"1";"Carlyle, Thomas";"l3";"carlyle-1835";"LET PRIV";"u";"a";"G";"weorc";"Strong";"A-Stem";"N";"l3";"k_l3";"c_lmod"
"salt:/ppcmbe2/carlyle-1835-1#sTok10986";"every";"every";"of every craft";"craft";"craft";"";"1";"Carlyle, Thomas";"l3";"carlyle-1835";"LET PRIV";"c";"a";"G";"cræft";"Strong";"A-Stem";"M";"l3";"k_l3";"c_lmod"
"salt:/ppcmbe2/carlyle-1835-1#sTok12479";"any";"any";"or any House or Possession on this poor Earth";"House";"house";"";"1";"Carlyle, Thomas";"l3";"carlyle-1835";"LET PRIV";"c";"c";"G";"hus";"Strong";"A-Stem";"N";"l3";"k_l3";"c_lmod"
"salt:/ppcmbe2/carlyle-1837-1#sTok1376";"all";"all";"to all lands";"lands";"land";"1";"";"Carlyle, Thomas";"l3";"carlyle-1837";"HISTORY";"u";"a";"G";"land";"Strong";"A-Stem";"N";"l3";"k_l3";"c_lmod"
"salt:/ppcmbe2/carlyle-1837-1#sTok3058";"several";"several";"for several years";"years";"year";"1";"";"Carlyle, Thomas";"l3";"carlyle-1837";"HISTORY";"c";"a";"G";"gear";"Strong";"A-Stem";"N";"l3";"k_l3";"c_lmod"
"salt:/ppcmbe2/carlyle-1837-1#sTok3104";"all";"all";"a sea of persons , estimated at ' ten thousand , ' whirls ' all this day in the Palais Royal . '";"day";"day";"";"1";"Carlyle, Thomas";"l3";"carlyle-1837";"HISTORY";"c";"a";"G";"dæg";"Strong";"A-Stem";"M";"l3";"k_l3";"c_lmod"
"salt:/ppcmbe2/carlyle-1837-1#sTok3174";"all";"all";"ten thousand whirling all day in the Palais Royal";"day";"day";"";"1";"Carlyle, Thomas";"l3";"carlyle-1837";"HISTORY";"c";"a";"G";"dæg";"Strong";"A-Stem";"M";"l3";"k_l3";"c_lmod"
"salt:/ppcmbe2/carlyle-1837-1#sTok3402";"all";"all";"all night you meet nothing *ICH*-1 on the streets of Versailles but ' men running with torches , ' with shouts and jubilation .";"night";"night";"";"1";"Carlyle, Thomas";"l3";"carlyle-1837";"HISTORY";"c";"a";"G";"niht";"Strong";"A-Stem";"N";"l3";"k_l3";"c_lmod"
"salt:/ppcmbe2/carlyle-1837-1#sTok6305";"every";"every";"in every heart";"heart";"heart";"";"1";"Carlyle, Thomas";"l3";"carlyle-1837";"HISTORY";"c";"c";"G";"heorte";"Weak";"N-Stem";"F";"l3";"k_l3";"c_lmod"
"salt:/ppcmbe2/carlyle-1837-1#sTok6583";"each";"each";"in each hand";"hand";"hand";"";"1";"Carlyle, Thomas";"l3";"carlyle-1837";"HISTORY";"c";"c";"G";"hand";"Strong";"U-Stem";"F";"l3";"k_l3";"c_lmod"
"salt:/ppcmbe2/carlyle-1837-1#sTok6652";"no";"no";"no mercy , but only a whetted knife";"mercy";"mercy";"";"1";"Carlyle, Thomas";"l3";"carlyle-1837";"HISTORY";"u";"a";"R";"";"";"";"";"l3";"k_l3";"c_lmod"
"salt:/ppcmbe2/carlyle-1837-1#sTok6786";"all";"all";"all hearts burn up into madness .";"hearts";"heart";"1";"";"Carlyle, Thomas";"l3";"carlyle-1837";"HISTORY";"c";"c";"G";"heorte";"Weak";"N-Stem";"F";"l3";"k_l3";"c_lmod"
"salt:/ppcmbe2/carlyle-1837-1#sTok7549";"all";"all";"*con* will ring all night .";"night";"night";"";"1";"Carlyle, Thomas";"l3";"carlyle-1837";"HISTORY";"c";"a";"G";"niht";"Strong";"A-Stem";"N";"l3";"k_l3";"c_lmod"
"salt:/ppcmbe2/carlyle-1837-1#sTok8165";"any";"any";"Use and wont will now no longer direct any man ;";"man";"man";"";"1";"Carlyle, Thomas";"l3";"carlyle-1837";"HISTORY";"c";"c";"G";"mann";"Weak";"Consonant-Stem";"M/N";"l3";"k_l3";"c_lmod"
"salt:/ppcmbe2/carlyle-1837-1#sTok8169";"each";"each";"each man , with what of originality 0 *T*-1 he has , must begin thinking ; or following those 0 that *T*-2 think .";"man";"man";"";"1";"Carlyle, Thomas";"l3";"carlyle-1837";"HISTORY";"c";"c";"G";"mann";"Weak";"Consonant-Stem";"M/N";"l3";"k_l3";"c_lmod"
"salt:/ppcmbe2/carlyle-1837-1#sTok8413";"all";"all";"fencible men , each party in its own range of streets , keep watch and ward , all night";"night";"night";"";"1";"Carlyle, Thomas";"l3";"carlyle-1837";"HISTORY";"c";"a";"G";"niht";"Strong";"A-Stem";"N";"l3";"k_l3";"c_lmod"
"salt:/ppcmbe2/carlyle-1837-1#sTok8543";"all";"all";"of all crafts";"crafts";"craft";"1";"";"Carlyle, Thomas";"l3";"carlyle-1837";"HISTORY";"c";"a";"G";"cræft";"Strong";"A-Stem";"M";"l3";"k_l3";"c_lmod"
"salt:/ppcmbe2/carlyle-1837-1#sTok9615";"All";"all";"Oyez , oyez , All men to their Districts to be enrolled";"men";"man";"1";"";"Carlyle, Thomas";"l3";"carlyle-1837";"HISTORY";"c";"c";"G";"mann";"Weak";"Consonant-Stem";"M/N";"l3";"k_l3";"c_lmod"
"salt:/ppcmbe2/carlyle-1837-1#sTok10224";"all";"all";"- Patrols of the newborn National Guard , bearing torches , scour the streets *ICH*-1 , all that night ; which 0 *T*-2 otherwise are vacant , yet illuminated in every window by order .";"night";"night";"";"1";"Carlyle, Thomas";"l3";"carlyle-1837";"HISTORY";"c";"a";"G";"niht";"Strong";"A-Stem";"N";"l3";"k_l3";"c_lmod"
"salt:/ppcmbe2/carlyle-1837-1#sTok10297";"all";"all";"in all hearts";"hearts";"heart";"1";"";"Carlyle, Thomas";"l3";"carlyle-1837";"HISTORY";"c";"c";"G";"heorte";"Weak";"N-Stem";"F";"l3";"k_l3";"c_lmod"
"salt:/ppcmbe2/carlyle-1837-1#sTok12104";"all";"all";"inflamed with ' violent motions all night at the Palais Royal";"night";"night";"";"1";"Carlyle, Thomas";"l3";"carlyle-1837";"HISTORY";"c";"a";"G";"niht";"Strong";"A-Stem";"N";"l3";"k_l3";"c_lmod"
"salt:/ppcmbe2/carlyle-1858-2#sTok393";"no";"no";"except the Prince Royal no son to him";"son";"son";"";"1";"Carlyle, Thomas";"l3";"carlyle-1858";"BIOGR OTHER";"c";"c";"G";"sunu";"Strong";"U-Stem";"M";"l3";"k_l3";"c_lmod"
"salt:/ppcmbe2/carlyle-1858-2#sTok422";"no";"no";"no new son or child , only new affliction , new disaster";"son";"son";"";"1";"Carlyle, Thomas";"l3";"carlyle-1858";"BIOGR OTHER";"c";"c";"G";"sunu";"Strong";"U-Stem";"M";"l3";"k_l3";"c_lmod"
"salt:/ppcmbe2/carlyle-1858-2#sTok831";"some";"some";"some fifty and odd years now";"years";"year";"1";"";"Carlyle, Thomas";"l3";"carlyle-1858";"BIOGR OTHER";"c";"a";"G";"gear";"Strong";"A-Stem";"N";"l3";"k_l3";"c_lmod"
"salt:/ppcmbe2/carlyle-1858-2#sTok857";"all";"all";"*con* has struggled all his days , very hard if not very wisely , to make his existence beautiful , - to make it magnificent at least";"days";"day";"1";"";"Carlyle, Thomas";"l3";"carlyle-1858";"BIOGR OTHER";"c";"a";"G";"dæg";"Strong";"A-Stem";"M";"l3";"k_l3";"c_lmod"
"salt:/ppcmbe2/carlyle-1858-2#sTok2571";"no";"no";"no man more";"man";"man";"";"1";"Carlyle, Thomas";"l3";"carlyle-1858";"BIOGR OTHER";"c";"c";"G";"mann";"Weak";"Consonant-Stem";"M/N";"l3";"k_l3";"c_lmod"
"salt:/ppcmbe2/carlyle-1858-2#sTok3492";"any";"any";"or any human eye";"eye";"eye";"";"1";"Carlyle, Thomas";"l3";"carlyle-1858";"BIOGR OTHER";"c";"c";"G";"eage";"Strong";"A-Stem";"M";"l3";"k_l3";"c_lmod"
"salt:/ppcmbe2/carlyle-1858-2#sTok3933";"few";"few";"within these few years";"years";"year";"1";"";"Carlyle, Thomas";"l3";"carlyle-1858";"BIOGR OTHER";"c";"a";"G";"gear";"Strong";"A-Stem";"N";"l3";"k_l3";"c_lmod"
"salt:/ppcmbe2/carlyle-1858-2#sTok5759";"many";"many";"many eyes upon them , and not quite a paved path in this confused court of Friedrich I";"eyes";"eye";"1";"";"Carlyle, Thomas";"l3";"carlyle-1858";"BIOGR OTHER";"c";"c";"G";"eage";"Strong";"A-Stem";"M";"l3";"k_l3";"c_lmod"
"salt:/ppcmbe2/carlyle-1858-2#sTok6624";"all";"all";"equally with all other men";"men";"man";"1";"";"Carlyle, Thomas";"l3";"carlyle-1858";"BIOGR OTHER";"c";"c";"G";"mann";"Weak";"Consonant-Stem";"M/N";"l3";"k_l3";"c_lmod"
"salt:/ppcmbe2/carlyle-1858-2#sTok6810";"all";"all";"for all the sins 0 0 *T*-1 you have committed";"sins";"sin";"1";"";"Carlyle, Thomas";"l3";"carlyle-1858";"BIOGR OTHER";"c";"a";"G";"syn";"Strong";"O-Stem";"F";"l3";"k_l3";"c_lmod"
"salt:/ppcmbe2/carlyle-1858-2#sTok7484";"all";"all";"having forgiven her all her sins";"sins";"sin";"1";"";"Carlyle, Thomas";"l3";"carlyle-1858";"BIOGR OTHER";"c";"a";"G";"syn";"Strong";"O-Stem";"F";"l3";"k_l3";"c_lmod"
"salt:/ppcmbe2/carlyle-1858-2#sTok9533";"all";"all";"in all manner of subjects";"manner";"manner";"";"1";"Carlyle, Thomas";"l3";"carlyle-1858";"BIOGR OTHER";"u";"a";"R";"";"";"";"";"l3";"k_l3";"c_lmod"
"salt:/ppcmbe2/carlyle-1858-2#sTok9860";"all";"all";"on all hands";"hands";"hand";"1";"";"Carlyle, Thomas";"l3";"carlyle-1858";"BIOGR OTHER";"c";"c";"G";"hand";"Strong";"U-Stem";"F";"l3";"k_l3";"c_lmod"
"salt:/ppcmbe2/carlyle-1858-2#sTok11058";"no";"no";"and , on the whole , there is no other heavy sin 0 *T*-2 to be charged against him .";"sin";"sin";"";"1";"Carlyle, Thomas";"l3";"carlyle-1858";"BIOGR OTHER";"c";"a";"G";"syn";"Strong";"O-Stem";"F";"l3";"k_l3";"c_lmod"
"salt:/ppcmbe2/centlivre-1723-2#sTok860";"every";"every";"to be caught every Day";"Day";"day";"";"1";"Centlivre, Susanna";"l1";"centlivre-1723";"DRAMA COMEDY";"c";"a";"G";"dæg";"Strong";"A-Stem";"M";"l1";"i_l1";"c_lmod"
"salt:/ppcmbe2/centlivre-1723-2#sTok2796";"all";"all";"*T*-1 let all the Ale about the Cellar";"Ale";"ale";"";"1";"Centlivre, Susanna";"l1";"centlivre-1723";"DRAMA COMEDY";"u";"s";"G";"ealu";"Weak";"Stems in -þ";"N";"l1";"i_l1";"c_lmod"
"salt:/ppcmbe2/centlivre-1723-2#sTok3658";"all";"all";"May all false hearted Men my Fortune have";"Men";"man";"1";"";"Centlivre, Susanna";"l1";"centlivre-1723";"DRAMA COMEDY";"c";"c";"G";"mann";"Weak";"Consonant-Stem";"M/N";"l1";"i_l1";"c_lmod"
"salt:/ppcmbe2/centlivre-1723-2#sTok5331";"every";"every";"we $da $n't {TEXT:dan't} zee zouch vine Voke in our Country every Day - zo that I hope 0 yow $wo $n't {TEXT:won't} be angry an 0 I shou'd not hit upon your Worship's Name at every turn .";"Day";"day";"";"1";"Centlivre, Susanna";"l1";"centlivre-1723";"DRAMA COMEDY";"c";"a";"G";"dæg";"Strong";"A-Stem";"M";"l1";"i_l1";"c_lmod"
"salt:/ppcmbe2/centlivre-1723-2#sTok5899";"ony";"ony";"be mess , the Devil wou'd surprize ony Man , an tho 0 he were the Parson o' the Parith .";"Man";"man";"";"1";"Centlivre, Susanna";"l1";"centlivre-1723";"DRAMA COMEDY";"c";"c";"G";"mann";"Weak";"Consonant-Stem";"M/N";"l1";"i_l1";"c_lmod"
"salt:/ppcmbe2/centlivre-1723-2#sTok5989";"all";"all";"<font> Fain . <$$font> Why , our <font> Mary <$$font> knows all her Heart , mun ,";"Heart";"heart";"";"1";"Centlivre, Susanna";"l1";"centlivre-1723";"DRAMA COMEDY";"c";"c";"G";"heorte";"Weak";"N-Stem";"F";"l1";"i_l1";"c_lmod"
"salt:/ppcmbe2/centlivre-1723-2#sTok6459";"no";"no";"<font> Tally . <$$font> Oh , no matter , <font> Jeffery . <$$font> -";"matter";"matter";"";"1";"Centlivre, Susanna";"l1";"centlivre-1723";"DRAMA COMEDY";"c";"s";"R";"";"";"";"";"l1";"i_l1";"c_lmod"
"salt:/ppcmbe2/centlivre-1723-2#sTok7573";"all";"all";"<font> Sir John . <$$font> Then not all the Brothers upon Earth shall take thee from me .";"Brothers";"brother";"1";"";"Centlivre, Susanna";"l1";"centlivre-1723";"DRAMA COMEDY";"c";"c";"G";"broþor";"Irregular";"Stem in -r";"M";"l1";"i_l1";"c_lmod"
"salt:/ppcmbe2/centlivre-1723-2#sTok8425";"all";"all";"<font> Sir Phil. <$$font> With all my Soul .";"Soul";"soul";"";"1";"Centlivre, Susanna";"l1";"centlivre-1723";"DRAMA COMEDY";"c";"a";"G";"sawel";"Strong";"O-Stem";"F";"l1";"i_l1";"c_lmod"
"salt:/ppcmbe2/centlivre-1723-2#sTok10738";"all";"all";"Of all Men living";"Men";"man";"1";"";"Centlivre, Susanna";"l1";"centlivre-1723";"DRAMA COMEDY";"c";"c";"G";"mann";"Weak";"Consonant-Stem";"M/N";"l1";"i_l1";"c_lmod"
"salt:/ppcmbe2/centlivre-1723-2#sTok11779";"some";"some";"*T*-1 may a body zee yow , some Day to drink a Pot to all our Friends in <font> Gloucestershire";"Day";"day";"";"1";"Centlivre, Susanna";"l1";"centlivre-1723";"DRAMA COMEDY";"c";"a";"G";"dæg";"Strong";"A-Stem";"M";"l1";"i_l1";"c_lmod"
"salt:/ppcmbe2/centlivre-1723-2#sTok12918";"any";"any";"of any Man of Sense";"Man";"man";"";"1";"Centlivre, Susanna";"l1";"centlivre-1723";"DRAMA COMEDY";"c";"c";"G";"mann";"Weak";"Consonant-Stem";"M/N";"l1";"i_l1";"c_lmod"
"salt:/ppcmbe2/centlivre-1723-2#sTok16181";"many";"many";"$'T $will {TEXT:'Twill} wipe off many Sins from thee , When 0 we appear in t'other World together -";"Sins";"sin";"1";"";"Centlivre, Susanna";"l1";"centlivre-1723";"DRAMA COMEDY";"c";"a";"G";"syn";"Strong";"O-Stem";"F";"l1";"i_l1";"c_lmod"
"salt:/ppcmbe2/centlivre-1723-2#sTok16386";"no";"no";"But no Matter , it gives me an Opportunity to see <font> Freeman <$$font> , who 0 I know 0 *T*-1 will be here as soon as 0 0 *T*-2 <font> Lucy <$$font> has given the Signal -";"Matter";"matter";"";"1";"Centlivre, Susanna";"l1";"centlivre-1723";"DRAMA COMEDY";"c";"s";"R";"";"";"";"";"l1";"i_l1";"c_lmod"
"salt:/ppcmbe2/chapman-1774-1#sTok5786";"every";"every";"*con* continues every day to get a lesson from his vocabulary and introduction , till towards the end of the fourth year , and from the grammar till 0 he has finished it ,";"day";"day";"";"1";"Chapman, George";"l2";"chapman-1774";"EDUC TREAT";"c";"a";"G";"dæg";"Strong";"A-Stem";"M";"l2";"j_l2";"c_lmod"
"salt:/ppcmbe2/chapman-1774-1#sTok6143";"every";"every";"once every day";"day";"day";"";"1";"Chapman, George";"l2";"chapman-1774";"EDUC TREAT";"c";"a";"G";"dæg";"Strong";"A-Stem";"M";"l2";"j_l2";"c_lmod"
"salt:/ppcmbe2/chapman-1774-1#sTok6576";"every";"every";"This year an hour is set apart , every day , for teaching the principles of the English tongue .";"day";"day";"";"1";"Chapman, George";"l2";"chapman-1774";"EDUC TREAT";"c";"a";"G";"dæg";"Strong";"A-Stem";"M";"l2";"j_l2";"c_lmod"
"salt:/ppcmbe2/chapman-1774-1#sTok9798";"every";"every";"And every year in the month of August , they compose a Latin poem , which 0 *T*-1 they present to the Magistrates and Town-council , with a translation of it into English verse .";"year";"year";"";"1";"Chapman, George";"l2";"chapman-1774";"EDUC TREAT";"c";"a";"G";"gear";"Strong";"A-Stem";"N";"l2";"j_l2";"c_lmod"
"salt:/ppcmbe2/chapman-1774-1#sTok10143";"every";"every";"to prescribe to them , every other day , passages from the said classics , 0 *T*-2 to be translated into English , and presented at the same meeting of the school";"day";"day";"";"1";"Chapman, George";"l2";"chapman-1774";"EDUC TREAT";"c";"a";"G";"dæg";"Strong";"A-Stem";"M";"l2";"j_l2";"c_lmod"
"salt:/ppcmbe2/cibber-1740-1#sTok435";"some";"some";"some Years after";"Years";"year";"1";"";"Cibber, Colley";"l1";"cibber-1740";"BIOGR AUTO";"c";"a";"G";"gear";"Strong";"A-Stem";"N";"l1";"i_l1";"c_lmod"
"salt:/ppcmbe2/cibber-1740-1#sTok3547";"many";"many";"We had not been many Days at <font> Nottingham <$$font> before 0 we heard , that the Prince of <font> Denmark <$$font> , with some other great Persons , were gone off , from the King , to the Prince of <font> Orange <$$font> , and that the Princess <font> Anne <$$font> , fearing 0 the King her $Father $'s {TEXT:Father's} Resentment might fall upon her , for her Consort's Revolt , had withdrawn her self , in the Night , from <font> London <$$font> , and *con* was then within half a Days Journey of <font> Nottingham <$$font> ; on which very Morning 0 *T*-1 we were suddenly alarm'd with the News , that two thousand of the King's Dragoons were in close pursuit to bring her back Prisoner to <font> London : <$$font>";"Days";"day";"1";"";"Cibber, Colley";"l1";"cibber-1740";"BIOGR AUTO";"c";"a";"G";"dæg";"Strong";"A-Stem";"M";"l1";"i_l1";"c_lmod"
"salt:/ppcmbe2/cibber-1740-1#sTok3634";"half";"half";"half a Days Journey of <font> Nottingham";"Days";"day";"";"1";"Cibber, Colley";"l1";"cibber-1740";"BIOGR AUTO";"c";"a";"G";"dæg";"Strong";"A-Stem";"M";"l1";"i_l1";"c_lmod"
"salt:/ppcmbe2/cibber-1740-1#sTok5838";"many";"many";"0 were it possible to take off that Disgrace and Prejudice , which 0 *T*-2 Custom has thrown upon the Profession of an Actor , many a well-born younger Brother and Beauty of low Fortune *ICH*-3 would gladly have adorn'd the Theatre , who 0 *T*-4 by their not being able to brook such Dishonour to their Birth , have pass'd away their Lives decently unheeded and forgotten";"Brother";"brother";"";"1";"Cibber, Colley";"l1";"cibber-1740";"BIOGR AUTO";"c";"c";"G";"broþor";"Irregular";"Stem in -r";"M";"l1";"i_l1";"c_lmod"
"salt:/ppcmbe2/cibber-1740-1#sTok5883";"Many";"many";"Many Years ago";"Years";"year";"1";"";"Cibber, Colley";"l1";"cibber-1740";"BIOGR AUTO";"c";"a";"G";"gear";"Strong";"A-Stem";"N";"l1";"i_l1";"c_lmod"
"salt:/ppcmbe2/cibber-1740-1#sTok6798";"no";"no";"no Man , but a Fool , or a Bully cou'd be capable of insulting an Audience or a Woman , in so monstrous a manner";"Man";"man";"";"1";"Cibber, Colley";"l1";"cibber-1740";"BIOGR AUTO";"c";"c";"G";"mann";"Weak";"Consonant-Stem";"M/N";"l1";"i_l1";"c_lmod"
"salt:/ppcmbe2/cibber-1740-1#sTok10141";"both";"both";"both Houses were happily ty'd down to *T*-1";"Houses";"house";"1";"";"Cibber, Colley";"l1";"cibber-1740";"BIOGR AUTO";"c";"c";"G";"hus";"Strong";"A-Stem";"N";"l1";"i_l1";"c_lmod"
"salt:/ppcmbe2/cibber-1740-1#sTok10405";"many";"many";"for many Years";"Years";"year";"1";"";"Cibber, Colley";"l1";"cibber-1740";"BIOGR AUTO";"c";"a";"G";"gear";"Strong";"A-Stem";"N";"l1";"i_l1";"c_lmod"
"salt:/ppcmbe2/cibber-1740-1#sTok11343";"both";"both";"of both Houses";"Houses";"house";"1";"";"Cibber, Colley";"l1";"cibber-1740";"BIOGR AUTO";"c";"c";"G";"hus";"Strong";"A-Stem";"N";"l1";"i_l1";"c_lmod"
"salt:/ppcmbe2/cibber-1740-1#sTok12189";"all";"all";"How <font> 0 *T*-1 Shakespear <$$font> wrote , all Men who 0 *T*-2 have a Taste for Nature may read , and know -";"Men";"man";"1";"";"Cibber, Colley";"l1";"cibber-1740";"BIOGR AUTO";"c";"c";"G";"mann";"Weak";"Consonant-Stem";"M/N";"l1";"i_l1";"c_lmod"
"salt:/ppcmbe2/clarke-1730-2#sTok43";"several";"several";"of several Men";"Men";"man";"1";"";"Clarke, John";"l1";"clarke-1730";"EDUC TREAT";"c";"c";"G";"mann";"Weak";"Consonant-Stem";"M/N";"l1";"i_l1";"c_lmod"
"salt:/ppcmbe2/clarke-1730-2#sTok175";"few";"few";"few Men *ICH*-1 ever attain to any considerable Eminence in Virtue or Knowledge , the only Foundations of all true and solid Greatness , who 0 *T*-2 were not in a great measure indebted to their Education for it";"Men";"man";"1";"";"Clarke, John";"l1";"clarke-1730";"EDUC TREAT";"c";"c";"G";"mann";"Weak";"Consonant-Stem";"M/N";"l1";"i_l1";"c_lmod"
"salt:/ppcmbe2/clarke-1730-2#sTok1045";"all";"all";"of all Men";"Men";"man";"1";"";"Clarke, John";"l1";"clarke-1730";"EDUC TREAT";"c";"c";"G";"mann";"Weak";"Consonant-Stem";"M/N";"l1";"i_l1";"c_lmod"
"salt:/ppcmbe2/clarke-1730-2#sTok1737";"no";"no";"for a few Scraps of the Greek and Roman History , with as many of <P_9> the Heathen Mythology , no Man of Sense , I believe , 0 *ICH*-2 will look upon *ICH*-1 as any great Accomplishment .";"Man";"man";"";"1";"Clarke, John";"l1";"clarke-1730";"EDUC TREAT";"c";"c";"G";"mann";"Weak";"Consonant-Stem";"M/N";"l1";"i_l1";"c_lmod"
"salt:/ppcmbe2/clarke-1730-2#sTok1806";"all";"all";"all the Days of their Lives after";"Days";"day";"1";"";"Clarke, John";"l1";"clarke-1730";"EDUC TREAT";"c";"a";"G";"dæg";"Strong";"A-Stem";"M";"l1";"i_l1";"c_lmod"
"salt:/ppcmbe2/clarke-1730-2#sTok3623";"any";"any";"to any Man of common Sense";"Man";"man";"";"1";"Clarke, John";"l1";"clarke-1730";"EDUC TREAT";"c";"c";"G";"mann";"Weak";"Consonant-Stem";"M/N";"l1";"i_l1";"c_lmod"
"salt:/ppcmbe2/clarke-1730-2#sTok6258";"all";"all";"of all Men";"Men";"man";"1";"";"Clarke, John";"l1";"clarke-1730";"EDUC TREAT";"c";"c";"G";"mann";"Weak";"Consonant-Stem";"M/N";"l1";"i_l1";"c_lmod"
"salt:/ppcmbe2/clarke-1730-2#sTok6782";"any";"any";"to any considerate Man";"Man";"man";"";"1";"Clarke, John";"l1";"clarke-1730";"EDUC TREAT";"c";"c";"G";"mann";"Weak";"Consonant-Stem";"M/N";"l1";"i_l1";"c_lmod"
"salt:/ppcmbe2/clarke-1730-2#sTok7788";"every";"every";"Scribling {COM:sic} a few Lines of Latin Exercise every Night , by the help of a Dictionary , such as 0 0 we are yet <P_35> furnished with *T*-1";"Night";"night";"";"1";"Clarke, John";"l1";"clarke-1730";"EDUC TREAT";"c";"a";"G";"niht";"Strong";"A-Stem";"N";"l1";"i_l1";"c_lmod"
"salt:/ppcmbe2/clarke-1730-2#sTok7893";"any";"any";"of any Man of Understanding , 0 that *T*-3 considers the Matter";"Man";"man";"";"1";"Clarke, John";"l1";"clarke-1730";"EDUC TREAT";"c";"c";"G";"mann";"Weak";"Consonant-Stem";"M/N";"l1";"i_l1";"c_lmod"
"salt:/ppcmbe2/clarke-1730-2#sTok8575";"every";"every";"and for that purpose *con* should read them at least one Lesson *ICH*-1 *ICH*-3 every Day , in the Book 0 0 *T*-2 they use for Exercise , into Latin ; which 0 *T*-4 they must go over again amongst themselves , till 0 they are perfect in it .";"Day";"day";"";"1";"Clarke, John";"l1";"clarke-1730";"EDUC TREAT";"c";"a";"G";"dæg";"Strong";"A-Stem";"M";"l1";"i_l1";"c_lmod"
"salt:/ppcmbe2/clarke-1730-2#sTok8646";"any";"any";"or any such plain easy Book";"Book";"book";"";"1";"Clarke, John";"l1";"clarke-1730";"EDUC TREAT";"c";"c";"G";"boc";"Weak";"Consonant-Stem";"F";"l1";"i_l1";"c_lmod"
"salt:/ppcmbe2/cobbett-1838-2#sTok33";"several";"several";"of the several Fruits";"Fruits";"fruit";"1";"";"Cobbett, William";"l3";"cobbett-1838";"HANDB OTHER";"c";"s";"R";"";"";"";"";"l3";"k_l3";"c_lmod"
"salt:/ppcmbe2/cobbett-1838-2#sTok50";"All";"all";"All the fruits 0 *T*-1 to be treated of *-2 here , with the exception of the cranberry , the melon , and the strawberry , are the produce of <font> trees <$$font> , or of <font> woody plants . <$$font>";"fruits";"fruit";"1";"";"Cobbett, William";"l3";"cobbett-1838";"HANDB OTHER";"c";"s";"R";"";"";"";"";"l3";"k_l3";"c_lmod"
"salt:/ppcmbe2/cobbett-1838-2#sTok3190";"all";"all";"to all eyes";"eyes";"eye";"1";"";"Cobbett, William";"l3";"cobbett-1838";"HANDB OTHER";"c";"c";"G";"eage";"Strong";"A-Stem";"M";"l3";"k_l3";"c_lmod"
"salt:/ppcmbe2/cobbett-1838-2#sTok4434";"no";"no";"In case 0 the tree be old , or weakly , then choose the most vigorous of its last year's shoots , no matter where 0 *T*-1 they grow .";"matter";"matter";"";"1";"Cobbett, William";"l3";"cobbett-1838";"HANDB OTHER";"c";"s";"R";"";"";"";"";"l3";"k_l3";"c_lmod"
"salt:/ppcmbe2/cobbett-1838-2#sTok7235";"each";"each";"taking a spell each day";"day";"day";"";"1";"Cobbett, William";"l3";"cobbett-1838";"HANDB OTHER";"c";"a";"G";"dæg";"Strong";"A-Stem";"M";"l3";"k_l3";"c_lmod"
"salt:/ppcmbe2/cobbett-1838-2#sTok9136";"all";"all";"all stone fruits do better budded than grafted";"stone";"stone";"";"1";"Cobbett, William";"l3";"cobbett-1838";"HANDB OTHER";"u";"c";"G";"stan";"Strong";"A-Stem";"M";"l3";"k_l3";"c_lmod"
"salt:/ppcmbe2/cobbett-1838-2#sTok9136";"all";"all";"all stone fruits do better budded than grafted";"fruits";"fruit";"1";"";"Cobbett, William";"l3";"cobbett-1838";"HANDB OTHER";"c";"s";"R";"";"";"";"";"l3";"k_l3";"c_lmod"
"salt:/ppcmbe2/cobbett-1838-2#sTok9265";"several";"several";"of the several trees in the list which 0 *T*-1 will follow hereafter";"trees";"tree";"1";"";"Cobbett, William";"l3";"cobbett-1838";"HANDB OTHER";"c";"c";"G";"treow";"Strong";"A-Stem";"N";"l3";"k_l3";"c_lmod"
"salt:/ppcmbe2/cobbett-1838-2#sTok9362";"all";"all";"to all trees";"trees";"tree";"1";"";"Cobbett, William";"l3";"cobbett-1838";"HANDB OTHER";"c";"c";"G";"treow";"Strong";"A-Stem";"N";"l3";"k_l3";"c_lmod"
"salt:/ppcmbe2/cobbett-1838-2#sTok9732";"some";"some";"You ought to dig <P_157> some earth away a little distance all round the tree to a considerable depth";"earth";"earth";"";"1";"Cobbett, William";"l3";"cobbett-1838";"HANDB OTHER";"u";"s";"G";"eorþe";"Weak";"N-Stem";"F";"l3";"k_l3";"c_lmod"
"salt:/ppcmbe2/cobbett-1838-2#sTok10802";"each";"each";"of each fruit";"fruit";"fruit";"";"1";"Cobbett, William";"l3";"cobbett-1838";"HANDB OTHER";"c";"s";"R";"";"";"";"";"l3";"k_l3";"c_lmod"
"salt:/ppcmbe2/cobbett-1838-2#sTok11180";"all";"all";"to all fruit trees";"fruit";"fruit";"";"1";"Cobbett, William";"l3";"cobbett-1838";"HANDB OTHER";"c";"s";"R";"";"";"";"";"l3";"k_l3";"c_lmod"
"salt:/ppcmbe2/cobbett-1838-2#sTok11180";"all";"all";"to all fruit trees";"trees";"tree";"1";"";"Cobbett, William";"l3";"cobbett-1838";"HANDB OTHER";"c";"c";"G";"treow";"Strong";"A-Stem";"N";"l3";"k_l3";"c_lmod"
"salt:/ppcmbe2/cobbett-1838-2#sTok11308";"all";"all";"of all trees";"trees";"tree";"1";"";"Cobbett, William";"l3";"cobbett-1838";"HANDB OTHER";"c";"c";"G";"treow";"Strong";"A-Stem";"N";"l3";"k_l3";"c_lmod"
"salt:/ppcmbe2/coleridge-1825-2#sTok925";"Much";"much";"Much evil & no good";"evil";"evil";"";"1";"Coleridge, Samuel Taylor";"l3";"coleridge-1825";"LET PRIV";"u";"a";"G";"yfel";"Strong";"A-Stem";"N";"l3";"k_l3";"c_lmod"
"salt:/ppcmbe2/coleridge-1825-2#sTok1918";"every";"every";"The Post leaves Ramsgate every night <paren> Saturdays excepted <$$paren> at 7 o'clock -";"night";"night";"";"1";"Coleridge, Samuel Taylor";"l3";"coleridge-1825";"LET PRIV";"c";"a";"G";"niht";"Strong";"A-Stem";"N";"l3";"k_l3";"c_lmod"
"salt:/ppcmbe2/coleridge-1825-2#sTok3273";"some";"some";"or some such name";"name";"name";"";"1";"Coleridge, Samuel Taylor";"l3";"coleridge-1825";"LET PRIV";"c";"a";"G";"nama";"Weak";"N-Stem";"M";"l3";"k_l3";"c_lmod"
"salt:/ppcmbe2/coleridge-1825-2#sTok3402";"some";"some";"the Butchers would spurt some blood on him";"blood";"blood";"";"1";"Coleridge, Samuel Taylor";"l3";"coleridge-1825";"LET PRIV";"u";"s";"G";"blod";"Strong";"A-Stem";"N";"l3";"k_l3";"c_lmod"
"salt:/ppcmbe2/coleridge-1825-2#sTok5506";"any";"any";"However , I have not seen any work from which 0 *T*-1 half a dozen powerful and useful Sermons for the great Festivals of the Church might be more easily compiled .";"work";"work";"";"1";"Coleridge, Samuel Taylor";"l3";"coleridge-1825";"LET PRIV";"u";"a";"G";"weorc";"Strong";"A-Stem";"N";"l3";"k_l3";"c_lmod"
"salt:/ppcmbe2/coleridge-1825-2#sTok7293";"any";"any";"I had allowed any right of voting to such Wishes";"right";"right";"";"1";"Coleridge, Samuel Taylor";"l3";"coleridge-1825";"LET PRIV";"c";"a";"G";"riht";"Strong";"A-Stem";"N";"l3";"k_l3";"c_lmod"
"salt:/ppcmbe2/coleridge-1825-2#sTok10448";"all";"all";"all days & hours will be convenient , with the single exception of Friday next - which 0 I am obliged *T*-1 to devote to my excellent friend , Mr Green of Lincoln's Inn Fields on a matter of great & pressing importance to him in his present harrassing Contest with Envy , Hatred , and Malice in the persons of Sir Astley Cooper & his two Nephews , Mess. Bransby Cooper & Key , with Farce , Falsehood , and Fatuity as their Train-bearers";"days";"day";"1";"";"Coleridge, Samuel Taylor";"l3";"coleridge-1825";"LET PRIV";"c";"a";"G";"dæg";"Strong";"A-Stem";"M";"l3";"k_l3";"c_lmod"
"salt:/ppcmbe2/coleridge-1825-2#sTok11889";"many";"many";"for many years";"years";"year";"1";"";"Coleridge, Samuel Taylor";"l3";"coleridge-1825";"LET PRIV";"c";"a";"G";"gear";"Strong";"A-Stem";"N";"l3";"k_l3";"c_lmod"
"salt:/ppcmbe2/collier-1835-1#sTok613";"half";"half";"half the country are out with her";"country";"country";"";"1";"Collier, William";"l3";"collier-1835";"DRAMA COMEDY";"c";"c";"R";"";"";"";"";"l3";"k_l3";"c_lmod"
"salt:/ppcmbe2/collier-1835-1#sTok952";"all";"all";"with all my heart";"heart";"heart";"";"1";"Collier, William";"l3";"collier-1835";"DRAMA COMEDY";"c";"c";"G";"heorte";"Weak";"N-Stem";"F";"l3";"k_l3";"c_lmod"
"salt:/ppcmbe2/collier-1835-1#sTok978";"all";"all";"and all the requisite virtues 0 *T*-1 to ensure happiness";"virtues";"virtue";"1";"";"Collier, William";"l3";"collier-1835";"DRAMA COMEDY";"u";"a";"R";"";"";"";"";"l3";"k_l3";"c_lmod"
"salt:/ppcmbe2/collier-1835-1#sTok2176";"all";"all";"with all my heart";"heart";"heart";"";"1";"Collier, William";"l3";"collier-1835";"DRAMA COMEDY";"c";"c";"G";"heorte";"Weak";"N-Stem";"F";"l3";"k_l3";"c_lmod"
"salt:/ppcmbe2/collier-1835-1#sTok2423";"all";"all";"Come , Mr. Francis , *pro* confound all high-bred horses , and low-bred donkeys , I say .";"horses";"horse";"1";"";"Collier, William";"l3";"collier-1835";"DRAMA COMEDY";"c";"c";"G";"hors";"Strong";"A-Stem";"N";"l3";"k_l3";"c_lmod"
"salt:/ppcmbe2/collier-1835-1#sTok2895";"no";"no";"now , whatever 0 you hear *T*-1 me say to him , <paren> no matter how monstrous , <$$paren> support me through thick and thin .";"matter";"matter";"";"1";"Collier, William";"l3";"collier-1835";"DRAMA COMEDY";"c";"s";"R";"";"";"";"";"l3";"k_l3";"c_lmod"
"salt:/ppcmbe2/collier-1835-1#sTok4051";"many";"many";"for many years";"years";"year";"1";"";"Collier, William";"l3";"collier-1835";"DRAMA COMEDY";"c";"a";"G";"gear";"Strong";"A-Stem";"N";"l3";"k_l3";"c_lmod"
"salt:/ppcmbe2/collier-1835-1#sTok8173";"any";"any";"with any man in Leicestershire";"man";"man";"";"1";"Collier, William";"l3";"collier-1835";"DRAMA COMEDY";"c";"c";"G";"mann";"Weak";"Consonant-Stem";"M/N";"l3";"k_l3";"c_lmod"
"salt:/ppcmbe2/collier-1835-1#sTok8893";"No";"no";"<font> Cha. <$$font> No matter what 0 *T*-1 you thought , you see 0 the trick is found out .";"matter";"matter";"";"1";"Collier, William";"l3";"collier-1835";"DRAMA COMEDY";"c";"s";"R";"";"";"";"";"l3";"k_l3";"c_lmod"
"salt:/ppcmbe2/collier-1835-1#sTok14209";"all";"all";"<font> Frank . <$$font> <paren> <font> Aside . <$$font> <$$paren> With all my heart ,";"heart";"heart";"";"1";"Collier, William";"l3";"collier-1835";"DRAMA COMEDY";"c";"c";"G";"heorte";"Weak";"N-Stem";"F";"l3";"k_l3";"c_lmod"
"salt:/ppcmbe2/collier-1835-1#sTok14296";"all";"all";"with all my heart";"heart";"heart";"";"1";"Collier, William";"l3";"collier-1835";"DRAMA COMEDY";"c";"c";"G";"heorte";"Weak";"N-Stem";"F";"l3";"k_l3";"c_lmod"
"salt:/ppcmbe2/colman-1805-1#sTok127";"no";"no";"Well ! no matter :";"matter";"matter";"";"1";"Colman, George, the younger";"l2";"colman-1805";"DRAMA COMEDY";"c";"s";"R";"";"";"";"";"l2";"j_l2";"c_lmod"
"salt:/ppcmbe2/colman-1805-1#sTok134";"all";"all";"I have travell'd all night , though , to be with them .";"night";"night";"";"1";"Colman, George, the younger";"l2";"colman-1805";"DRAMA COMEDY";"c";"a";"G";"niht";"Strong";"A-Stem";"N";"l2";"j_l2";"c_lmod"
"salt:/ppcmbe2/colman-1805-1#sTok457";"all";"all";"Cursed fatiguing , posting all night , through Cornish roads , to obey the summons of friendship !";"night";"night";"";"1";"Colman, George, the younger";"l2";"colman-1805";"DRAMA COMEDY";"c";"a";"G";"niht";"Strong";"A-Stem";"N";"l2";"j_l2";"c_lmod"
"salt:/ppcmbe2/colman-1805-1#sTok4524";"No";"no";"<font> Frank . <$$font> Psha ! no . - No matter .";"matter";"matter";"";"1";"Colman, George, the younger";"l2";"colman-1805";"DRAMA COMEDY";"c";"s";"R";"";"";"";"";"l2";"j_l2";"c_lmod"
"salt:/ppcmbe2/colman-1805-1#sTok5098";"all";"all";"$I $'ve {TEXT:I've} rumbled , on the road , all night , Frank .";"night";"night";"";"1";"Colman, George, the younger";"l2";"colman-1805";"DRAMA COMEDY";"c";"a";"G";"niht";"Strong";"A-Stem";"N";"l2";"j_l2";"c_lmod"
"salt:/ppcmbe2/colman-1805-1#sTok9376";"many";"many";"I traversed many countries , on my outset , in pain and poverty";"countries";"country";"1";"";"Colman, George, the younger";"l2";"colman-1805";"DRAMA COMEDY";"c";"c";"R";"";"";"";"";"l2";"j_l2";"c_lmod"
"salt:/ppcmbe2/colman-1805-1#sTok10155";"no";"no";"<font> Job . <$$font> I have no daughter 0 to provide for *T*-1 , now !";"daughter";"daughter";"";"1";"Colman, George, the younger";"l2";"colman-1805";"DRAMA COMEDY";"c";"c";"G";"dohtor";"Irregular";"Stem in -r";"F";"l2";"j_l2";"c_lmod"
"salt:/ppcmbe2/colman-1805-1#sTok14322";"no";"no";"but , no matter .";"matter";"matter";"";"1";"Colman, George, the younger";"l2";"colman-1805";"DRAMA COMEDY";"c";"s";"R";"";"";"";"";"l2";"j_l2";"c_lmod"
"salt:/ppcmbe2/cook1-1776-1#sTok311";"all";"all";"After that time , as 0 0 *T*-1 Captain Carteret relates , all ships go to False Bay , which 0 *T*-2 is well sheltered from the north-west winds , 0 that *T*-3 blow here with great violence .";"ships";"ship";"1";"";"Cook, James";"l2";"cook1-1776";"TRAVELOGUE";"c";"c";"G";"scip";"Strong";"A-Stem";"N";"l2";"j_l2";"c_lmod"
"salt:/ppcmbe2/cook1-1776-1#sTok676";"all";"all";"and *con* produces all the most delicious fruits of Asia and Europe :";"fruits";"fruit";"1";"";"Cook, James";"l2";"cook1-1776";"TRAVELOGUE";"c";"s";"R";"";"";"";"";"l2";"j_l2";"c_lmod"
"salt:/ppcmbe2/cook1-1776-1#sTok2645";"every";"every";"This day every man on board received the King's present of a jacket and trowsers , designed for use in the frozen ocean .";"man";"man";"";"1";"Cook, James";"l2";"cook1-1776";"TRAVELOGUE";"c";"c";"G";"mann";"Weak";"Consonant-Stem";"M/N";"l2";"j_l2";"c_lmod"
"salt:/ppcmbe2/cook1-1776-1#sTok2920";"every";"every";"and every soul on board must have irretrievably perished .";"soul";"soul";"";"1";"Cook, James";"l2";"cook1-1776";"TRAVELOGUE";"c";"a";"G";"sawel";"Strong";"O-Stem";"F";"l2";"j_l2";"c_lmod"
"salt:/ppcmbe2/cook1-1776-1#sTok3340";"no";"no";"but *con* could discover no land .";"land";"land";"";"1";"Cook, James";"l2";"cook1-1776";"TRAVELOGUE";"u";"a";"G";"land";"Strong";"A-Stem";"N";"l2";"j_l2";"c_lmod"
"salt:/ppcmbe2/cook1-1776-1#sTok4301";"all";"all";"We laid to all night for fear of running upon land .";"night";"night";"";"1";"Cook, James";"l2";"cook1-1776";"TRAVELOGUE";"c";"a";"G";"niht";"Strong";"A-Stem";"N";"l2";"j_l2";"c_lmod"
"salt:/ppcmbe2/cook1-1776-1#sTok4809";"all";"all";"*pro* tacked and stood off all night , the weather coming on very thick and hazy .";"night";"night";"";"1";"Cook, James";"l2";"cook1-1776";"TRAVELOGUE";"c";"a";"G";"niht";"Strong";"A-Stem";"N";"l2";"j_l2";"c_lmod"
"salt:/ppcmbe2/cook1-1776-1#sTok4845";"all";"all";"Heavy rain and hard gales all night .";"night";"night";"";"1";"Cook, James";"l2";"cook1-1776";"TRAVELOGUE";"c";"a";"G";"niht";"Strong";"A-Stem";"N";"l2";"j_l2";"c_lmod"
"salt:/ppcmbe2/cook1-1776-1#sTok5444";"few";"few";"In a few years";"years";"year";"1";"";"Cook, James";"l2";"cook1-1776";"TRAVELOGUE";"c";"a";"G";"gear";"Strong";"A-Stem";"N";"l2";"j_l2";"c_lmod"
"salt:/ppcmbe2/cook1-1776-1#sTok5728";"every";"every";"of every ship in the navy";"ship";"ship";"";"1";"Cook, James";"l2";"cook1-1776";"TRAVELOGUE";"c";"c";"G";"scip";"Strong";"A-Stem";"N";"l2";"j_l2";"c_lmod"
"salt:/ppcmbe2/cook1-1776-1#sTok5773";"all";"all";"of all men of war";"men";"man";"1";"";"Cook, James";"l2";"cook1-1776";"TRAVELOGUE";"c";"c";"G";"mann";"Weak";"Consonant-Stem";"M/N";"l2";"j_l2";"c_lmod"
"salt:/ppcmbe2/cook1-1776-1#sTok7189";"all";"all";"and it coming on to blow hard , all hands were obliged to go on shore at midnight to put it out , fearing 0 the tents should take fire .";"hands";"hand";"1";"";"Cook, James";"l2";"cook1-1776";"TRAVELOGUE";"c";"c";"G";"hand";"Strong";"U-Stem";"F";"l2";"j_l2";"c_lmod"
"salt:/ppcmbe2/cook1-1776-1#sTok7767";"some";"some";"and *con* gave her some fish and birds , which 0 *T*-1 she threw back at them with an air of disdain , and *con* laughed at them heartily , by way of rebuke , as 0 0 *T*-2 we apprehended , for offering her presents in her own power 0 *T*-3 to obtain .";"fish";"fish";"";"1";"Cook, James";"l2";"cook1-1776";"TRAVELOGUE";"u";"c";"G";"fisc";"Strong";"A-Stem";"M";"l2";"j_l2";"c_lmod"
"salt:/ppcmbe2/cook1-1776-1#sTok10251";"some";"some";"*pro* Got some water ,";"water";"water";"";"1";"Cook, James";"l2";"cook1-1776";"TRAVELOGUE";"u";"s";"G";"wæter";"Strong";"A-Stem";"N";"l2";"j_l2";"c_lmod"
"salt:/ppcmbe2/cook1-1776-1#sTok10317";"few";"few";"and *con* caught a few small fish ,";"fish";"fish";"";"1";"Cook, James";"l2";"cook1-1776";"TRAVELOGUE";"u";"c";"G";"fisc";"Strong";"A-Stem";"M";"l2";"j_l2";"c_lmod"
"salt:/ppcmbe2/cook1-1776-1#sTok10582";"all";"all";"*pro* Turned all day and night to weather the Cape , and to enter the Sound .";"day";"day";"";"1";"Cook, James";"l2";"cook1-1776";"TRAVELOGUE";"c";"a";"G";"dæg";"Strong";"A-Stem";"M";"l2";"j_l2";"c_lmod"
"salt:/ppcmbe2/cook1-1776-1#sTok11340";"every";"every";"burning false fires every night";"night";"night";"";"1";"Cook, James";"l2";"cook1-1776";"TRAVELOGUE";"c";"a";"G";"niht";"Strong";"A-Stem";"N";"l2";"j_l2";"c_lmod"
"salt:/ppcmbe2/cook1-1776-1#sTok11757";"few";"few";"a few days before";"days";"day";"1";"";"Cook, James";"l2";"cook1-1776";"TRAVELOGUE";"c";"a";"G";"dæg";"Strong";"A-Stem";"M";"l2";"j_l2";"c_lmod"
"salt:/ppcmbe2/cook1-1776-1#sTok11763";"some";"some";"offered some human flesh 0 *T*-4 to sell";"flesh";"flesh";"";"1";"Cook, James";"l2";"cook1-1776";"TRAVELOGUE";"u";"s";"G";"flæsc";"Strong";"I-Stem";"N";"l2";"j_l2";"c_lmod"
"salt:/ppcmbe2/cook1-1776-1#sTok12896";"some";"some";"some days before";"days";"day";"1";"";"Cook, James";"l2";"cook1-1776";"TRAVELOGUE";"c";"a";"G";"dæg";"Strong";"A-Stem";"M";"l2";"j_l2";"c_lmod"
"salt:/ppcmbe2/cook2-1901-2#sTok1655";"every";"every";"Many thousands of Roses are killed every year through adopting the \" filling up gaps \" practice .";"year";"year";"";"1";"Cook, Ernest Thomas";"l4";"cook2-1901";"HANDB OTHER";"c";"a";"G";"gear";"Strong";"A-Stem";"N";"l4";"l_l4";"c_lmod"
"salt:/ppcmbe2/cook2-1901-2#sTok3434";"no";"no";"Many Roses flower upon the new growths no matter if pruned to the ground line each year .";"matter";"matter";"";"1";"Cook, Ernest Thomas";"l4";"cook2-1901";"HANDB OTHER";"c";"s";"R";"";"";"";"";"l4";"l_l4";"c_lmod"
"salt:/ppcmbe2/cook2-1901-2#sTok3442";"each";"each";"pruned to the ground line each year";"year";"year";"";"1";"Cook, Ernest Thomas";"l4";"cook2-1901";"HANDB OTHER";"c";"a";"G";"gear";"Strong";"A-Stem";"N";"l4";"l_l4";"c_lmod"
"salt:/ppcmbe2/cook2-1901-2#sTok3524";"each";"each";"to remove a whole growth on two each year";"year";"year";"";"1";"Cook, Ernest Thomas";"l4";"cook2-1901";"HANDB OTHER";"c";"a";"G";"gear";"Strong";"A-Stem";"N";"l4";"l_l4";"c_lmod"
"salt:/ppcmbe2/cook2-1901-2#sTok3581";"Some";"some";"Some years the growths start out so early that one must prune back severely to find dormant buds .";"years";"year";"1";"";"Cook, Ernest Thomas";"l4";"cook2-1901";"HANDB OTHER";"c";"a";"G";"gear";"Strong";"A-Stem";"N";"l4";"l_l4";"c_lmod"
"salt:/ppcmbe2/cook2-1901-2#sTok3875";"every";"every";"from almost every eye or bud";"eye";"eye";"";"1";"Cook, Ernest Thomas";"l4";"cook2-1901";"HANDB OTHER";"c";"c";"G";"eage";"Strong";"A-Stem";"M";"l4";"l_l4";"c_lmod"
"salt:/ppcmbe2/cook2-1901-2#sTok4145";"each";"each";"at each artificial watering";"watering";"water";"";"1";"Cook, Ernest Thomas";"l4";"cook2-1901";"HANDB OTHER";"u";"s";"G";"wæter";"Strong";"A-Stem";"N";"l4";"l_l4";"c_lmod"
"salt:/ppcmbe2/cook2-1901-2#sTok4637";"every";"every";"every ten days or so";"days";"day";"1";"";"Cook, Ernest Thomas";"l4";"cook2-1901";"HANDB OTHER";"c";"a";"G";"dæg";"Strong";"A-Stem";"M";"l4";"l_l4";"c_lmod"
"salt:/ppcmbe2/cook2-1901-2#sTok7195";"much";"much";"of much old wood";"wood";"wood";"";"1";"Cook, Ernest Thomas";"l4";"cook2-1901";"HANDB OTHER";"u";"s";"G";"wudu";"Strong";"U-Stem";"M";"l4";"l_l4";"c_lmod"
"salt:/ppcmbe2/cook2-1901-2#sTok8326";"each";"each";"If 0 flowers of high quality are desired prune hard each year <paren> in April <$$paren> ,";"year";"year";"";"1";"Cook, Ernest Thomas";"l4";"cook2-1901";"HANDB OTHER";"c";"a";"G";"gear";"Strong";"A-Stem";"N";"l4";"l_l4";"c_lmod"
"salt:/ppcmbe2/cook2-1901-2#sTok10514";"every";"every";"but put them on every night .";"night";"night";"";"1";"Cook, Ernest Thomas";"l4";"cook2-1901";"HANDB OTHER";"c";"a";"G";"niht";"Strong";"A-Stem";"N";"l4";"l_l4";"c_lmod"
"salt:/ppcmbe2/cook2-1901-2#sTok10600";"any";"any";"and any handy man can make a light ,";"man";"man";"";"1";"Cook, Ernest Thomas";"l4";"cook2-1901";"HANDB OTHER";"c";"c";"G";"mann";"Weak";"Consonant-Stem";"M/N";"l4";"l_l4";"c_lmod"
"salt:/ppcmbe2/cook2-1901-2#sTok11155";"both";"both";"in both hands";"hands";"hand";"1";"";"Cook, Ernest Thomas";"l4";"cook2-1901";"HANDB OTHER";"c";"c";"G";"hand";"Strong";"U-Stem";"F";"l4";"l_l4";"c_lmod"
"salt:/ppcmbe2/cooke1-1712-1#sTok458";"all";"all";"*T*-3 he form'd all his Men into 11 Companies";"Men";"man";"1";"";"Cooke, Edward";"l1";"cooke1-1712";"TRAVELOGUE";"c";"c";"G";"mann";"Weak";"Consonant-Stem";"M/N";"l1";"i_l1";"c_lmod"
"salt:/ppcmbe2/cooke1-1712-1#sTok3634";"many";"many";"many Men wounded";"Men";"man";"1";"";"Cooke, Edward";"l1";"cooke1-1712";"TRAVELOGUE";"c";"c";"G";"mann";"Weak";"Consonant-Stem";"M/N";"l1";"i_l1";"c_lmod"
"salt:/ppcmbe2/cooke1-1712-1#sTok3867";"several";"several";"over the several Waters which 0 *T*-2 ran across the Streets";"Waters";"water";"1";"";"Cooke, Edward";"l1";"cooke1-1712";"TRAVELOGUE";"u";"s";"G";"wæter";"Strong";"A-Stem";"N";"l1";"i_l1";"c_lmod"
"salt:/ppcmbe2/cooke1-1712-1#sTok4599";"all";"all";"all the Men 0 0 *T*-1 they had aboard , being 150";"Men";"man";"1";"";"Cooke, Edward";"l1";"cooke1-1712";"TRAVELOGUE";"c";"c";"G";"mann";"Weak";"Consonant-Stem";"M/N";"l1";"i_l1";"c_lmod"
"salt:/ppcmbe2/cooke1-1712-1#sTok4806";"all";"all";"all the great Men rejoicing in their Deliverance from his Tyranny";"Men";"man";"1";"";"Cooke, Edward";"l1";"cooke1-1712";"TRAVELOGUE";"c";"c";"G";"mann";"Weak";"Consonant-Stem";"M/N";"l1";"i_l1";"c_lmod"
"salt:/ppcmbe2/cooke1-1712-1#sTok5205";"many";"many";"for many Days";"Days";"day";"1";"";"Cooke, Edward";"l1";"cooke1-1712";"TRAVELOGUE";"c";"a";"G";"dæg";"Strong";"A-Stem";"M";"l1";"i_l1";"c_lmod"
"salt:/ppcmbe2/cooke1-1712-1#sTok6241";"Some";"some";"Some Days after";"Days";"day";"1";"";"Cooke, Edward";"l1";"cooke1-1712";"TRAVELOGUE";"c";"a";"G";"dæg";"Strong";"A-Stem";"M";"l1";"i_l1";"c_lmod"
"salt:/ppcmbe2/cooke1-1712-1#sTok6325";"no";"no";"no Man there understood a Word of what 0 *T*-1 was said";"Man";"man";"";"1";"Cooke, Edward";"l1";"cooke1-1712";"TRAVELOGUE";"c";"c";"G";"mann";"Weak";"Consonant-Stem";"M/N";"l1";"i_l1";"c_lmod"
"salt:/ppcmbe2/cooke1-1712-1#sTok6775";"some";"some";"some Houses , and two Ships";"Houses";"house";"1";"";"Cooke, Edward";"l1";"cooke1-1712";"TRAVELOGUE";"c";"c";"G";"hus";"Strong";"A-Stem";"N";"l1";"i_l1";"c_lmod"
"salt:/ppcmbe2/cooke1-1712-1#sTok8006";"some";"some";"and *con* then murder'd some Religious Men 0 0 *T*-1 they had taken in cold Blood .";"Men";"man";"1";"";"Cooke, Edward";"l1";"cooke1-1712";"TRAVELOGUE";"c";"c";"G";"mann";"Weak";"Consonant-Stem";"M/N";"l1";"i_l1";"c_lmod"
"salt:/ppcmbe2/cooke1-1712-1#sTok8327";"no";"no";"and Women found no Mercy , unless 0 they submitted to their Lust .";"Mercy";"mercy";"";"1";"Cooke, Edward";"l1";"cooke1-1712";"TRAVELOGUE";"u";"a";"R";"";"";"";"";"l1";"i_l1";"c_lmod"
"salt:/ppcmbe2/cooke1-1712-1#sTok8791";"no";"no";"*T*-1 had no Men in them";"Men";"man";"1";"";"Cooke, Edward";"l1";"cooke1-1712";"TRAVELOGUE";"c";"c";"G";"mann";"Weak";"Consonant-Stem";"M/N";"l1";"i_l1";"c_lmod"
"salt:/ppcmbe2/cooke1-1712-1#sTok10570";"some";"some";"of some Men";"Men";"man";"1";"";"Cooke, Edward";"l1";"cooke1-1712";"TRAVELOGUE";"c";"c";"G";"mann";"Weak";"Consonant-Stem";"M/N";"l1";"i_l1";"c_lmod"
"salt:/ppcmbe2/cooke1-1712-1#sTok10581";"several";"several";"for <font> Gemelli <$$font> was in it several Days ,";"Days";"day";"1";"";"Cooke, Edward";"l1";"cooke1-1712";"TRAVELOGUE";"c";"a";"G";"dæg";"Strong";"A-Stem";"M";"l1";"i_l1";"c_lmod"
"salt:/ppcmbe2/cooke1-1712-1#sTok11873";"some";"some";"for some Days";"Days";"day";"1";"";"Cooke, Edward";"l1";"cooke1-1712";"TRAVELOGUE";"c";"a";"G";"dæg";"Strong";"A-Stem";"M";"l1";"i_l1";"c_lmod"
"salt:/ppcmbe2/cooke1-1712-1#sTok12137";"several";"several";"of the several Countries 0 0 we sail'd along *T*-1 in the <font> South Sea";"Countries";"country";"1";"";"Cooke, Edward";"l1";"cooke1-1712";"TRAVELOGUE";"c";"c";"R";"";"";"";"";"l1";"i_l1";"c_lmod"
"salt:/ppcmbe2/cooke1-1712-1#sTok12411";"any";"any";"as any Book of this Nature hitherto extant";"Book";"book";"";"1";"Cooke, Edward";"l1";"cooke1-1712";"TRAVELOGUE";"c";"c";"G";"boc";"Weak";"Consonant-Stem";"F";"l1";"i_l1";"c_lmod"
"salt:/ppcmbe2/cooke1-1712-1#sTok12492";"no";"no";"We saw no Land 'till <font> Monday , April <$$font> 11 .";"Land";"land";"";"1";"Cooke, Edward";"l1";"cooke1-1712";"TRAVELOGUE";"u";"a";"G";"land";"Strong";"A-Stem";"N";"l1";"i_l1";"c_lmod"
"salt:/ppcmbe2/cooke1-1712-1#sTok12654";"several";"several";"for several Days";"Days";"day";"1";"";"Cooke, Edward";"l1";"cooke1-1712";"TRAVELOGUE";"c";"a";"G";"dæg";"Strong";"A-Stem";"M";"l1";"i_l1";"c_lmod"
"salt:/ppcmbe2/cooke1-1712-1#sTok13051";"several";"several";"We lay here several Days , trading with the People who 0 *T*-1 came off in Boats , bringing Fowl , Corn , Rice , Plantans , Beans , Arrack , <font> &c. <$$font>";"Days";"day";"1";"";"Cooke, Edward";"l1";"cooke1-1712";"TRAVELOGUE";"c";"a";"G";"dæg";"Strong";"A-Stem";"M";"l1";"i_l1";"c_lmod"
"salt:/ppcmbe2/cooke1-1712-1#sTok13159";"all";"all";"and *con* kept all night under an easy Sail ,";"night";"night";"";"1";"Cooke, Edward";"l1";"cooke1-1712";"TRAVELOGUE";"c";"a";"G";"niht";"Strong";"A-Stem";"N";"l1";"i_l1";"c_lmod"
"salt:/ppcmbe2/cooke1-1712-1#sTok13874";"Several";"several";"Several English Ships arriv'd in the Port , whilst 0 we were there .";"Ships";"ship";"1";"";"Cooke, Edward";"l1";"cooke1-1712";"TRAVELOGUE";"c";"c";"G";"scip";"Strong";"A-Stem";"N";"l1";"i_l1";"c_lmod"
"salt:/ppcmbe2/cooke1-1712-1#sTok14097";"several";"several";"The 19th *pro* sent several Men with Arms and Provisions to <font> Pepper <$$font> Bay , to buy Fowls and fresh Provisions , which 0 *T*-1 the Natives exchange for Knives and Toys .";"Men";"man";"1";"";"Cooke, Edward";"l1";"cooke1-1712";"TRAVELOGUE";"c";"c";"G";"mann";"Weak";"Consonant-Stem";"M/N";"l1";"i_l1";"c_lmod"
"salt:/ppcmbe2/cooke1-1712-1#sTok14627";"many";"many";"but the <font> Dutch <$$font> have had it many Years .";"Years";"year";"1";"";"Cooke, Edward";"l1";"cooke1-1712";"TRAVELOGUE";"c";"a";"G";"gear";"Strong";"A-Stem";"N";"l1";"i_l1";"c_lmod"
"salt:/ppcmbe2/cooke2-1770-2#sTok164";"all";"all";"Destroy all manner of weeds in your garden-beds , before 0 they shed their seed .";"manner";"manner";"";"1";"Cooke, Samuel";"l2";"cooke2-1770";"HANDB OTHER";"u";"a";"R";"";"";"";"";"l2";"j_l2";"c_lmod"
"salt:/ppcmbe2/cooke2-1770-2#sTok630";"every";"every";"and therefore *con* must be raised from seeds every year ;";"year";"year";"";"1";"Cooke, Samuel";"l2";"cooke2-1770";"HANDB OTHER";"c";"a";"G";"gear";"Strong";"A-Stem";"N";"l2";"j_l2";"c_lmod"
"salt:/ppcmbe2/cooke2-1770-2#sTok1216";"All";"all";"All new planted trees are to be watched , lest 0 some of them , for want of seasonable help , should pine and languish ;";"trees";"tree";"1";"";"Cooke, Samuel";"l2";"cooke2-1770";"HANDB OTHER";"c";"c";"G";"treow";"Strong";"A-Stem";"N";"l2";"j_l2";"c_lmod"
"salt:/ppcmbe2/cooke2-1770-2#sTok1343";"some";"some";"of some men";"men";"man";"1";"";"Cooke, Samuel";"l2";"cooke2-1770";"HANDB OTHER";"c";"c";"G";"mann";"Weak";"Consonant-Stem";"M/N";"l2";"j_l2";"c_lmod"
"salt:/ppcmbe2/cooke2-1770-2#sTok3040";"no";"no";"Give no water to your melons , which 0 *T*-1 now begin to ripen .";"water";"water";"";"1";"Cooke, Samuel";"l2";"cooke2-1770";"HANDB OTHER";"u";"s";"G";"wæter";"Strong";"A-Stem";"N";"l2";"j_l2";"c_lmod"
"salt:/ppcmbe2/cooke2-1770-2#sTok3402";"any";"any";"any strong wood or water shoots push from the apricot or peach-tree this month , unless 0 a void place wants to be filled";"wood";"wood";"";"1";"Cooke, Samuel";"l2";"cooke2-1770";"HANDB OTHER";"u";"s";"G";"wudu";"Strong";"U-Stem";"M";"l2";"j_l2";"c_lmod"
"salt:/ppcmbe2/cooke2-1770-2#sTok3695";"some";"some";"some anemony seeds and annuals";"seeds";"seed";"1";"";"Cooke, Samuel";"l2";"cooke2-1770";"HANDB OTHER";"c";"s";"G";"seed";"Strong";"A-Stem";"N";"l2";"j_l2";"c_lmod"
"salt:/ppcmbe2/cooke2-1770-2#sTok6314";"all";"all";"gather all seeds as 0 they ripen ,";"seeds";"seed";"1";"";"Cooke, Samuel";"l2";"cooke2-1770";"HANDB OTHER";"c";"s";"G";"seed";"Strong";"A-Stem";"N";"l2";"j_l2";"c_lmod"
"salt:/ppcmbe2/cooke2-1770-2#sTok7114";"every";"every";"adding half an inch of the earth for the covering every year";"year";"year";"";"1";"Cooke, Samuel";"l2";"cooke2-1770";"HANDB OTHER";"c";"a";"G";"gear";"Strong";"A-Stem";"N";"l2";"j_l2";"c_lmod"
"salt:/ppcmbe2/cooke2-1770-2#sTok7146";"every";"every";"to be sown every year for new varieties";"year";"year";"";"1";"Cooke, Samuel";"l2";"cooke2-1770";"HANDB OTHER";"c";"a";"G";"gear";"Strong";"A-Stem";"N";"l2";"j_l2";"c_lmod"
"salt:/ppcmbe2/cooke2-1770-2#sTok8835";"no";"no";"to give no watering to your tender succulent plants";"watering";"water";"";"1";"Cooke, Samuel";"l2";"cooke2-1770";"HANDB OTHER";"u";"s";"G";"wæter";"Strong";"A-Stem";"N";"l2";"j_l2";"c_lmod"
"salt:/ppcmbe2/cooke2-1770-2#sTok9099";"all";"all";"for all manner of young fruit-trees";"manner";"manner";"";"1";"Cooke, Samuel";"l2";"cooke2-1770";"HANDB OTHER";"u";"a";"R";"";"";"";"";"l2";"j_l2";"c_lmod"
"salt:/ppcmbe2/cooke2-1770-2#sTok9540";"all";"all";"of all other works";"works";"work";"1";"";"Cooke, Samuel";"l2";"cooke2-1770";"HANDB OTHER";"u";"a";"G";"weorc";"Strong";"A-Stem";"N";"l2";"j_l2";"c_lmod"
"salt:/ppcmbe2/cooke2-1770-2#sTok9895";"all";"all";"Tie up all trees and shrubs to stakes ,";"trees";"tree";"1";"";"Cooke, Samuel";"l2";"cooke2-1770";"HANDB OTHER";"c";"c";"G";"treow";"Strong";"A-Stem";"N";"l2";"j_l2";"c_lmod"
"salt:/ppcmbe2/cooke2-1770-2#sTok10667";"many";"many";"for many years";"years";"year";"1";"";"Cooke, Samuel";"l2";"cooke2-1770";"HANDB OTHER";"c";"a";"G";"gear";"Strong";"A-Stem";"N";"l2";"j_l2";"c_lmod"
"salt:/ppcmbe2/cooke2-1770-2#sTok11075";"some";"some";"some days before 0 it is used";"days";"day";"1";"";"Cooke, Samuel";"l2";"cooke2-1770";"HANDB OTHER";"c";"a";"G";"dæg";"Strong";"A-Stem";"M";"l2";"j_l2";"c_lmod"
"salt:/ppcmbe2/coyne-1855-2#sTok1412";"all";"all";"turning all manner of ways";"manner";"manner";"";"1";"Coyne, Joseph Stirling";"l3";"coyne-1855";"DRAMA COMEDY";"u";"a";"R";"";"";"";"";"l3";"k_l3";"c_lmod"
"salt:/ppcmbe2/coyne-1855-2#sTok1871";"no";"no";"*T*-1 no man can resist";"man";"man";"";"1";"Coyne, Joseph Stirling";"l3";"coyne-1855";"DRAMA COMEDY";"c";"c";"G";"mann";"Weak";"Consonant-Stem";"M/N";"l3";"k_l3";"c_lmod"
"salt:/ppcmbe2/coyne-1855-2#sTok3055";"any";"any";"$you $'ve {TEXT:you've} any cold meat in the house";"meat";"meat";"";"1";"Coyne, Joseph Stirling";"l3";"coyne-1855";"DRAMA COMEDY";"u";"s";"G";"mete";"Strong";"A-Stem";"M";"l3";"k_l3";"c_lmod"
"salt:/ppcmbe2/coyne-1855-2#sTok4070";"some";"some";"upon some horse 0 that *T*-1 never starts";"horse";"horse";"";"1";"Coyne, Joseph Stirling";"l3";"coyne-1855";"DRAMA COMEDY";"c";"c";"G";"hors";"Strong";"A-Stem";"N";"l3";"k_l3";"c_lmod"
"salt:/ppcmbe2/coyne-1855-2#sTok6027";"some";"some";"some forty years hence , when 0 *T*-1 I have drained the wine from the cup of life";"years";"year";"1";"";"Coyne, Joseph Stirling";"l3";"coyne-1855";"DRAMA COMEDY";"c";"a";"G";"gear";"Strong";"A-Stem";"N";"l3";"k_l3";"c_lmod"
"salt:/ppcmbe2/coyne-1855-2#sTok11238";"all";"all";"all men are horrid wretches";"men";"man";"1";"";"Coyne, Joseph Stirling";"l3";"coyne-1855";"DRAMA COMEDY";"c";"c";"G";"mann";"Weak";"Consonant-Stem";"M/N";"l3";"k_l3";"c_lmod"
"salt:/ppcmbe2/coyne-1855-2#sTok12727";"Every";"every";"Every man has his affections ,";"man";"man";"";"1";"Coyne, Joseph Stirling";"l3";"coyne-1855";"DRAMA COMEDY";"c";"c";"G";"mann";"Weak";"Consonant-Stem";"M/N";"l3";"k_l3";"c_lmod"
"salt:/ppcmbe2/coyne-1855-2#sTok13347";"many";"many";"many a stouter man than thee has been twisted round a woman's little finger . <font> *pro* Exit <$$font> , L.";"man";"man";"";"1";"Coyne, Joseph Stirling";"l3";"coyne-1855";"DRAMA COMEDY";"c";"c";"G";"mann";"Weak";"Consonant-Stem";"M/N";"l3";"k_l3";"c_lmod"
"salt:/ppcmbe2/coyne-1855-2#sTok14521";"all";"all";"With all my <P_23> heart";"heart";"heart";"";"1";"Coyne, Joseph Stirling";"l3";"coyne-1855";"DRAMA COMEDY";"c";"c";"G";"heorte";"Weak";"N-Stem";"F";"l3";"k_l3";"c_lmod"
"salt:/ppcmbe2/crossfield-1796-2#sTok114";"any";"any";"Do you recollect on that day any men *ICH*-1 coming to his house , who 0 *T*-2 were not known to you";"men";"man";"1";"";"n/a";"l2";"crossfield-1796";"PROC TRIAL";"c";"c";"G";"mann";"Weak";"Consonant-Stem";"M/N";"l2";"j_l2";"c_lmod"
"salt:/ppcmbe2/crossfield-1796-2#sTok7956";"any";"any";"<font> A. <$$font> Yes ; certainly any man must know what 0 *T*-1 a tube is .";"man";"man";"";"1";"n/a";"l2";"crossfield-1796";"PROC TRIAL";"c";"c";"G";"mann";"Weak";"Consonant-Stem";"M/N";"l2";"j_l2";"c_lmod"
"salt:/ppcmbe2/crossfield-1796-2#sTok11169";"any";"any";"or any other name";"name";"name";"";"1";"n/a";"l2";"crossfield-1796";"PROC TRIAL";"c";"a";"G";"nama";"Weak";"N-Stem";"M";"l2";"j_l2";"c_lmod"
"salt:/ppcmbe2/crossfield-1796-2#sTok13263";"every";"every";"<font> A. <$$font> Yes , every day .";"day";"day";"";"1";"n/a";"l2";"crossfield-1796";"PROC TRIAL";"c";"a";"G";"dæg";"Strong";"A-Stem";"M";"l2";"j_l2";"c_lmod"
"salt:/ppcmbe2/crossfield-1796-2#sTok13286";"any";"any";"*T*-1 any man could possibly do";"man";"man";"";"1";"n/a";"l2";"crossfield-1796";"PROC TRIAL";"c";"c";"G";"mann";"Weak";"Consonant-Stem";"M/N";"l2";"j_l2";"c_lmod"
"salt:/ppcmbe2/crossfield-1796-2#sTok24106";"any";"any";"in any matter which 0 *T*-2 related to his Majesty";"matter";"matter";"";"1";"n/a";"l2";"crossfield-1796";"PROC TRIAL";"c";"s";"R";"";"";"";"";"l2";"j_l2";"c_lmod"
"salt:/ppcmbe2/crossfield-1796-2#sTok24826";"any";"any";"of any other ship";"ship";"ship";"";"1";"n/a";"l2";"crossfield-1796";"PROC TRIAL";"c";"c";"G";"scip";"Strong";"A-Stem";"N";"l2";"j_l2";"c_lmod"
"salt:/ppcmbe2/crossfield-1796-2#sTok25574";"any";"any";"at any house on the banks of the river Thames";"house";"house";"";"1";"n/a";"l2";"crossfield-1796";"PROC TRIAL";"c";"c";"G";"hus";"Strong";"A-Stem";"N";"l2";"j_l2";"c_lmod"
"salt:/ppcmbe2/crossfield-1796-2#sTok27970";"any";"any";"along-side any other English ship";"ship";"ship";"";"1";"n/a";"l2";"crossfield-1796";"PROC TRIAL";"c";"c";"G";"scip";"Strong";"A-Stem";"N";"l2";"j_l2";"c_lmod"
"salt:/ppcmbe2/crossfield-1796-2#sTok28873";"any";"any";"<font> A. <$$font> I do not remember any such name on board the Peggy .";"name";"name";"";"1";"n/a";"l2";"crossfield-1796";"PROC TRIAL";"c";"a";"G";"nama";"Weak";"N-Stem";"M";"l2";"j_l2";"c_lmod"
"salt:/ppcmbe2/crossfield-1796-2#sTok30724";"any";"any";"to any other name";"name";"name";"";"1";"n/a";"l2";"crossfield-1796";"PROC TRIAL";"c";"a";"G";"nama";"Weak";"N-Stem";"M";"l2";"j_l2";"c_lmod"
"salt:/ppcmbe2/crossfield-1796-2#sTok33468";"any";"any";"board any ship where 0 *T*-1 you saw Crossfield";"ship";"ship";"";"1";"n/a";"l2";"crossfield-1796";"PROC TRIAL";"c";"c";"G";"scip";"Strong";"A-Stem";"N";"l2";"j_l2";"c_lmod"
"salt:/ppcmbe2/crossfield-1796-2#sTok33804";"every";"every";"<font> A. <$$font> No ; it was his constant subject every day after dinner , and after supper ;";"day";"day";"";"1";"n/a";"l2";"crossfield-1796";"PROC TRIAL";"c";"a";"G";"dæg";"Strong";"A-Stem";"M";"l2";"j_l2";"c_lmod"
"salt:/ppcmbe2/crossfield-1796-2#sTok33820";"every";"every";"I dined and supped with him every day , sometimes on board one ship , sometimes another , for five months together .";"day";"day";"";"1";"n/a";"l2";"crossfield-1796";"PROC TRIAL";"c";"a";"G";"dæg";"Strong";"A-Stem";"M";"l2";"j_l2";"c_lmod"
"salt:/ppcmbe2/crossfield-1796-2#sTok34324";"any";"any";"it would kill any man at thirty yards distance";"man";"man";"";"1";"n/a";"l2";"crossfield-1796";"PROC TRIAL";"c";"c";"G";"mann";"Weak";"Consonant-Stem";"M/N";"l2";"j_l2";"c_lmod"
"salt:/ppcmbe2/crossfield-1796-2#sTok34396";"every";"every";"*T*-2 dined together every day";"day";"day";"";"1";"n/a";"l2";"crossfield-1796";"PROC TRIAL";"c";"a";"G";"dæg";"Strong";"A-Stem";"M";"l2";"j_l2";"c_lmod"
"salt:/ppcmbe2/crossfield-1796-2#sTok35537";"some";"some";"board some other ships";"ships";"ship";"1";"";"n/a";"l2";"crossfield-1796";"PROC TRIAL";"c";"c";"G";"scip";"Strong";"A-Stem";"N";"l2";"j_l2";"c_lmod"
"salt:/ppcmbe2/crossfield-1796-2#sTok35635";"all";"all";"<font> A. <$$font> That was his constant conversation all that night , till 0 Captain Yellowley interrupted him , and *con* said , God forbid , 0 matters may be done more easily .";"night";"night";"";"1";"n/a";"l2";"crossfield-1796";"PROC TRIAL";"c";"a";"G";"niht";"Strong";"A-Stem";"N";"l2";"j_l2";"c_lmod"
"salt:/ppcmbe2/crossfield-1796-2#sTok36249";"many";"many";"for many days";"days";"day";"1";"";"n/a";"l2";"crossfield-1796";"PROC TRIAL";"c";"a";"G";"dæg";"Strong";"A-Stem";"M";"l2";"j_l2";"c_lmod"
"salt:/ppcmbe2/crossfield-1796-2#sTok37373";"every";"every";"*T*-1 dined with you every day there";"day";"day";"";"1";"n/a";"l2";"crossfield-1796";"PROC TRIAL";"c";"a";"G";"dæg";"Strong";"A-Stem";"M";"l2";"j_l2";"c_lmod"
"salt:/ppcmbe2/crossfield-1796-2#sTok37655";"every";"every";"<font> A. <$$font> Yes ; he dined and supped with those gentlemen every night , unless 0 they happened to be on board the Commodore , or on shore .";"night";"night";"";"1";"n/a";"l2";"crossfield-1796";"PROC TRIAL";"c";"a";"G";"niht";"Strong";"A-Stem";"N";"l2";"j_l2";"c_lmod"
"salt:/ppcmbe2/dalton-1808-2#sTok689";"all";"all";"upon all matter which 0 *T*-3 comes under our cognisance";"matter";"matter";"";"1";"Dalton, John";"l2";"dalton-1808";"SCIENCE OTHER";"c";"s";"R";"";"";"";"";"l2";"j_l2";"c_lmod"
"salt:/ppcmbe2/dalton-1808-2#sTok3025";"half";"half";"air of half density would take half the water";"water";"water";"";"1";"Dalton, John";"l2";"dalton-1808";"SCIENCE OTHER";"u";"s";"G";"wæter";"Strong";"A-Stem";"N";"l2";"j_l2";"c_lmod"
"salt:/ppcmbe2/dalton-1808-2#sTok3245";"some";"some";"some years ago";"years";"year";"1";"";"Dalton, John";"l2";"dalton-1808";"SCIENCE OTHER";"c";"a";"G";"gear";"Strong";"A-Stem";"N";"l2";"j_l2";"c_lmod"
"salt:/ppcmbe2/darwin-1835-2#sTok350";"no";"no";"and no men";"men";"man";"1";"";"Darwin, Charles";"l3";"darwin-1835";"TRAVELOGUE";"c";"c";"G";"mann";"Weak";"Consonant-Stem";"M/N";"l3";"k_l3";"c_lmod"
"salt:/ppcmbe2/darwin-1835-2#sTok377";"all";"all";"all hands were assisting him in giving his orders";"hands";"hand";"1";"";"Darwin, Charles";"l3";"darwin-1835";"TRAVELOGUE";"c";"c";"G";"hand";"Strong";"U-Stem";"F";"l3";"k_l3";"c_lmod"
"salt:/ppcmbe2/darwin-1835-2#sTok4841";"all";"all";"all the waters here have puna";"waters";"water";"1";"";"Darwin, Charles";"l3";"darwin-1835";"TRAVELOGUE";"u";"s";"G";"wæter";"Strong";"A-Stem";"N";"l3";"k_l3";"c_lmod"
"salt:/ppcmbe2/darwin-1835-2#sTok6459";"all";"all";"The pot was left on the fire all night ,";"night";"night";"";"1";"Darwin, Charles";"l3";"darwin-1835";"TRAVELOGUE";"c";"a";"G";"niht";"Strong";"A-Stem";"N";"l3";"k_l3";"c_lmod"
"salt:/ppcmbe2/darwin-1835-2#sTok6754";"each";"each";"on each hand";"hand";"hand";"";"1";"Darwin, Charles";"l3";"darwin-1835";"TRAVELOGUE";"c";"c";"G";"hand";"Strong";"U-Stem";"F";"l3";"k_l3";"c_lmod"
"salt:/ppcmbe2/darwin-1835-2#sTok8298";"Some";"some";"Some years ago";"years";"year";"1";"";"Darwin, Charles";"l3";"darwin-1835";"TRAVELOGUE";"c";"a";"G";"gear";"Strong";"A-Stem";"N";"l3";"k_l3";"c_lmod"
"salt:/ppcmbe2/darwin-1835-2#sTok9213";"many";"many";"and many trees had been entirely stripped of their leaves .";"trees";"tree";"1";"";"Darwin, Charles";"l3";"darwin-1835";"TRAVELOGUE";"c";"c";"G";"treow";"Strong";"A-Stem";"N";"l3";"k_l3";"c_lmod"
"salt:/ppcmbe2/darwin-1835-2#sTok10221";"all";"all";"we had ridden all day without a drop of water";"day";"day";"";"1";"Darwin, Charles";"l3";"darwin-1835";"TRAVELOGUE";"c";"a";"G";"dæg";"Strong";"A-Stem";"M";"l3";"k_l3";"c_lmod"
"salt:/ppcmbe2/darwin-1835-2#sTok11693";"each";"each";"*T*-1 each year are formed anew across the piles of fallen detritus";"year";"year";"";"1";"Darwin, Charles";"l3";"darwin-1835";"TRAVELOGUE";"c";"a";"G";"gear";"Strong";"A-Stem";"N";"l3";"k_l3";"c_lmod"
"salt:/ppcmbe2/darwin-1835-2#sTok11869";"any";"any";"any man being drowned";"man";"man";"";"1";"Darwin, Charles";"l3";"darwin-1835";"TRAVELOGUE";"c";"c";"G";"mann";"Weak";"Consonant-Stem";"M/N";"l3";"k_l3";"c_lmod"
"salt:/ppcmbe2/darwin-1835-2#sTok12618";"no";"no";"*T*-6 there is no water";"water";"water";"";"1";"Darwin, Charles";"l3";"darwin-1835";"TRAVELOGUE";"u";"s";"G";"wæter";"Strong";"A-Stem";"N";"l3";"k_l3";"c_lmod"
"salt:/ppcmbe2/darwin-1842-2#sTok6487";"many";"many";"many years ago";"years";"year";"1";"";"Darwin, Charles";"l3";"darwin-1842";"SCIENCE OTHER";"c";"a";"G";"gear";"Strong";"A-Stem";"N";"l3";"k_l3";"c_lmod"
"salt:/ppcmbe2/darwin-1842-2#sTok10367";"no";"no";"We have , moreover , no right to calculate on unlimited time for the accumulation of small organic bodies into great masses .";"right";"right";"";"1";"Darwin, Charles";"l3";"darwin-1842";"SCIENCE OTHER";"c";"a";"G";"riht";"Strong";"A-Stem";"N";"l3";"k_l3";"c_lmod"
"salt:/ppcmbe2/davy-1814-2#sTok1052";"some";"some";"and <P_5,441> *con* placed in the upper part of it some silver foil ;";"silver";"silver";"";"1";"Davy, Sir Humphry";"l3";"davy-1814";"SCIENCE OTHER";"u";"s";"G";"seolfor";"Strong";"A-Stem";"N";"l3";"k_l3";"c_lmod"
"salt:/ppcmbe2/davy-1814-2#sTok2432";"all";"all";"*T*-1 would absorb all the water united to it";"water";"water";"";"1";"Davy, Sir Humphry";"l3";"davy-1814";"SCIENCE OTHER";"u";"s";"G";"wæter";"Strong";"A-Stem";"N";"l3";"k_l3";"c_lmod"
"salt:/ppcmbe2/davy-1814-2#sTok9316";"some";"some";"like some other substances";"substances";"substance";"1";"";"Davy, Sir Humphry";"l3";"davy-1814";"SCIENCE OTHER";"c";"s";"R";"";"";"";"";"l3";"k_l3";"c_lmod"
"salt:/ppcmbe2/davy-1814-2#sTok9926";"Both";"both";"Both these salts were decomposed when heated in the atmosphere at a low red heat ;";"salts";"salt";"1";"";"Davy, Sir Humphry";"l3";"davy-1814";"SCIENCE OTHER";"u";"s";"G";"sealt";"Strong";"A-Stem";"N";"l3";"k_l3";"c_lmod"
"salt:/ppcmbe2/davys-1716-1#sTok2796";"all";"all";"I had rather *ICH*-2 sit in the Stocks all Day , and hear the Mob sing Ballads , than * be consin'd to the Impertinence of those worshipful Ladies .";"Day";"day";"";"1";"Davys, Mary";"l1";"davys-1716";"DRAMA COMEDY";"c";"a";"G";"dæg";"Strong";"A-Stem";"M";"l1";"i_l1";"c_lmod"
"salt:/ppcmbe2/davys-1716-1#sTok3735";"all";"all";"to all Men alike";"Men";"man";"1";"";"Davys, Mary";"l1";"davys-1716";"DRAMA COMEDY";"c";"c";"G";"mann";"Weak";"Consonant-Stem";"M/N";"l1";"i_l1";"c_lmod"
"salt:/ppcmbe2/davys-1716-1#sTok3831";"all";"all";"Sir <font> Jef. <$$font> With all my Heart ;";"Heart";"heart";"";"1";"Davys, Mary";"l1";"davys-1716";"DRAMA COMEDY";"c";"c";"G";"heorte";"Weak";"N-Stem";"F";"l1";"i_l1";"c_lmod"
"salt:/ppcmbe2/davys-1716-1#sTok4940";"No";"no";"No Matter , $I $'ll {TEXT:I'll} humour him still .";"Matter";"matter";"";"1";"Davys, Mary";"l1";"davys-1716";"DRAMA COMEDY";"c";"s";"R";"";"";"";"";"l1";"i_l1";"c_lmod"
"salt:/ppcmbe2/davys-1716-1#sTok5035";"no";"no";"it will be no hard Matter to bring it about";"Matter";"matter";"";"1";"Davys, Mary";"l1";"davys-1716";"DRAMA COMEDY";"c";"s";"R";"";"";"";"";"l1";"i_l1";"c_lmod"
"salt:/ppcmbe2/davys-1716-1#sTok6699";"every";"every";"every Man makes Love to every Woman 0 0 *T*-1 he sees .";"Man";"man";"";"1";"Davys, Mary";"l1";"davys-1716";"DRAMA COMEDY";"c";"c";"G";"mann";"Weak";"Consonant-Stem";"M/N";"l1";"i_l1";"c_lmod"
"salt:/ppcmbe2/davys-1716-1#sTok7122";"all";"all";"<font> Lou. <$$font> With all my Heart .";"Heart";"heart";"";"1";"Davys, Mary";"l1";"davys-1716";"DRAMA COMEDY";"c";"c";"G";"heorte";"Weak";"N-Stem";"F";"l1";"i_l1";"c_lmod"
"salt:/ppcmbe2/davys-1716-1#sTok8290";"no";"no";"No , hang it , $I $'ll {TEXT:I'll} have no Hand in it ;";"Hand";"hand";"";"1";"Davys, Mary";"l1";"davys-1716";"DRAMA COMEDY";"c";"c";"G";"hand";"Strong";"U-Stem";"F";"l1";"i_l1";"c_lmod"
"salt:/ppcmbe2/davys-1716-1#sTok8843";"all";"all";"with all my Soul";"Soul";"soul";"";"1";"Davys, Mary";"l1";"davys-1716";"DRAMA COMEDY";"c";"a";"G";"sawel";"Strong";"O-Stem";"F";"l1";"i_l1";"c_lmod"
"salt:/ppcmbe2/decourcy-1776-2#sTok2113";"all";"all";"of all grace";"grace";"grace";"";"1";"De Courcy, Richard";"l2";"decourcy-1776";"SERMON";"u";"a";"R";"";"";"";"";"l2";"j_l2";"c_lmod"
"salt:/ppcmbe2/decourcy-1776-2#sTok5035";"all";"all";"against all your enemies";"enemies";"enemy";"1";"";"De Courcy, Richard";"l2";"decourcy-1776";"SERMON";"c";"c";"R";"";"";"";"";"l2";"j_l2";"c_lmod"
"salt:/ppcmbe2/decourcy-1776-2#sTok7546";"all";"all";"*T*-1 have followed them all their days";"days";"day";"1";"";"De Courcy, Richard";"l2";"decourcy-1776";"SERMON";"c";"a";"G";"dæg";"Strong";"A-Stem";"M";"l2";"j_l2";"c_lmod"
"salt:/ppcmbe2/decourcy-1776-2#sTok7577";"all";"all";"in all his works , ways , and dispensations";"works";"work";"1";"";"De Courcy, Richard";"l2";"decourcy-1776";"SERMON";"u";"a";"G";"weorc";"Strong";"A-Stem";"N";"l2";"j_l2";"c_lmod"
"salt:/ppcmbe2/decourcy-1776-2#sTok8968";"any";"any";"God has no where in the New Testament appointed any particular day of the week <P_34> for this purpose :";"day";"day";"";"1";"De Courcy, Richard";"l2";"decourcy-1776";"SERMON";"c";"a";"G";"dæg";"Strong";"A-Stem";"M";"l2";"j_l2";"c_lmod"
"salt:/ppcmbe2/decourcy-1776-2#sTok9792";"all";"all";"and *con* lay all night upon the earth . <$$font>";"night";"night";"";"1";"De Courcy, Richard";"l2";"decourcy-1776";"SERMON";"c";"a";"G";"niht";"Strong";"A-Stem";"N";"l2";"j_l2";"c_lmod"
"salt:/ppcmbe2/decourcy-1776-2#sTok11028";"no";"no";"and the strictest abstinence from food , 0 that *T*-1 is not accompanied with contrition of heart and a departure from evil , deserves no softer name , than that of horrid insincerity and dissimulation .";"name";"name";"";"1";"De Courcy, Richard";"l2";"decourcy-1776";"SERMON";"c";"a";"G";"nama";"Weak";"N-Stem";"M";"l2";"j_l2";"c_lmod"
"salt:/ppcmbe2/defoe-1719-1#sTok129";"all";"all";"Upon this I order'd all my Men to keep close , lest 0 they should shoot any more Arrows ,";"Men";"man";"1";"";"Defoe, Daniel";"l1";"defoe-1719";"FICTION";"c";"c";"G";"mann";"Weak";"Consonant-Stem";"M/N";"l1";"i_l1";"c_lmod"
"salt:/ppcmbe2/defoe-1719-1#sTok368";"no";"no";"no other Man being in their Sight";"Man";"man";"";"1";"Defoe, Daniel";"l1";"defoe-1719";"FICTION";"c";"c";"G";"mann";"Weak";"Consonant-Stem";"M/N";"l1";"i_l1";"c_lmod"
"salt:/ppcmbe2/defoe-1719-1#sTok3141";"all";"all";"and all Manner of Discourse about it";"Manner";"manner";"";"1";"Defoe, Daniel";"l1";"defoe-1719";"FICTION";"u";"a";"R";"";"";"";"";"l1";"i_l1";"c_lmod"
"salt:/ppcmbe2/defoe-1719-1#sTok3639";"no";"no";"to no Man";"Man";"man";"";"1";"Defoe, Daniel";"l1";"defoe-1719";"FICTION";"c";"c";"G";"mann";"Weak";"Consonant-Stem";"M/N";"l1";"i_l1";"c_lmod"
"salt:/ppcmbe2/defoe-1719-1#sTok3998";"no";"no";"no wise Man flatter himself with the Strength of his own Judgment , as if 0 he was able to chuse any particular Station of Life for himself";"Man";"man";"";"1";"Defoe, Daniel";"l1";"defoe-1719";"FICTION";"c";"c";"G";"mann";"Weak";"Consonant-Stem";"M/N";"l1";"i_l1";"c_lmod"
"salt:/ppcmbe2/defoe-1719-1#sTok5554";"all";"all";"and *con* lay on Shore all Night .";"Night";"night";"";"1";"Defoe, Daniel";"l1";"defoe-1719";"FICTION";"c";"a";"G";"niht";"Strong";"A-Stem";"N";"l1";"i_l1";"c_lmod"
"salt:/ppcmbe2/defoe-1719-1#sTok5663";"all";"all";"and *con* lay under the Cover of the Branches of Trees all Night in the Boat .";"Night";"night";"";"1";"Defoe, Daniel";"l1";"defoe-1719";"FICTION";"c";"a";"G";"niht";"Strong";"A-Stem";"N";"l1";"i_l1";"c_lmod"
"salt:/ppcmbe2/defoe-1719-1#sTok6702";"some";"some";"to sell us some Milk";"Milk";"milk";"";"1";"Defoe, Daniel";"l1";"defoe-1719";"FICTION";"u";"s";"G";"meolc";"Strong";"I-Stem";"F";"l1";"i_l1";"c_lmod"
"salt:/ppcmbe2/defoe-1719-1#sTok8347";"every";"every";"for they had every Man a Fuzee or Musket , a Bayonet";"Man";"man";"";"1";"Defoe, Daniel";"l1";"defoe-1719";"FICTION";"c";"c";"G";"mann";"Weak";"Consonant-Stem";"M/N";"l1";"i_l1";"c_lmod"
"salt:/ppcmbe2/defoe-1719-1#sTok8357";"every";"every";"every Man a Pistol";"Man";"man";"";"1";"Defoe, Daniel";"l1";"defoe-1719";"FICTION";"c";"c";"G";"mann";"Weak";"Consonant-Stem";"M/N";"l1";"i_l1";"c_lmod"
"salt:/ppcmbe2/defoe-1719-1#sTok8411";"any";"any";"about any wicked Work";"Work";"work";"";"1";"Defoe, Daniel";"l1";"defoe-1719";"FICTION";"u";"a";"G";"weorc";"Strong";"A-Stem";"N";"l1";"i_l1";"c_lmod"
"salt:/ppcmbe2/defoe-1719-1#sTok8480";"few";"few";"to the few <font> Indian <$$font> Houses which 0 they thought 0 *T*-1 had been the Town , which 0 *T*-2 was not above half a Mile off";"Houses";"house";"1";"";"Defoe, Daniel";"l1";"defoe-1719";"FICTION";"c";"c";"G";"hus";"Strong";"A-Stem";"N";"l1";"i_l1";"c_lmod"
"salt:/ppcmbe2/defoe-1719-1#sTok9771";"all";"all";"all the Houses being made of light combustible Stuff";"Houses";"house";"1";"";"Defoe, Daniel";"l1";"defoe-1719";"FICTION";"c";"c";"G";"hus";"Strong";"A-Stem";"N";"l1";"i_l1";"c_lmod"
"salt:/ppcmbe2/defoe-1719-1#sTok10112";"any";"any";"for any Men in the World , to restrain their Curiosity , to know what 0 *T*-2 had happen'd , or their Concern for the Safety of the Men";"Men";"man";"1";"";"Defoe, Daniel";"l1";"defoe-1719";"FICTION";"c";"c";"G";"mann";"Weak";"Consonant-Stem";"M/N";"l1";"i_l1";"c_lmod"
"salt:/ppcmbe2/defoe-1719-1#sTok12495";"few";"few";"at the few Houses on the Way";"Houses";"house";"1";"";"Defoe, Daniel";"l1";"defoe-1719";"FICTION";"c";"c";"G";"hus";"Strong";"A-Stem";"N";"l1";"i_l1";"c_lmod"
"salt:/ppcmbe2/defoe-1719-1#sTok12514";"all";"all";"*con* set all those Houses on Fire";"Houses";"house";"1";"";"Defoe, Daniel";"l1";"defoe-1719";"FICTION";"c";"c";"G";"hus";"Strong";"A-Stem";"N";"l1";"i_l1";"c_lmod"
"salt:/ppcmbe2/dickens-1837-1#sTok1471";"either";"either";"on either hand";"hand";"hand";"";"1";"Dickens, Charles";"l3";"dickens-1837";"FICTION";"c";"c";"G";"hand";"Strong";"U-Stem";"F";"l3";"k_l3";"c_lmod"
"salt:/ppcmbe2/dickens-1837-1#sTok1605";"some";"some";"of some great man whose eyes 0 *T*-2 it would never reach , or whose heart 0 *T*-3 it would never touch";"man";"man";"";"1";"Dickens, Charles";"l3";"dickens-1837";"FICTION";"c";"c";"G";"mann";"Weak";"Consonant-Stem";"M/N";"l3";"k_l3";"c_lmod"
"salt:/ppcmbe2/dickens-1837-1#sTok1873";"any";"any";"*T*-5 any man can understand in one moment if 0 he wishes , by just setting foot in the nearest debtors' prison , and looking at the very first group of people 0 0 *T*-6 he sees there , with the same interest as 0 0 *T*-7 Mr Pickwick did *";"man";"man";"";"1";"Dickens, Charles";"l3";"dickens-1837";"FICTION";"c";"c";"G";"mann";"Weak";"Consonant-Stem";"M/N";"l3";"k_l3";"c_lmod"
"salt:/ppcmbe2/dickens-1837-1#sTok2369";"many";"many";"*T*-1 many men 0 as *T*-2 has been much better know'd has done in their time";"men";"man";"1";"";"Dickens, Charles";"l3";"dickens-1837";"FICTION";"c";"c";"G";"mann";"Weak";"Consonant-Stem";"M/N";"l3";"k_l3";"c_lmod"
"salt:/ppcmbe2/dickens-1837-1#sTok2581";"ev'ry";"ev'ry";"and he wos in the lodge ev'ry night , a chattering vith 'em";"night";"night";"";"1";"Dickens, Charles";"l3";"dickens-1837";"FICTION";"c";"a";"G";"niht";"Strong";"A-Stem";"N";"l3";"k_l3";"c_lmod"
"salt:/ppcmbe2/dickens-1837-1#sTok3046";"each";"each";"out o' each eye";"eye";"eye";"";"1";"Dickens, Charles";"l3";"dickens-1837";"FICTION";"c";"c";"G";"eage";"Strong";"A-Stem";"M";"l3";"k_l3";"c_lmod"
"salt:/ppcmbe2/dickens-1837-1#sTok3276";"every";"every";"to go there every night , which 0 *T*-3 he did * for a long time , alvays comin' back reg'lar about a quarter of an hour afore 0 the gate shut";"night";"night";"";"1";"Dickens, Charles";"l3";"dickens-1837";"FICTION";"c";"a";"G";"niht";"Strong";"A-Stem";"N";"l3";"k_l3";"c_lmod"
"salt:/ppcmbe2/dickens-1837-1#sTok3663";"some";"some";"in some adjacent public house";"house";"house";"";"1";"Dickens, Charles";"l3";"dickens-1837";"FICTION";"c";"c";"G";"hus";"Strong";"A-Stem";"N";"l3";"k_l3";"c_lmod"
"salt:/ppcmbe2/dickens-1837-1#sTok4794";"all";"all";"he had been playing rackets all day";"day";"day";"";"1";"Dickens, Charles";"l3";"dickens-1837";"FICTION";"c";"a";"G";"dæg";"Strong";"A-Stem";"M";"l3";"k_l3";"c_lmod"
"salt:/ppcmbe2/dickens-1837-1#sTok12327";"some";"some";"*T*-3 was posted some man of hungry looks , who , 0 *T*-4 from time to time , rattled a money-box , and *T*-4 exclaimed , in a mournful voice , ' *pro* Pray , remember the poor debtors ; *pro* pray , remember the poor debtors";"man";"man";"";"1";"Dickens, Charles";"l3";"dickens-1837";"FICTION";"c";"c";"G";"mann";"Weak";"Consonant-Stem";"M/N";"l3";"k_l3";"c_lmod"
"salt:/ppcmbe2/disraeli-1827-2#sTok681";"few";"few";"of the last few days";"days";"day";"1";"";"Disraeli, Benjamin, 1st earl of Beaconsfield";"l3";"disraeli-1827";"FICTION";"c";"a";"G";"dæg";"Strong";"A-Stem";"M";"l3";"k_l3";"c_lmod"
"salt:/ppcmbe2/disraeli-1827-2#sTok917";"all";"all";"to all men";"men";"man";"1";"";"Disraeli, Benjamin, 1st earl of Beaconsfield";"l3";"disraeli-1827";"FICTION";"c";"c";"G";"mann";"Weak";"Consonant-Stem";"M/N";"l3";"k_l3";"c_lmod"
"salt:/ppcmbe2/disraeli-1827-2#sTok2677";"every";"every";"to carry a staff every day before the Grand Duke at dinner";"day";"day";"";"1";"Disraeli, Benjamin, 1st earl of Beaconsfield";"l3";"disraeli-1827";"FICTION";"c";"a";"G";"dæg";"Strong";"A-Stem";"M";"l3";"k_l3";"c_lmod"
"salt:/ppcmbe2/disraeli-1827-2#sTok2899";"all";"all";"and all the men are to be put in new livery .";"men";"man";"1";"";"Disraeli, Benjamin, 1st earl of Beaconsfield";"l3";"disraeli-1827";"FICTION";"c";"c";"G";"mann";"Weak";"Consonant-Stem";"M/N";"l3";"k_l3";"c_lmod"
"salt:/ppcmbe2/disraeli-1827-2#sTok4668";"no";"no";"with no pleased eyes";"eyes";"eye";"1";"";"Disraeli, Benjamin, 1st earl of Beaconsfield";"l3";"disraeli-1827";"FICTION";"c";"c";"G";"eage";"Strong";"A-Stem";"M";"l3";"k_l3";"c_lmod"
"salt:/ppcmbe2/disraeli-1827-2#sTok7455";"all";"all";"in all countries";"countries";"country";"1";"";"Disraeli, Benjamin, 1st earl of Beaconsfield";"l3";"disraeli-1827";"FICTION";"c";"c";"R";"";"";"";"";"l3";"k_l3";"c_lmod"
"salt:/ppcmbe2/disraeli-1827-2#sTok7694";"every";"every";"in every country";"country";"country";"";"1";"Disraeli, Benjamin, 1st earl of Beaconsfield";"l3";"disraeli-1827";"FICTION";"c";"c";"R";"";"";"";"";"l3";"k_l3";"c_lmod"
"salt:/ppcmbe2/disraeli-1827-2#sTok10271";"many";"many";"Among its contributors may assuredly be classed many men of eminent talents ;";"men";"man";"1";"";"Disraeli, Benjamin, 1st earl of Beaconsfield";"l3";"disraeli-1827";"FICTION";"c";"c";"G";"mann";"Weak";"Consonant-Stem";"M/N";"l3";"k_l3";"c_lmod"
"salt:/ppcmbe2/doddridge-1747-1#sTok174";"any";"any";"with any other Man living";"Man";"man";"";"1";"Doddridge, Philip";"l1";"doddridge-1747";"BIOGR OTHER";"c";"c";"G";"mann";"Weak";"Consonant-Stem";"M/N";"l1";"i_l1";"c_lmod"
"salt:/ppcmbe2/doddridge-1747-1#sTok486";"any";"any";"of any mortal Man";"Man";"man";"";"1";"Doddridge, Philip";"l1";"doddridge-1747";"BIOGR OTHER";"c";"c";"G";"mann";"Weak";"Consonant-Stem";"M/N";"l1";"i_l1";"c_lmod"
"salt:/ppcmbe2/doddridge-1747-1#sTok550";"every";"every";"of all Things in the World , every benevolent Heart will most desire *T*-2 to spread";"Heart";"heart";"";"1";"Doddridge, Philip";"l1";"doddridge-1747";"BIOGR OTHER";"c";"c";"G";"heorte";"Weak";"N-Stem";"F";"l1";"i_l1";"c_lmod"
"salt:/ppcmbe2/doddridge-1747-1#sTok1104";"many";"many";"The <font> Captain <$$font> , who 0 *T*-1 was Master of a handsome Estate , served many Years in <P_5> the Army of <font> King William <$$font> and <font> Queen Anne <$$font> ,";"Years";"year";"1";"";"Doddridge, Philip";"l1";"doddridge-1747";"BIOGR OTHER";"c";"a";"G";"gear";"Strong";"A-Stem";"N";"l1";"i_l1";"c_lmod"
"salt:/ppcmbe2/doddridge-1747-1#sTok2914";"all";"all";"and the Army pursuing its Advantages against the <font> French <$$font> , without ever regarding the Wounded , <paren> which 0 *T*-1 was , it seems , the Duke of <font> Marlborough <$$font> 's constant Method <$$paren> our young Officer lay all Night on the Field ; agitated , as 0 0 *T*-2 *exp* may well be supposed , with a great Variety of Thoughts .";"Night";"night";"";"1";"Doddridge, Philip";"l1";"doddridge-1747";"BIOGR OTHER";"c";"a";"G";"niht";"Strong";"A-Stem";"N";"l1";"i_l1";"c_lmod"
"salt:/ppcmbe2/doddridge-1747-1#sTok3668";"all";"all";"they were obliged *T*-2 to continue all Night";"Night";"night";"";"1";"Doddridge, Philip";"l1";"doddridge-1747";"BIOGR OTHER";"c";"a";"G";"niht";"Strong";"A-Stem";"N";"l1";"i_l1";"c_lmod"
"salt:/ppcmbe2/doddridge-1747-1#sTok4354";"all";"all";"all these Years were spent in an entire Alienation from God , and an eager Pursuit of Animal Pleasure , as his Supreme Good";"Years";"year";"1";"";"Doddridge, Philip";"l1";"doddridge-1747";"BIOGR OTHER";"c";"a";"G";"gear";"Strong";"A-Stem";"N";"l1";"i_l1";"c_lmod"
"salt:/ppcmbe2/doddridge-1747-1#sTok5119";"many";"many";"for many Years";"Years";"year";"1";"";"Doddridge, Philip";"l1";"doddridge-1747";"BIOGR OTHER";"c";"a";"G";"gear";"Strong";"A-Stem";"N";"l1";"i_l1";"c_lmod"
"salt:/ppcmbe2/doddridge-1747-1#sTok5243";"several";"several";"He continued <paren> if 0 I remember right <$$paren> several Years under the roof of the brave and generous <font> Earl of Stair <$$font> ; to whom 0 he endeavoured *T*-1 to approve himself by every Instance of diligent and faithful Service :";"Years";"year";"1";"";"Doddridge, Philip";"l1";"doddridge-1747";"BIOGR OTHER";"c";"a";"G";"gear";"Strong";"A-Stem";"N";"l1";"i_l1";"c_lmod"
"salt:/ppcmbe2/doddridge-1747-1#sTok7198";"many";"many";"the many Mercies and Deliverances 0 0 *T*-3 he had received , and the ill Returns 0 0 *T*-4 he had made for them";"Mercies";"mercy";"1";"";"Doddridge, Philip";"l1";"doddridge-1747";"BIOGR OTHER";"u";"a";"R";"";"";"";"";"l1";"i_l1";"c_lmod"
"salt:/ppcmbe2/doddridge-1747-1#sTok8372";"few";"few";"but a few Days before his Death";"Days";"day";"1";"";"Doddridge, Philip";"l1";"doddridge-1747";"BIOGR OTHER";"c";"a";"G";"dæg";"Strong";"A-Stem";"M";"l1";"i_l1";"c_lmod"
"salt:/ppcmbe2/doddridge-1747-1#sTok8916";"any";"any";"to any man living";"man";"man";"";"1";"Doddridge, Philip";"l1";"doddridge-1747";"BIOGR OTHER";"c";"c";"G";"mann";"Weak";"Consonant-Stem";"M/N";"l1";"i_l1";"c_lmod"
"salt:/ppcmbe2/doddridge-1747-1#sTok9230";"some";"some";"some amusing Book , or some other Way";"Book";"book";"";"1";"Doddridge, Philip";"l1";"doddridge-1747";"BIOGR OTHER";"c";"c";"G";"boc";"Weak";"Consonant-Stem";"F";"l1";"i_l1";"c_lmod"
"salt:/ppcmbe2/doddridge-1747-1#sTok11101";"many";"many";"many Years ago";"Years";"year";"1";"";"Doddridge, Philip";"l1";"doddridge-1747";"BIOGR OTHER";"c";"a";"G";"gear";"Strong";"A-Stem";"N";"l1";"i_l1";"c_lmod"
"salt:/ppcmbe2/doddridge-1747-1#sTok11867";"every";"every";"every day , and often in a day";"day";"day";"";"1";"Doddridge, Philip";"l1";"doddridge-1747";"BIOGR OTHER";"c";"a";"G";"dæg";"Strong";"A-Stem";"M";"l1";"i_l1";"c_lmod"
"salt:/ppcmbe2/doddridge-1747-1#sTok12119";"all";"all";"for all the future Years of his Life";"Years";"year";"1";"";"Doddridge, Philip";"l1";"doddridge-1747";"BIOGR OTHER";"c";"a";"G";"gear";"Strong";"A-Stem";"N";"l1";"i_l1";"c_lmod"
"salt:/ppcmbe2/doyle-1905-2#sTok364";"some";"some";"some years later , when 0 *T*-4 I found that Verner was a distant relation of Holmes's , and that it was my friend who 0 *T*-5 had really found the money";"years";"year";"1";"";"Donan, Sir Arthur Conan";"l4";"doyle-1905";"FICTION";"c";"a";"G";"gear";"Strong";"A-Stem";"N";"l4";"l_l4";"c_lmod"
"salt:/ppcmbe2/doyle-1905-2#sTok802";"few";"few";"The weather has been so very warm these last few days .";"days";"day";"1";"";"Donan, Sir Arthur Conan";"l4";"doyle-1905";"FICTION";"c";"a";"G";"dæg";"Strong";"A-Stem";"M";"l4";"l_l4";"c_lmod"
"salt:/ppcmbe2/doyle-1905-2#sTok1627";"many";"many";"for many years";"years";"year";"1";"";"Donan, Sir Arthur Conan";"l4";"doyle-1905";"FICTION";"c";"a";"G";"gear";"Strong";"A-Stem";"N";"l4";"l_l4";"c_lmod"
"salt:/ppcmbe2/doyle-1905-2#sTok1682";"some";"some";"For some years";"years";"year";"1";"";"Donan, Sir Arthur Conan";"l4";"doyle-1905";"FICTION";"c";"a";"G";"gear";"Strong";"A-Stem";"N";"l4";"l_l4";"c_lmod"
"salt:/ppcmbe2/doyle-1905-2#sTok2877";"many";"many";"many years ago";"years";"year";"1";"";"Donan, Sir Arthur Conan";"l4";"doyle-1905";"FICTION";"c";"a";"G";"gear";"Strong";"A-Stem";"N";"l4";"l_l4";"c_lmod"
"salt:/ppcmbe2/doyle-1905-2#sTok6773";"both";"both";"of both men";"men";"man";"1";"";"Donan, Sir Arthur Conan";"l4";"doyle-1905";"FICTION";"c";"c";"G";"mann";"Weak";"Consonant-Stem";"M/N";"l4";"l_l4";"c_lmod"
"salt:/ppcmbe2/doyle-1905-2#sTok7183";"any";"any";"Had he any enemies";"enemies";"enemy";"1";"";"Donan, Sir Arthur Conan";"l4";"doyle-1905";"FICTION";"c";"c";"R";"";"";"";"";"l4";"l_l4";"c_lmod"
"salt:/ppcmbe2/doyle-1905-2#sTok7189";"every";"every";"Well , every man had enemies ,";"man";"man";"";"1";"Donan, Sir Arthur Conan";"l4";"doyle-1905";"FICTION";"c";"c";"G";"mann";"Weak";"Consonant-Stem";"M/N";"l4";"l_l4";"c_lmod"
"salt:/ppcmbe2/doyle-1905-2#sTok10934";"some";"some";"at some distant day when 0 *T*-1 I permit my zealous historian to lay out his foolscap once more";"day";"day";"";"1";"Donan, Sir Arthur Conan";"l4";"doyle-1905";"FICTION";"c";"a";"G";"dæg";"Strong";"A-Stem";"M";"l4";"l_l4";"c_lmod"
"salt:/ppcmbe2/doyle-1905-2#sTok12334";"some";"some";"' Perhaps $I $'ll {TEXT:I'll} pay my debt some day . '";"day";"day";"";"1";"Donan, Sir Arthur Conan";"l4";"doyle-1905";"FICTION";"c";"a";"G";"dæg";"Strong";"A-Stem";"M";"l4";"l_l4";"c_lmod"
"salt:/ppcmbe2/drummond-1718-1#sTok12";"No";"no";"No Man can pretend to enter upon Business , before 0 he rightly understands a distinct Method of keeping his Accompts in such *ICH*-1 Order , as at any Time he can satisfy himself and every Person with whom 0 *T*-2 he trades , how 0 *T*-3 the State of Affairs stands betwixt them . Also , how 0 *T*-4 he has disposed of such Goods , Houses , Ships , or other Effects , which 0 *T*-5 he had either purchased , or *T*-5 were left to him : Whereby 0 *T*-6 he knows to whom 0 *T*-7 he is Debtor , or who 0 *T*-8 are Debtors to him .";"Man";"man";"";"1";"Drummond, John";"l1";"drummond-1718";"HANDB OTHER";"c";"c";"G";"mann";"Weak";"Consonant-Stem";"M/N";"l1";"i_l1";"c_lmod"
"salt:/ppcmbe2/drummond-1718-1#sTok346";"no";"no";"There is no Manner of Mystery in keeping clear Accompts , tho 0 every Man frames a Method to himself , according to the Nature of his Trade ;";"Manner";"manner";"";"1";"Drummond, John";"l1";"drummond-1718";"HANDB OTHER";"u";"a";"R";"";"";"";"";"l1";"i_l1";"c_lmod"
"salt:/ppcmbe2/drummond-1718-1#sTok357";"every";"every";"every Man frames a Method to himself , according to the Nature of his Trade";"Man";"man";"";"1";"Drummond, John";"l1";"drummond-1718";"HANDB OTHER";"c";"c";"G";"mann";"Weak";"Consonant-Stem";"M/N";"l1";"i_l1";"c_lmod"
"salt:/ppcmbe2/drummond-1718-1#sTok1122";"every";"every";"to every Man to whom 0 *T*-1 we owe";"Man";"man";"";"1";"Drummond, John";"l1";"drummond-1718";"HANDB OTHER";"c";"c";"G";"mann";"Weak";"Consonant-Stem";"M/N";"l1";"i_l1";"c_lmod"
"salt:/ppcmbe2/drummond-1718-1#sTok1407";"any";"any";"to any Man";"Man";"man";"";"1";"Drummond, John";"l1";"drummond-1718";"HANDB OTHER";"c";"c";"G";"mann";"Weak";"Consonant-Stem";"M/N";"l1";"i_l1";"c_lmod"
"salt:/ppcmbe2/drummond-1718-1#sTok1626";"no";"no";"no Man is concerned with you in any Branch of Trade";"Man";"man";"";"1";"Drummond, John";"l1";"drummond-1718";"HANDB OTHER";"c";"c";"G";"mann";"Weak";"Consonant-Stem";"M/N";"l1";"i_l1";"c_lmod"
"salt:/ppcmbe2/drummond-1718-1#sTok1784";"any";"any";"from any Man";"Man";"man";"";"1";"Drummond, John";"l1";"drummond-1718";"HANDB OTHER";"c";"c";"G";"mann";"Weak";"Consonant-Stem";"M/N";"l1";"i_l1";"c_lmod"
"salt:/ppcmbe2/drummond-1718-1#sTok3247";"every";"every";"the full of the Rent-Roll is paid in , every Year , tho' at different Terms";"Year";"year";"";"1";"Drummond, John";"l1";"drummond-1718";"HANDB OTHER";"c";"a";"G";"gear";"Strong";"A-Stem";"N";"l1";"i_l1";"c_lmod"
"salt:/ppcmbe2/drummond-1718-1#sTok7797";"all";"all";"by all Countries on this side the Line";"Countries";"country";"1";"";"Drummond, John";"l1";"drummond-1718";"HANDB OTHER";"c";"c";"R";"";"";"";"";"l1";"i_l1";"c_lmod"
"salt:/ppcmbe2/drummond-1718-1#sTok9061";"no";"no";"no Blood remain on the Fish";"Blood";"blood";"";"1";"Drummond, John";"l1";"drummond-1718";"HANDB OTHER";"u";"s";"G";"blod";"Strong";"A-Stem";"N";"l1";"i_l1";"c_lmod"
"salt:/ppcmbe2/drummond-1718-1#sTok9252";"Every";"every";"Every Night lay them in Pairs Belly to Belly ;";"Night";"night";"";"1";"Drummond, John";"l1";"drummond-1718";"HANDB OTHER";"c";"a";"G";"niht";"Strong";"A-Stem";"N";"l1";"i_l1";"c_lmod"
"salt:/ppcmbe2/drummond-1718-1#sTok9294";"every";"every";"When thus half dry , every Night make them up in <font> Horses ,";"Night";"night";"";"1";"Drummond, John";"l1";"drummond-1718";"HANDB OTHER";"c";"a";"G";"niht";"Strong";"A-Stem";"N";"l1";"i_l1";"c_lmod"
"salt:/ppcmbe2/drummond-1718-1#sTok9918";"all";"all";"and $as $soon {TEXT:assoon} as 0 0 *T*-1 all the Nets are in , set all Hands to work .";"Hands";"hand";"1";"";"Drummond, John";"l1";"drummond-1718";"HANDB OTHER";"c";"c";"G";"hand";"Strong";"U-Stem";"F";"l1";"i_l1";"c_lmod"
"salt:/ppcmbe2/drummond-1718-1#sTok10101";"every";"every";"covering every Fish well with Salt";"Fish";"fish";"";"1";"Drummond, John";"l1";"drummond-1718";"HANDB OTHER";"u";"c";"G";"fisc";"Strong";"A-Stem";"M";"l1";"i_l1";"c_lmod"
"salt:/ppcmbe2/drummond-1718-1#sTok10782";"any";"any";"of any Fish except these which 0 the Law hath encouraged the Cure of *T*-1 , by granting a Debenture exceeding the Duties on Salt";"Fish";"fish";"";"1";"Drummond, John";"l1";"drummond-1718";"HANDB OTHER";"u";"c";"G";"fisc";"Strong";"A-Stem";"M";"l1";"i_l1";"c_lmod"
"salt:/ppcmbe2/drummond-1718-1#sTok11114";"any";"any";"in short any other oyly Fish";"Fish";"fish";"";"1";"Drummond, John";"l1";"drummond-1718";"HANDB OTHER";"u";"c";"G";"fisc";"Strong";"A-Stem";"M";"l1";"i_l1";"c_lmod"
"salt:/ppcmbe2/ellis-1851-2#sTok1007";"all";"all";"on all hands";"hands";"hand";"1";"";"Ellis, William";"l3";"ellis-1851";"EDUC TREAT";"c";"c";"G";"hand";"Strong";"U-Stem";"F";"l3";"k_l3";"c_lmod"
"salt:/ppcmbe2/ellis-1851-2#sTok3412";"every";"every";"every man of us all greatly depends for his own well-being or happiness upon the conduct of his fellow-men , as 0 0 *T*-2 they do * , in their turn , upon his";"man";"man";"";"1";"Ellis, William";"l3";"ellis-1851";"EDUC TREAT";"c";"c";"G";"mann";"Weak";"Consonant-Stem";"M/N";"l3";"k_l3";"c_lmod"
"salt:/ppcmbe2/ellis-1851-2#sTok4074";"all";"all";"*T*-1 all men ought to possess";"men";"man";"1";"";"Ellis, William";"l3";"ellis-1851";"EDUC TREAT";"c";"c";"G";"mann";"Weak";"Consonant-Stem";"M/N";"l3";"k_l3";"c_lmod"
"salt:/ppcmbe2/ellis-1851-2#sTok9075";"no";"no";"There can be no social evil more fruitful of painful consequences than a prevalence of low wages ; meaning by low wages , wages insufficient to enable the labourer to maintain himself in sickness and old age , as well as in health and youth .";"evil";"evil";"";"1";"Ellis, William";"l3";"ellis-1851";"EDUC TREAT";"u";"a";"G";"yfel";"Strong";"A-Stem";"N";"l3";"k_l3";"c_lmod"
"salt:/ppcmbe2/erv-new-1881-1#sTok180";"every";"every";"*T*-2 lighteth every man";"man";"man";"";"1";"Ellicott, Charles John et al.";"l4";"erv-new-1881";"BIBLE";"c";"c";"G";"mann";"Weak";"Consonant-Stem";"M/N";"l4";"l_l4";"c_lmod"
"salt:/ppcmbe2/erv-new-1881-1#sTok412";"No";"no";"No man hath seen God at any time ;";"man";"man";"";"1";"Ellicott, Charles John et al.";"l4";"erv-new-1881";"BIBLE";"c";"c";"G";"mann";"Weak";"Consonant-Stem";"M/N";"l4";"l_l4";"c_lmod"
"salt:/ppcmbe2/erv-new-1881-1#sTok1678";"Every";"every";"Every man setteth on first the good wine";"man";"man";"";"1";"Ellicott, Charles John et al.";"l4";"erv-new-1881";"BIBLE";"c";"c";"G";"mann";"Weak";"Consonant-Stem";"M/N";"l4";"l_l4";"c_lmod"
"salt:/ppcmbe2/erv-new-1881-1#sTok1778";"many";"many";"and there they abode not many days .";"days";"day";"1";"";"Ellicott, Charles John et al.";"l4";"erv-new-1881";"BIBLE";"c";"a";"G";"dæg";"Strong";"A-Stem";"M";"l4";"l_l4";"c_lmod"
"salt:/ppcmbe2/erv-new-1881-1#sTok2087";"all";"all";"he knew all men";"men";"man";"1";"";"Ellicott, Charles John et al.";"l4";"erv-new-1881";"BIBLE";"c";"c";"G";"mann";"Weak";"Consonant-Stem";"M/N";"l4";"l_l4";"c_lmod"
"salt:/ppcmbe2/erv-new-1881-1#sTok2168";"no";"no";"for no man can do these signs 0 that *T*-1 thou doest , except 0 God be with him .";"man";"man";"";"1";"Ellicott, Charles John et al.";"l4";"erv-new-1881";"BIBLE";"c";"c";"G";"mann";"Weak";"Consonant-Stem";"M/N";"l4";"l_l4";"c_lmod"
"salt:/ppcmbe2/erv-new-1881-1#sTok2499";"no";"no";"And no man hath ascended into heaven , but he 0 that *T*-1 descended out of heaven , <font> even <$$font> the Son of man , which 0 *T*-2 is in heaven .";"man";"man";"";"1";"Ellicott, Charles John et al.";"l4";"erv-new-1881";"BIBLE";"c";"c";"G";"mann";"Weak";"Consonant-Stem";"M/N";"l4";"l_l4";"c_lmod"
"salt:/ppcmbe2/erv-new-1881-1#sTok2809";"much";"much";"there was much water there";"water";"water";"";"1";"Ellicott, Charles John et al.";"l4";"erv-new-1881";"BIBLE";"u";"s";"G";"wæter";"Strong";"A-Stem";"N";"l4";"l_l4";"c_lmod"
"salt:/ppcmbe2/erv-new-1881-1#sTok2896";"all";"all";"and all men come to him .";"men";"man";"1";"";"Ellicott, Charles John et al.";"l4";"erv-new-1881";"BIBLE";"c";"c";"G";"mann";"Weak";"Consonant-Stem";"M/N";"l4";"l_l4";"c_lmod"
"salt:/ppcmbe2/erv-new-1881-1#sTok3072";"no";"no";"and no man receiveth his witness .";"man";"man";"";"1";"Ellicott, Charles John et al.";"l4";"erv-new-1881";"BIBLE";"c";"c";"G";"mann";"Weak";"Consonant-Stem";"M/N";"l4";"l_l4";"c_lmod"
"salt:/ppcmbe2/erv-new-1881-1#sTok3927";"no";"no";"yet no man said , What *T*-1 seekest thou ? or , Why *T*-2 speakest thou with her ?";"man";"man";"";"1";"Ellicott, Charles John et al.";"l4";"erv-new-1881";"BIBLE";"c";"c";"G";"mann";"Weak";"Consonant-Stem";"M/N";"l4";"l_l4";"c_lmod"
"salt:/ppcmbe2/erv-new-1881-1#sTok4062";"any";"any";"Hath any man brought him <font> aught <$$font> 0 *T*-1 to eat";"man";"man";"";"1";"Ellicott, Charles John et al.";"l4";"erv-new-1881";"BIBLE";"c";"c";"G";"mann";"Weak";"Consonant-Stem";"M/N";"l4";"l_l4";"c_lmod"
"salt:/ppcmbe2/erv-new-1881-1#sTok4826";"no";"no";"Sir , I have no man *ICH*-1 , when 0 the water is troubled , 0 *T*-1 to put me into the pool";"man";"man";"";"1";"Ellicott, Charles John et al.";"l4";"erv-new-1881";"BIBLE";"c";"c";"G";"mann";"Weak";"Consonant-Stem";"M/N";"l4";"l_l4";"c_lmod"
"salt:/ppcmbe2/erv-new-1881-1#sTok5302";"any";"any";"For neither doth the Father judge any man ,";"man";"man";"";"1";"Ellicott, Charles John et al.";"l4";"erv-new-1881";"BIBLE";"c";"c";"G";"mann";"Weak";"Consonant-Stem";"M/N";"l4";"l_l4";"c_lmod"
"salt:/ppcmbe2/erv-new-1881-1#sTok7326";"No";"no";"No man can come to me , except 0 the Father which 0 *T*-1 sent me draw him :";"man";"man";"";"1";"Ellicott, Charles John et al.";"l4";"erv-new-1881";"BIBLE";"c";"c";"G";"mann";"Weak";"Consonant-Stem";"M/N";"l4";"l_l4";"c_lmod"
"salt:/ppcmbe2/erv-new-1881-1#sTok7397";"any";"any";"any man *ICH*-2 hath seen the Father , save he which 0 *T*-3 is from God";"man";"man";"";"1";"Ellicott, Charles John et al.";"l4";"erv-new-1881";"BIBLE";"c";"c";"G";"mann";"Weak";"Consonant-Stem";"M/N";"l4";"l_l4";"c_lmod"
"salt:/ppcmbe2/erv-new-1881-1#sTok7507";"any";"any";"any man eat of this bread";"man";"man";"";"1";"Ellicott, Charles John et al.";"l4";"erv-new-1881";"BIBLE";"c";"c";"G";"mann";"Weak";"Consonant-Stem";"M/N";"l4";"l_l4";"c_lmod"
"salt:/ppcmbe2/erv-new-1881-1#sTok7941";"no";"no";"no man can come unto me , except 0 it be given unto him of the Father";"man";"man";"";"1";"Ellicott, Charles John et al.";"l4";"erv-new-1881";"BIBLE";"c";"c";"G";"mann";"Weak";"Consonant-Stem";"M/N";"l4";"l_l4";"c_lmod"
"salt:/ppcmbe2/erv-new-1881-1#sTok8169";"no";"no";"For no man doeth anything in secret ,";"man";"man";"";"1";"Ellicott, Charles John et al.";"l4";"erv-new-1881";"BIBLE";"c";"c";"G";"mann";"Weak";"Consonant-Stem";"M/N";"l4";"l_l4";"c_lmod"
"salt:/ppcmbe2/erv-new-1881-1#sTok8395";"no";"no";"Howbeit no man spake openly of him for fear of the Jews .";"man";"man";"";"1";"Ellicott, Charles John et al.";"l4";"erv-new-1881";"BIBLE";"c";"c";"G";"mann";"Weak";"Consonant-Stem";"M/N";"l4";"l_l4";"c_lmod"
"salt:/ppcmbe2/erv-new-1881-1#sTok8479";"any";"any";"any man willeth to do his will";"man";"man";"";"1";"Ellicott, Charles John et al.";"l4";"erv-new-1881";"BIBLE";"c";"c";"G";"mann";"Weak";"Consonant-Stem";"M/N";"l4";"l_l4";"c_lmod"
"salt:/ppcmbe2/erv-new-1881-1#sTok8875";"no";"no";"and no man laid his hand on him , because 0 his hour was not yet come .";"man";"man";"";"1";"Ellicott, Charles John et al.";"l4";"erv-new-1881";"BIBLE";"c";"c";"G";"mann";"Weak";"Consonant-Stem";"M/N";"l4";"l_l4";"c_lmod"
"salt:/ppcmbe2/erv-new-1881-1#sTok9111";"any";"any";"any man thirst";"man";"man";"";"1";"Ellicott, Charles John et al.";"l4";"erv-new-1881";"BIBLE";"c";"c";"G";"mann";"Weak";"Consonant-Stem";"M/N";"l4";"l_l4";"c_lmod"
"salt:/ppcmbe2/erv-new-1881-1#sTok9300";"no";"no";"but no man laid hands on him .";"man";"man";"";"1";"Ellicott, Charles John et al.";"l4";"erv-new-1881";"BIBLE";"c";"c";"G";"mann";"Weak";"Consonant-Stem";"M/N";"l4";"l_l4";"c_lmod"
"salt:/ppcmbe2/erv-new-1881-1#sTok9468";"every";"every";"<bracket> And they went every man unto his own house :";"man";"man";"";"1";"Ellicott, Charles John et al.";"l4";"erv-new-1881";"BIBLE";"c";"c";"G";"mann";"Weak";"Consonant-Stem";"M/N";"l4";"l_l4";"c_lmod"
"salt:/ppcmbe2/erv-new-1881-1#sTok9753";"no";"no";"did no man condemn thee";"man";"man";"";"1";"Ellicott, Charles John et al.";"l4";"erv-new-1881";"BIBLE";"c";"c";"G";"mann";"Weak";"Consonant-Stem";"M/N";"l4";"l_l4";"c_lmod"
"salt:/ppcmbe2/erv-new-1881-1#sTok9763";"No";"no";"No man , Lord";"man";"man";"";"1";"Ellicott, Charles John et al.";"l4";"erv-new-1881";"BIBLE";"c";"c";"G";"mann";"Weak";"Consonant-Stem";"M/N";"l4";"l_l4";"c_lmod"
"salt:/ppcmbe2/erv-new-1881-1#sTok9924";"no";"no";"I judge no man .";"man";"man";"";"1";"Ellicott, Charles John et al.";"l4";"erv-new-1881";"BIBLE";"c";"c";"G";"mann";"Weak";"Consonant-Stem";"M/N";"l4";"l_l4";"c_lmod"
"salt:/ppcmbe2/erv-new-1881-1#sTok10063";"no";"no";"and no man took him ; because 0 his hour was not yet come .";"man";"man";"";"1";"Ellicott, Charles John et al.";"l4";"erv-new-1881";"BIBLE";"c";"c";"G";"mann";"Weak";"Consonant-Stem";"M/N";"l4";"l_l4";"c_lmod"
"salt:/ppcmbe2/erv-new-1881-1#sTok10475";"any";"any";"to any man";"man";"man";"";"1";"Ellicott, Charles John et al.";"l4";"erv-new-1881";"BIBLE";"c";"c";"G";"mann";"Weak";"Consonant-Stem";"M/N";"l4";"l_l4";"c_lmod"
"salt:/ppcmbe2/erv-new-1881-1#sTok11401";"no";"no";"*T*-1 no man can work";"man";"man";"";"1";"Ellicott, Charles John et al.";"l4";"erv-new-1881";"BIBLE";"c";"c";"G";"mann";"Weak";"Consonant-Stem";"M/N";"l4";"l_l4";"c_lmod"
"salt:/ppcmbe2/erv-new-1881-1#sTok11980";"any";"any";"any man should confess him <font> to be <$$font> Christ";"man";"man";"";"1";"Ellicott, Charles John et al.";"l4";"erv-new-1881";"BIBLE";"c";"c";"G";"mann";"Weak";"Consonant-Stem";"M/N";"l4";"l_l4";"c_lmod"
"salt:/ppcmbe2/erv-new-1881-1#sTok12245";"any";"any";"any man be a worshipper of God";"man";"man";"";"1";"Ellicott, Charles John et al.";"l4";"erv-new-1881";"BIBLE";"c";"c";"G";"mann";"Weak";"Consonant-Stem";"M/N";"l4";"l_l4";"c_lmod"
"salt:/ppcmbe2/erv-new-1881-1#sTok12498";"no";"no";"If 0 ye were blind , ye would have no sin";"sin";"sin";"";"1";"Ellicott, Charles John et al.";"l4";"erv-new-1881";"BIBLE";"c";"a";"G";"syn";"Strong";"O-Stem";"F";"l4";"l_l4";"c_lmod"
"salt:/ppcmbe2/erv-new-1881-1#sTok12753";"any";"any";"any man enter in";"man";"man";"";"1";"Ellicott, Charles John et al.";"l4";"erv-new-1881";"BIBLE";"c";"c";"G";"mann";"Weak";"Consonant-Stem";"M/N";"l4";"l_l4";"c_lmod"
"salt:/ppcmbe2/erv-new-1881-1#sTok13362";"Many";"many";"Many good works have I shewed you from the Father";"works";"work";"1";"";"Ellicott, Charles John et al.";"l4";"erv-new-1881";"BIBLE";"u";"a";"G";"weorc";"Strong";"A-Stem";"N";"l4";"l_l4";"c_lmod"
"salt:/ppcmbe2/erv-new-1881-1#sTok14921";"all";"all";"If 0 we let him thus alone , all men will believe on him :";"men";"man";"1";"";"Ellicott, Charles John et al.";"l4";"erv-new-1881";"BIBLE";"c";"c";"G";"mann";"Weak";"Consonant-Stem";"M/N";"l4";"l_l4";"c_lmod"
"salt:/ppcmbe2/erv-new-1881-1#sTok15193";"any";"any";"any man knew where 0 *T*-1 he was";"man";"man";"";"1";"Ellicott, Charles John et al.";"l4";"erv-new-1881";"BIBLE";"c";"c";"G";"mann";"Weak";"Consonant-Stem";"M/N";"l4";"l_l4";"c_lmod"
"salt:/ppcmbe2/erv-new-1881-2#sTok669";"much";"much";"but if 0 it die , it beareth much fruit .";"fruit";"fruit";"";"1";"Ellicott, Charles John et al.";"l4";"erv-new-1881";"BIBLE";"c";"s";"R";"";"";"";"";"l4";"l_l4";"c_lmod"
"salt:/ppcmbe2/erv-new-1881-2#sTok705";"any";"any";"any man serve me";"man";"man";"";"1";"Ellicott, Charles John et al.";"l4";"erv-new-1881";"BIBLE";"c";"c";"G";"mann";"Weak";"Consonant-Stem";"M/N";"l4";"l_l4";"c_lmod"
"salt:/ppcmbe2/erv-new-1881-2#sTok734";"any";"any";"any man serve me";"man";"man";"";"1";"Ellicott, Charles John et al.";"l4";"erv-new-1881";"BIBLE";"c";"c";"G";"mann";"Weak";"Consonant-Stem";"M/N";"l4";"l_l4";"c_lmod"
"salt:/ppcmbe2/erv-new-1881-2#sTok907";"all";"all";"And I , if 0 I be lifted up from the earth , will draw all men unto myself .";"men";"man";"1";"";"Ellicott, Charles John et al.";"l4";"erv-new-1881";"BIBLE";"c";"c";"G";"mann";"Weak";"Consonant-Stem";"M/N";"l4";"l_l4";"c_lmod"
"salt:/ppcmbe2/erv-new-1881-2#sTok1331";"any";"any";"any man hear my sayings";"man";"man";"";"1";"Ellicott, Charles John et al.";"l4";"erv-new-1881";"BIBLE";"c";"c";"G";"mann";"Weak";"Consonant-Stem";"M/N";"l4";"l_l4";"c_lmod"
"salt:/ppcmbe2/erv-new-1881-2#sTok2309";"no";"no";"Now no man at the table knew for what intent 0 *T*-1 he spake this unto him .";"man";"man";"";"1";"Ellicott, Charles John et al.";"l4";"erv-new-1881";"BIBLE";"c";"c";"G";"mann";"Weak";"Consonant-Stem";"M/N";"l4";"l_l4";"c_lmod"
"salt:/ppcmbe2/erv-new-1881-2#sTok2520";"all";"all";"By this shall all men know that ye are my disciples , if 0 ye have love one to another .";"men";"man";"1";"";"Ellicott, Charles John et al.";"l4";"erv-new-1881";"BIBLE";"c";"c";"G";"mann";"Weak";"Consonant-Stem";"M/N";"l4";"l_l4";"c_lmod"
"salt:/ppcmbe2/erv-new-1881-2#sTok3801";"much";"much";"He 0 that *T*-1 abideth in me , and I in him , the same beareth much fruit :";"fruit";"fruit";"";"1";"Ellicott, Charles John et al.";"l4";"erv-new-1881";"BIBLE";"c";"s";"R";"";"";"";"";"l4";"l_l4";"c_lmod"
"salt:/ppcmbe2/erv-new-1881-2#sTok3899";"much";"much";"ye bear much fruit";"fruit";"fruit";"";"1";"Ellicott, Charles John et al.";"l4";"erv-new-1881";"BIBLE";"c";"s";"R";"";"";"";"";"l4";"l_l4";"c_lmod"
"salt:/ppcmbe2/erv-new-1881-2#sTok4025";"no";"no";"Greater love *ICH*-1 hath no man than this , that a man lay down his life for his friends .";"man";"man";"";"1";"Ellicott, Charles John et al.";"l4";"erv-new-1881";"BIBLE";"c";"c";"G";"mann";"Weak";"Consonant-Stem";"M/N";"l4";"l_l4";"c_lmod"
"salt:/ppcmbe2/erv-new-1881-2#sTok5454";"any";"any";"any man should ask thee";"man";"man";"";"1";"Ellicott, Charles John et al.";"l4";"erv-new-1881";"BIBLE";"c";"c";"G";"mann";"Weak";"Consonant-Stem";"M/N";"l4";"l_l4";"c_lmod"
"salt:/ppcmbe2/erv-new-1881-2#sTok5503";"every";"every";"every man to his own";"man";"man";"";"1";"Ellicott, Charles John et al.";"l4";"erv-new-1881";"BIBLE";"c";"c";"G";"mann";"Weak";"Consonant-Stem";"M/N";"l4";"l_l4";"c_lmod"
"salt:/ppcmbe2/erv-new-1881-2#sTok5620";"all";"all";"over all flesh";"flesh";"flesh";"";"1";"Ellicott, Charles John et al.";"l4";"erv-new-1881";"BIBLE";"u";"s";"G";"flæsc";"Strong";"I-Stem";"N";"l4";"l_l4";"c_lmod"
"salt:/ppcmbe2/erv-new-1881-2#sTok7412";"any";"any";"for us to put any man to death";"man";"man";"";"1";"Ellicott, Charles John et al.";"l4";"erv-new-1881";"BIBLE";"c";"c";"G";"mann";"Weak";"Consonant-Stem";"M/N";"l4";"l_l4";"c_lmod"
"salt:/ppcmbe2/erv-new-1881-2#sTok8231";"no";"no";"We have no king but Caesar";"king";"king";"";"1";"Ellicott, Charles John et al.";"l4";"erv-new-1881";"BIBLE";"c";"c";"G";"cyning";"Strong";"A-Stem";"M";"l4";"l_l4";"c_lmod"
"salt:/ppcmbe2/erv-new-1881-2#sTok11860";"no";"no";"no man dwell therein";"man";"man";"";"1";"Ellicott, Charles John et al.";"l4";"erv-new-1881";"BIBLE";"c";"c";"G";"mann";"Weak";"Consonant-Stem";"M/N";"l4";"l_l4";"c_lmod"
"salt:/ppcmbe2/erv-new-1881-2#sTok11985";"all";"all";"of all men";"men";"man";"1";"";"Ellicott, Charles John et al.";"l4";"erv-new-1881";"BIBLE";"c";"c";"G";"mann";"Weak";"Consonant-Stem";"M/N";"l4";"l_l4";"c_lmod"
"salt:/ppcmbe2/erv-new-1881-2#sTok12097";"all";"all";"and it filled all the house where 0 *T*-1 they were sitting .";"house";"house";"";"1";"Ellicott, Charles John et al.";"l4";"erv-new-1881";"BIBLE";"c";"c";"G";"hus";"Strong";"A-Stem";"N";"l4";"l_l4";"c_lmod"
"salt:/ppcmbe2/erv-new-1881-2#sTok12201";"every";"every";"every man heard them speaking in his own language";"man";"man";"";"1";"Ellicott, Charles John et al.";"l4";"erv-new-1881";"BIBLE";"c";"c";"G";"mann";"Weak";"Consonant-Stem";"M/N";"l4";"l_l4";"c_lmod"
"salt:/ppcmbe2/erv-new-1881-2#sTok12243";"every";"every";"*T*-1 hear we , every man in our own language , wherein 0 *T*-2 we were born";"man";"man";"";"1";"Ellicott, Charles John et al.";"l4";"erv-new-1881";"BIBLE";"c";"c";"G";"mann";"Weak";"Consonant-Stem";"M/N";"l4";"l_l4";"c_lmod"
"salt:/ppcmbe2/erv-new-1881-2#sTok12481";"all";"all";"upon all flesh";"flesh";"flesh";"";"1";"Ellicott, Charles John et al.";"l4";"erv-new-1881";"BIBLE";"u";"s";"G";"flæsc";"Strong";"I-Stem";"N";"l4";"l_l4";"c_lmod"
"salt:/ppcmbe2/erv-new-1881-2#sTok13026";"all";"all";"all the house of Israel therefore know assuredly , that God hath made him *ICH*-1 both Lord and Christ , this Jesus whom 0 *T*-2 ye crucified";"house";"house";"";"1";"Ellicott, Charles John et al.";"l4";"erv-new-1881";"BIBLE";"c";"c";"G";"hus";"Strong";"A-Stem";"N";"l4";"l_l4";"c_lmod"
"salt:/ppcmbe2/erv-new-1881-2#sTok13259";"every";"every";"upon every soul";"soul";"soul";"";"1";"Ellicott, Charles John et al.";"l4";"erv-new-1881";"BIBLE";"c";"a";"G";"sawel";"Strong";"O-Stem";"F";"l4";"l_l4";"c_lmod"
"salt:/ppcmbe2/erv-new-1881-2#sTok13314";"any";"any";"*T*-1 any man had need";"man";"man";"";"1";"Ellicott, Charles John et al.";"l4";"erv-new-1881";"BIBLE";"c";"c";"G";"mann";"Weak";"Consonant-Stem";"M/N";"l4";"l_l4";"c_lmod"
"salt:/ppcmbe2/erv-new-1881-2#sTok14101";"every";"every";"every soul , which 0 *T*-2 shall not hearken to that prophet , shall be utterly destroyed from among the people";"soul";"soul";"";"1";"Ellicott, Charles John et al.";"l4";"erv-new-1881";"BIBLE";"c";"a";"G";"sawel";"Strong";"O-Stem";"F";"l4";"l_l4";"c_lmod"
"salt:/ppcmbe2/erv-new-1881-2#sTok14563";"any";"any";"for neither is there any other name *ICH*-2 *ICH*-3 under heaven , 0 that *T*-2 is given among men , wherein 0 *T*-4 we must be saved .";"name";"name";"";"1";"Ellicott, Charles John et al.";"l4";"erv-new-1881";"BIBLE";"c";"a";"G";"nama";"Weak";"N-Stem";"M";"l4";"l_l4";"c_lmod"
"salt:/ppcmbe2/erv-new-1881-2#sTok14737";"no";"no";"to no man";"man";"man";"";"1";"Ellicott, Charles John et al.";"l4";"erv-new-1881";"BIBLE";"c";"c";"G";"mann";"Weak";"Consonant-Stem";"M/N";"l4";"l_l4";"c_lmod"
"salt:/ppcmbe2/erv-new-1881-2#sTok14855";"all";"all";"for all men glorified God for that which 0 *T*-1 was done .";"men";"man";"1";"";"Ellicott, Charles John et al.";"l4";"erv-new-1881";"BIBLE";"c";"c";"G";"mann";"Weak";"Consonant-Stem";"M/N";"l4";"l_l4";"c_lmod"
"salt:/ppcmbe2/erv-new-1881-2#sTok15816";"no";"no";"But of the rest durst no man *ICH*-1 join himself to them :";"man";"man";"";"1";"Ellicott, Charles John et al.";"l4";"erv-new-1881";"BIBLE";"c";"c";"G";"mann";"Weak";"Consonant-Stem";"M/N";"l4";"l_l4";"c_lmod"
"salt:/ppcmbe2/erv-new-1881-2#sTok16157";"no";"no";"but when 0 we had opened , we found no man within .";"man";"man";"";"1";"Ellicott, Charles John et al.";"l4";"erv-new-1881";"BIBLE";"c";"c";"G";"mann";"Weak";"Consonant-Stem";"M/N";"l4";"l_l4";"c_lmod"
"salt:/ppcmbe2/erv-new-1881-2#sTok16779";"every";"every";"And every day , in the temple and at home , they ceased not to teach and to preach Jesus <font> as <$$font> the Christ .";"day";"day";"";"1";"Ellicott, Charles John et al.";"l4";"erv-new-1881";"BIBLE";"c";"a";"G";"dæg";"Strong";"A-Stem";"M";"l4";"l_l4";"c_lmod"
"salt:/ppcmbe2/erv-new-1881-2#sTok17638";"all";"all";"and all his house";"house";"house";"";"1";"Ellicott, Charles John et al.";"l4";"erv-new-1881";"BIBLE";"c";"c";"G";"hus";"Strong";"A-Stem";"N";"l4";"l_l4";"c_lmod"
"salt:/ppcmbe2/erv-new-1881-2#sTok17925";"all";"all";"in all the wisdom of the Egyptians";"wisdom";"wisdom";"";"1";"Ellicott, Charles John et al.";"l4";"erv-new-1881";"BIBLE";"u";"a";"G";"wisdom";"Strong";"A-Stem";"M";"l4";"l_l4";"c_lmod"
"salt:/ppcmbe2/erv-new-1881-2#sTok19249";"every";"every";"into every house";"house";"house";"";"1";"Ellicott, Charles John et al.";"l4";"erv-new-1881";"BIBLE";"c";"c";"G";"hus";"Strong";"A-Stem";"N";"l4";"l_l4";"c_lmod"
"salt:/ppcmbe2/erv-new-1881-2#sTok20505";"no";"no";"beholding no man";"man";"man";"";"1";"Ellicott, Charles John et al.";"l4";"erv-new-1881";"BIBLE";"c";"c";"G";"mann";"Weak";"Consonant-Stem";"M/N";"l4";"l_l4";"c_lmod"
"salt:/ppcmbe2/erv-new-1881-2#sTok21030";"many";"many";"many days were fulfilled";"days";"day";"1";"";"Ellicott, Charles John et al.";"l4";"erv-new-1881";"BIBLE";"c";"a";"G";"dæg";"Strong";"A-Stem";"M";"l4";"l_l4";"c_lmod"
"salt:/ppcmbe2/erv-new-1881-2#sTok21678";"many";"many";"he abode many days in Joppa with one Simon a tanner";"days";"day";"1";"";"Ellicott, Charles John et al.";"l4";"erv-new-1881";"BIBLE";"c";"a";"G";"dæg";"Strong";"A-Stem";"M";"l4";"l_l4";"c_lmod"
"salt:/ppcmbe2/erv-new-1881-2#sTok21730";"all";"all";"with all his house";"house";"house";"";"1";"Ellicott, Charles John et al.";"l4";"erv-new-1881";"BIBLE";"c";"c";"G";"hus";"Strong";"A-Stem";"N";"l4";"l_l4";"c_lmod"
"salt:/ppcmbe2/erv-new-1881-2#sTok22023";"all";"all";"all manner of fourfooted beasts and creeping things of the earth and fowls of the heaven";"manner";"manner";"";"1";"Ellicott, Charles John et al.";"l4";"erv-new-1881";"BIBLE";"u";"a";"R";"";"";"";"";"l4";"l_l4";"c_lmod"
"salt:/ppcmbe2/erv-new-1881-2#sTok22539";"any";"any";"any man common or unclean";"man";"man";"";"1";"Ellicott, Charles John et al.";"l4";"erv-new-1881";"BIBLE";"c";"c";"G";"mann";"Weak";"Consonant-Stem";"M/N";"l4";"l_l4";"c_lmod"
"salt:/ppcmbe2/erv-new-1881-2#sTok23129";"any";"any";"Can any man forbid the water , that these *ICH*-1 should not be baptized , which 0 *T*-1 have received the Holy Ghost as well as we";"man";"man";"";"1";"Ellicott, Charles John et al.";"l4";"erv-new-1881";"BIBLE";"c";"c";"G";"mann";"Weak";"Consonant-Stem";"M/N";"l4";"l_l4";"c_lmod"
"salt:/ppcmbe2/erv-new-1881-2#sTok23554";"all";"all";"and all thy house";"house";"house";"";"1";"Ellicott, Charles John et al.";"l4";"erv-new-1881";"BIBLE";"c";"c";"G";"hus";"Strong";"A-Stem";"N";"l4";"l_l4";"c_lmod"
"salt:/ppcmbe2/erv-new-1881-2#sTok24025";"every";"every";"every man according to his ability";"man";"man";"";"1";"Ellicott, Charles John et al.";"l4";"erv-new-1881";"BIBLE";"c";"c";"G";"mann";"Weak";"Consonant-Stem";"M/N";"l4";"l_l4";"c_lmod"
"salt:/ppcmbe2/erv-new-1881-2#sTok25951";"many";"many";"for many days";"days";"day";"1";"";"Ellicott, Charles John et al.";"l4";"erv-new-1881";"BIBLE";"c";"a";"G";"dæg";"Strong";"A-Stem";"M";"l4";"l_l4";"c_lmod"
"salt:/ppcmbe2/erv-new-1881-2#sTok27562";"all";"all";"unto all the brethren";"brethren";"brother";"1";"";"Ellicott, Charles John et al.";"l4";"erv-new-1881";"BIBLE";"c";"c";"G";"broþor";"Irregular";"Stem in -r";"M";"l4";"l_l4";"c_lmod"
"salt:/ppcmbe2/erv-new-1881-2#sTok28472";"some";"some";"after some days";"days";"day";"1";"";"Ellicott, Charles John et al.";"l4";"erv-new-1881";"BIBLE";"c";"a";"G";"dæg";"Strong";"A-Stem";"M";"l4";"l_l4";"c_lmod"
"salt:/ppcmbe2/erv-new-1881-2#sTok29232";"many";"many";"for many days";"days";"day";"1";"";"Ellicott, Charles John et al.";"l4";"erv-new-1881";"BIBLE";"c";"a";"G";"dæg";"Strong";"A-Stem";"M";"l4";"l_l4";"c_lmod"
"salt:/ppcmbe2/erv-new-1881-2#sTok29721";"all";"all";"with all his house";"house";"house";"";"1";"Ellicott, Charles John et al.";"l4";"erv-new-1881";"BIBLE";"c";"c";"G";"hus";"Strong";"A-Stem";"N";"l4";"l_l4";"c_lmod"
"salt:/ppcmbe2/erv-new-1881-2#sTok30483";"every";"every";"in the marketplace every day with them 0 that *T*-2 met with him";"day";"day";"";"1";"Ellicott, Charles John et al.";"l4";"erv-new-1881";"BIBLE";"c";"a";"G";"dæg";"Strong";"A-Stem";"M";"l4";"l_l4";"c_lmod"
"salt:/ppcmbe2/erv-new-1881-2#sTok30982";"all";"all";"unto all men";"men";"man";"1";"";"Ellicott, Charles John et al.";"l4";"erv-new-1881";"BIBLE";"c";"c";"G";"mann";"Weak";"Consonant-Stem";"M/N";"l4";"l_l4";"c_lmod"
"salt:/ppcmbe2/erv-old-1885-1#sTok599";"every";"every";"and every living creature 0 that *T*-2 moveth";"creature";"creature";"";"1";"English Old Testament Revisers";"l4";"erv-old-1885";"BIBLE";"c";"c";"R";"";"";"";"";"l4";"l_l4";"c_lmod"
"salt:/ppcmbe2/erv-old-1885-1#sTok811";"all";"all";"over all the earth";"earth";"earth";"";"1";"English Old Testament Revisers";"l4";"erv-old-1885";"BIBLE";"u";"s";"G";"eorþe";"Weak";"N-Stem";"F";"l4";"l_l4";"c_lmod"
"salt:/ppcmbe2/erv-old-1885-1#sTok943";"all";"all";"of all the earth";"earth";"earth";"";"1";"English Old Testament Revisers";"l4";"erv-old-1885";"BIBLE";"u";"s";"G";"eorþe";"Weak";"N-Stem";"F";"l4";"l_l4";"c_lmod"
"salt:/ppcmbe2/erv-old-1885-1#sTok948";"every";"every";"and every tree , in the which 0 *T*-2 is the fruit of a tree yielding seed";"tree";"tree";"";"1";"English Old Testament Revisers";"l4";"erv-old-1885";"BIBLE";"c";"c";"G";"treow";"Strong";"A-Stem";"N";"l4";"l_l4";"c_lmod"
"salt:/ppcmbe2/erv-old-1885-1#sTok1109";"all";"all";"from all his work which 0 *T*-1 he had made";"work";"work";"";"1";"English Old Testament Revisers";"l4";"erv-old-1885";"BIBLE";"u";"a";"G";"weorc";"Strong";"A-Stem";"N";"l4";"l_l4";"c_lmod"
"salt:/ppcmbe2/erv-old-1885-1#sTok1140";"all";"all";"from all his work which 0 *T*-1 God had created and made";"work";"work";"";"1";"English Old Testament Revisers";"l4";"erv-old-1885";"BIBLE";"u";"a";"G";"weorc";"Strong";"A-Stem";"N";"l4";"l_l4";"c_lmod"
"salt:/ppcmbe2/erv-old-1885-1#sTok1334";"every";"every";"every tree 0 that *T*-2 is pleasant to the sight , and good for food ; the tree of life also in the midst of the garden , and the tree of knowledge of good and evil";"tree";"tree";"";"1";"English Old Testament Revisers";"l4";"erv-old-1885";"BIBLE";"c";"c";"G";"treow";"Strong";"A-Stem";"N";"l4";"l_l4";"c_lmod"
"salt:/ppcmbe2/erv-old-1885-1#sTok1547";"every";"every";"Of every tree of the garden";"tree";"tree";"";"1";"English Old Testament Revisers";"l4";"erv-old-1885";"BIBLE";"c";"c";"G";"treow";"Strong";"A-Stem";"N";"l4";"l_l4";"c_lmod"
"salt:/ppcmbe2/erv-old-1885-1#sTok1671";"every";"every";"*T*-1 every living creature";"creature";"creature";"";"1";"English Old Testament Revisers";"l4";"erv-old-1885";"BIBLE";"c";"c";"R";"";"";"";"";"l4";"l_l4";"c_lmod"
"salt:/ppcmbe2/erv-old-1885-1#sTok1924";"any";"any";"of any tree of the garden";"tree";"tree";"";"1";"English Old Testament Revisers";"l4";"erv-old-1885";"BIBLE";"c";"c";"G";"treow";"Strong";"A-Stem";"N";"l4";"l_l4";"c_lmod"
"salt:/ppcmbe2/erv-old-1885-1#sTok2392";"all";"all";"and dust shalt thou eat all the days of thy life :";"days";"day";"1";"";"English Old Testament Revisers";"l4";"erv-old-1885";"BIBLE";"c";"a";"G";"dæg";"Strong";"A-Stem";"M";"l4";"l_l4";"c_lmod"
"salt:/ppcmbe2/erv-old-1885-1#sTok2538";"all";"all";"in toil shalt thou eat of it all the days of thy life ;";"days";"day";"1";"";"English Old Testament Revisers";"l4";"erv-old-1885";"BIBLE";"c";"a";"G";"dæg";"Strong";"A-Stem";"M";"l4";"l_l4";"c_lmod"
"salt:/ppcmbe2/erv-old-1885-1#sTok3128";"all";"all";"for all flesh had corrupted his way upon the earth .";"flesh";"flesh";"";"1";"English Old Testament Revisers";"l4";"erv-old-1885";"BIBLE";"u";"s";"G";"flæsc";"Strong";"I-Stem";"N";"l4";"l_l4";"c_lmod"
"salt:/ppcmbe2/erv-old-1885-1#sTok3148";"all";"all";"of all flesh";"flesh";"flesh";"";"1";"English Old Testament Revisers";"l4";"erv-old-1885";"BIBLE";"u";"s";"G";"flæsc";"Strong";"I-Stem";"N";"l4";"l_l4";"c_lmod"
"salt:/ppcmbe2/erv-old-1885-1#sTok3315";"all";"all";"to destroy all flesh , wherein 0 *T*-1 is the breath of life , from under heaven";"flesh";"flesh";"";"1";"English Old Testament Revisers";"l4";"erv-old-1885";"BIBLE";"u";"s";"G";"flæsc";"Strong";"I-Stem";"N";"l4";"l_l4";"c_lmod"
"salt:/ppcmbe2/erv-old-1885-1#sTok3388";"all";"all";"of all flesh";"flesh";"flesh";"";"1";"English Old Testament Revisers";"l4";"erv-old-1885";"BIBLE";"u";"s";"G";"flæsc";"Strong";"I-Stem";"N";"l4";"l_l4";"c_lmod"
"salt:/ppcmbe2/erv-old-1885-1#sTok3528";"all";"all";"and all thy house";"house";"house";"";"1";"English Old Testament Revisers";"l4";"erv-old-1885";"BIBLE";"c";"c";"G";"hus";"Strong";"A-Stem";"N";"l4";"l_l4";"c_lmod"
"salt:/ppcmbe2/erv-old-1885-1#sTok3611";"all";"all";"of all the earth";"earth";"earth";"";"1";"English Old Testament Revisers";"l4";"erv-old-1885";"BIBLE";"u";"s";"G";"eorþe";"Weak";"N-Stem";"F";"l4";"l_l4";"c_lmod"
"salt:/ppcmbe2/erv-old-1885-1#sTok3967";"all";"all";"of all flesh wherein 0 *T*-2 is the breath of life";"flesh";"flesh";"";"1";"English Old Testament Revisers";"l4";"erv-old-1885";"BIBLE";"u";"s";"G";"flæsc";"Strong";"I-Stem";"N";"l4";"l_l4";"c_lmod"
"salt:/ppcmbe2/erv-old-1885-1#sTok3993";"all";"all";"of all flesh";"flesh";"flesh";"";"1";"English Old Testament Revisers";"l4";"erv-old-1885";"BIBLE";"u";"s";"G";"flæsc";"Strong";"I-Stem";"N";"l4";"l_l4";"c_lmod"
"salt:/ppcmbe2/erv-old-1885-1#sTok4120";"all";"all";"And all flesh *ICH*-1 *ICH*-3 died 0 that *T*-2 moved upon the earth , both fowl , and cattle , and beast , and every creeping thing 0 that *T*-4 creepeth upon the earth , and every man :";"flesh";"flesh";"";"1";"English Old Testament Revisers";"l4";"erv-old-1885";"BIBLE";"u";"s";"G";"flæsc";"Strong";"I-Stem";"N";"l4";"l_l4";"c_lmod"
"salt:/ppcmbe2/erv-old-1885-1#sTok4155";"every";"every";"and every man";"man";"man";"";"1";"English Old Testament Revisers";"l4";"erv-old-1885";"BIBLE";"c";"c";"G";"mann";"Weak";"Consonant-Stem";"M/N";"l4";"l_l4";"c_lmod"
"salt:/ppcmbe2/erv-old-1885-1#sTok4787";"all";"all";"of all flesh , both fowl , and cattle";"flesh";"flesh";"";"1";"English Old Testament Revisers";"l4";"erv-old-1885";"BIBLE";"u";"s";"G";"flæsc";"Strong";"I-Stem";"N";"l4";"l_l4";"c_lmod"
"salt:/ppcmbe2/erv-old-1885-1#sTok5076";"all";"all";"and all the fishes of the sea";"fishes";"fish";"1";"";"English Old Testament Revisers";"l4";"erv-old-1885";"BIBLE";"u";"c";"G";"fisc";"Strong";"A-Stem";"M";"l4";"l_l4";"c_lmod"
"salt:/ppcmbe2/erv-old-1885-1#sTok5284";"every";"every";"with every living creature 0 that *T*-2 is with you , the fowl , the cattle , and every beast of the earth with you ; of all 0 that *T*-3 go out of the ark , even every beast of the earth";"creature";"creature";"";"1";"English Old Testament Revisers";"l4";"erv-old-1885";"BIBLE";"c";"c";"R";"";"";"";"";"l4";"l_l4";"c_lmod"
"salt:/ppcmbe2/erv-old-1885-1#sTok5340";"all";"all";"neither shall all flesh be cut off any more by the waters of the flood ;";"flesh";"flesh";"";"1";"English Old Testament Revisers";"l4";"erv-old-1885";"BIBLE";"u";"s";"G";"flæsc";"Strong";"I-Stem";"N";"l4";"l_l4";"c_lmod"
"salt:/ppcmbe2/erv-old-1885-1#sTok5392";"every";"every";"and every living creature 0 that *T*-2 is with you";"creature";"creature";"";"1";"English Old Testament Revisers";"l4";"erv-old-1885";"BIBLE";"c";"c";"R";"";"";"";"";"l4";"l_l4";"c_lmod"
"salt:/ppcmbe2/erv-old-1885-1#sTok5478";"every";"every";"and every living creature of all flesh";"creature";"creature";"";"1";"English Old Testament Revisers";"l4";"erv-old-1885";"BIBLE";"c";"c";"R";"";"";"";"";"l4";"l_l4";"c_lmod"
"salt:/ppcmbe2/erv-old-1885-1#sTok5482";"all";"all";"of all flesh";"flesh";"flesh";"";"1";"English Old Testament Revisers";"l4";"erv-old-1885";"BIBLE";"u";"s";"G";"flæsc";"Strong";"I-Stem";"N";"l4";"l_l4";"c_lmod"
"salt:/ppcmbe2/erv-old-1885-1#sTok5499";"all";"all";"*T*-1 to destroy all flesh";"flesh";"flesh";"";"1";"English Old Testament Revisers";"l4";"erv-old-1885";"BIBLE";"u";"s";"G";"flæsc";"Strong";"I-Stem";"N";"l4";"l_l4";"c_lmod"
"salt:/ppcmbe2/erv-old-1885-1#sTok5530";"every";"every";"and every living creature of all flesh 0 that *T*-1 is upon the earth";"creature";"creature";"";"1";"English Old Testament Revisers";"l4";"erv-old-1885";"BIBLE";"c";"c";"R";"";"";"";"";"l4";"l_l4";"c_lmod"
"salt:/ppcmbe2/erv-old-1885-1#sTok5534";"all";"all";"of all flesh";"flesh";"flesh";"";"1";"English Old Testament Revisers";"l4";"erv-old-1885";"BIBLE";"u";"s";"G";"flæsc";"Strong";"I-Stem";"N";"l4";"l_l4";"c_lmod"
"salt:/ppcmbe2/erv-old-1885-1#sTok5567";"all";"all";"and all flesh 0 that *T*-2 is upon the earth";"flesh";"flesh";"";"1";"English Old Testament Revisers";"l4";"erv-old-1885";"BIBLE";"u";"s";"G";"flæsc";"Strong";"I-Stem";"N";"l4";"l_l4";"c_lmod"
"salt:/ppcmbe2/erv-old-1885-1#sTok5852";"all";"all";"And all the days of Noah were nine hundred and fifty years :";"days";"day";"1";"";"English Old Testament Revisers";"l4";"erv-old-1885";"BIBLE";"c";"a";"G";"dæg";"Strong";"A-Stem";"M";"l4";"l_l4";"c_lmod"
"salt:/ppcmbe2/erv-old-1885-1#sTok6030";"all";"all";"and all their substance 0 that *T*-1 they had gathered";"substance";"substance";"";"1";"English Old Testament Revisers";"l4";"erv-old-1885";"BIBLE";"c";"s";"R";"";"";"";"";"l4";"l_l4";"c_lmod"
"salt:/ppcmbe2/erv-old-1885-1#sTok7041";"all";"all";"for all the land which 0 *T*-2 thou seest , to thee will I give it";"land";"land";"";"1";"English Old Testament Revisers";"l4";"erv-old-1885";"BIBLE";"u";"a";"G";"land";"Strong";"A-Stem";"N";"l4";"l_l4";"c_lmod"
"salt:/ppcmbe2/erv-old-1885-1#sTok7356";"all";"all";"all the country of the Amalekites , and also the Amorites , 0 that *T*-1 dwelt in Hazazon-tamar";"country";"country";"";"1";"English Old Testament Revisers";"l4";"erv-old-1885";"BIBLE";"c";"c";"R";"";"";"";"";"l4";"l_l4";"c_lmod"
"salt:/ppcmbe2/erv-old-1885-1#sTok10418";"all";"all";"*T*-2 all the earth shall be filled with the glory of the Lord";"earth";"earth";"";"1";"English Old Testament Revisers";"l4";"erv-old-1885";"BIBLE";"u";"s";"G";"eorþe";"Weak";"N-Stem";"F";"l4";"l_l4";"c_lmod"
"salt:/ppcmbe2/erv-old-1885-1#sTok10433";"all";"all";"all those men which 0 *T*-3 have seen my glory , and my signs , which 0 *T*-4 I wrought in Egypt and in the wilderness , yet have tempted me these ten times";"men";"man";"1";"";"English Old Testament Revisers";"l4";"erv-old-1885";"BIBLE";"c";"c";"G";"mann";"Weak";"Consonant-Stem";"M/N";"l4";"l_l4";"c_lmod"
"salt:/ppcmbe2/erv-old-1885-1#sTok10856";"every";"every";"for every day";"day";"day";"";"1";"English Old Testament Revisers";"l4";"erv-old-1885";"BIBLE";"c";"a";"G";"dæg";"Strong";"A-Stem";"M";"l4";"l_l4";"c_lmod"
"salt:/ppcmbe2/erv-old-1885-1#sTok11622";"all";"all";"all thy brethren the sons of Levi with thee";"brethren";"brother";"1";"";"English Old Testament Revisers";"l4";"erv-old-1885";"BIBLE";"c";"c";"G";"broþor";"Irregular";"Stem in -r";"M";"l4";"l_l4";"c_lmod"
"salt:/ppcmbe2/erv-old-1885-1#sTok11851";"every";"every";"and take ye every man his censer ,";"man";"man";"";"1";"English Old Testament Revisers";"l4";"erv-old-1885";"BIBLE";"c";"c";"G";"mann";"Weak";"Consonant-Stem";"M/N";"l4";"l_l4";"c_lmod"
"salt:/ppcmbe2/erv-old-1885-1#sTok11870";"every";"every";"and bring ye before the Lord every man his censer , two hundred and fifty censers";"man";"man";"";"1";"English Old Testament Revisers";"l4";"erv-old-1885";"BIBLE";"c";"c";"G";"mann";"Weak";"Consonant-Stem";"M/N";"l4";"l_l4";"c_lmod"
"salt:/ppcmbe2/erv-old-1885-1#sTok11895";"every";"every";"And they took every man his censer ,";"man";"man";"";"1";"English Old Testament Revisers";"l4";"erv-old-1885";"BIBLE";"c";"c";"G";"mann";"Weak";"Consonant-Stem";"M/N";"l4";"l_l4";"c_lmod"
"salt:/ppcmbe2/erv-old-1885-1#sTok12015";"all";"all";"of all flesh";"flesh";"flesh";"";"1";"English Old Testament Revisers";"l4";"erv-old-1885";"BIBLE";"u";"s";"G";"flæsc";"Strong";"I-Stem";"N";"l4";"l_l4";"c_lmod"
"salt:/ppcmbe2/erv-old-1885-1#sTok12126";"all";"all";"in all their sins";"sins";"sin";"1";"";"English Old Testament Revisers";"l4";"erv-old-1885";"BIBLE";"c";"a";"G";"syn";"Strong";"O-Stem";"F";"l4";"l_l4";"c_lmod"
"salt:/ppcmbe2/erv-old-1885-1#sTok12201";"all";"all";"to do all these works";"works";"work";"1";"";"English Old Testament Revisers";"l4";"erv-old-1885";"BIBLE";"u";"a";"G";"weorc";"Strong";"A-Stem";"N";"l4";"l_l4";"c_lmod"
"salt:/ppcmbe2/erv-old-1885-1#sTok12231";"all";"all";"of all men";"men";"man";"1";"";"English Old Testament Revisers";"l4";"erv-old-1885";"BIBLE";"c";"c";"G";"mann";"Weak";"Consonant-Stem";"M/N";"l4";"l_l4";"c_lmod"
"salt:/ppcmbe2/erv-old-1885-1#sTok12244";"all";"all";"of all men";"men";"man";"1";"";"English Old Testament Revisers";"l4";"erv-old-1885";"BIBLE";"c";"c";"G";"mann";"Weak";"Consonant-Stem";"M/N";"l4";"l_l4";"c_lmod"
"salt:/ppcmbe2/erv-old-1885-1#sTok12362";"all";"all";"and all the men 0 that *T*-2 appertained unto Korah";"men";"man";"1";"";"English Old Testament Revisers";"l4";"erv-old-1885";"BIBLE";"c";"c";"G";"mann";"Weak";"Consonant-Stem";"M/N";"l4";"l_l4";"c_lmod"
"salt:/ppcmbe2/erv-old-1885-1#sTok13282";"every";"every";"and *con* took every man his rod .";"man";"man";"";"1";"English Old Testament Revisers";"l4";"erv-old-1885";"BIBLE";"c";"c";"G";"mann";"Weak";"Consonant-Stem";"M/N";"l4";"l_l4";"c_lmod"
"salt:/ppcmbe2/erv-old-1885-2#sTok968";"all";"all";"And all the days 0 that *T*-1 Adam lived were nine hundred and thirty years :";"days";"day";"1";"";"English Old Testament Revisers";"l4";"erv-old-1885";"BIBLE";"c";"a";"G";"dæg";"Strong";"A-Stem";"M";"l4";"l_l4";"c_lmod"
"salt:/ppcmbe2/erv-old-1885-2#sTok1029";"all";"all";"and all the days of Seth were nine hundred and twelve years :";"days";"day";"1";"";"English Old Testament Revisers";"l4";"erv-old-1885";"BIBLE";"c";"a";"G";"dæg";"Strong";"A-Stem";"M";"l4";"l_l4";"c_lmod"
"salt:/ppcmbe2/erv-old-1885-2#sTok1084";"all";"all";"and all the days of Enosh were nine hundred and five years :";"days";"day";"1";"";"English Old Testament Revisers";"l4";"erv-old-1885";"BIBLE";"c";"a";"G";"dæg";"Strong";"A-Stem";"M";"l4";"l_l4";"c_lmod"
"salt:/ppcmbe2/erv-old-1885-2#sTok1139";"all";"all";"and all the days of Kenan were nine hundred and ten years :";"days";"day";"1";"";"English Old Testament Revisers";"l4";"erv-old-1885";"BIBLE";"c";"a";"G";"dæg";"Strong";"A-Stem";"M";"l4";"l_l4";"c_lmod"
"salt:/ppcmbe2/erv-old-1885-2#sTok1196";"all";"all";"and all the days of Mahalalel were eight hundred ninety and five years :";"days";"day";"1";"";"English Old Testament Revisers";"l4";"erv-old-1885";"BIBLE";"c";"a";"G";"dæg";"Strong";"A-Stem";"M";"l4";"l_l4";"c_lmod"
"salt:/ppcmbe2/erv-old-1885-2#sTok1255";"all";"all";"<P_5,20G> and all the days of Jared were nine hundred sixty and two years :";"days";"day";"1";"";"English Old Testament Revisers";"l4";"erv-old-1885";"BIBLE";"c";"a";"G";"dæg";"Strong";"A-Stem";"M";"l4";"l_l4";"c_lmod"
"salt:/ppcmbe2/erv-old-1885-2#sTok1313";"all";"all";"and all the days of Enoch were three hundred sixty and five years :";"days";"day";"1";"";"English Old Testament Revisers";"l4";"erv-old-1885";"BIBLE";"c";"a";"G";"dæg";"Strong";"A-Stem";"M";"l4";"l_l4";"c_lmod"
"salt:/ppcmbe2/erv-old-1885-2#sTok1388";"all";"all";"and all the days of Methuselah were nine hundred sixty and nine years :";"days";"day";"1";"";"English Old Testament Revisers";"l4";"erv-old-1885";"BIBLE";"c";"a";"G";"dæg";"Strong";"A-Stem";"M";"l4";"l_l4";"c_lmod"
"salt:/ppcmbe2/erv-old-1885-2#sTok1488";"all";"all";"and all the days of Lamech were seven hundred seventy and seven years :";"days";"day";"1";"";"English Old Testament Revisers";"l4";"erv-old-1885";"BIBLE";"c";"a";"G";"dæg";"Strong";"A-Stem";"M";"l4";"l_l4";"c_lmod"
"salt:/ppcmbe2/erv-old-1885-2#sTok2449";"all";"all";"of all the earth";"earth";"earth";"";"1";"English Old Testament Revisers";"l4";"erv-old-1885";"BIBLE";"u";"s";"G";"eorþe";"Weak";"N-Stem";"F";"l4";"l_l4";"c_lmod"
"salt:/ppcmbe2/erv-old-1885-2#sTok2484";"all";"all";"of all the earth";"earth";"earth";"";"1";"English Old Testament Revisers";"l4";"erv-old-1885";"BIBLE";"u";"s";"G";"eorþe";"Weak";"N-Stem";"F";"l4";"l_l4";"c_lmod"
"salt:/ppcmbe2/erv-old-1885-2#sTok2502";"all";"all";"of all the earth";"earth";"earth";"";"1";"English Old Testament Revisers";"l4";"erv-old-1885";"BIBLE";"u";"s";"G";"eorþe";"Weak";"N-Stem";"F";"l4";"l_l4";"c_lmod"
"salt:/ppcmbe2/erv-old-1885-2#sTok3109";"no";"no";"Behold , to me thou hast given no seed";"seed";"seed";"";"1";"English Old Testament Revisers";"l4";"erv-old-1885";"BIBLE";"c";"s";"G";"seed";"Strong";"A-Stem";"N";"l4";"l_l4";"c_lmod"
"salt:/ppcmbe2/erv-old-1885-2#sTok4073";"every";"every";"against every man";"man";"man";"";"1";"English Old Testament Revisers";"l4";"erv-old-1885";"BIBLE";"c";"c";"G";"mann";"Weak";"Consonant-Stem";"M/N";"l4";"l_l4";"c_lmod"
"salt:/ppcmbe2/erv-old-1885-2#sTok4092";"all";"all";"of all his brethren";"brethren";"brother";"1";"";"English Old Testament Revisers";"l4";"erv-old-1885";"BIBLE";"c";"c";"G";"broþor";"Irregular";"Stem in -r";"M";"l4";"l_l4";"c_lmod"
"salt:/ppcmbe2/erv-old-1885-2#sTok4427";"all";"all";"the land of thy sojournings , all the land of Canaan";"land";"land";"";"1";"English Old Testament Revisers";"l4";"erv-old-1885";"BIBLE";"u";"a";"G";"land";"Strong";"A-Stem";"N";"l4";"l_l4";"c_lmod"
"salt:/ppcmbe2/erv-old-1885-2#sTok5070";"all";"all";"And all the men of his house , those born in the house , and those bought with money of the stranger , were circumcised with him .";"men";"man";"1";"";"English Old Testament Revisers";"l4";"erv-old-1885";"BIBLE";"c";"c";"G";"mann";"Weak";"Consonant-Stem";"M/N";"l4";"l_l4";"c_lmod"
"salt:/ppcmbe2/erv-old-1885-2#sTok5930";"all";"all";"of all the earth";"earth";"earth";"";"1";"English Old Testament Revisers";"l4";"erv-old-1885";"BIBLE";"u";"s";"G";"eorþe";"Weak";"N-Stem";"F";"l4";"l_l4";"c_lmod"
"salt:/ppcmbe2/erv-old-1885-2#sTok6321";"all";"all";"and tarry all night ,";"night";"night";"";"1";"English Old Testament Revisers";"l4";"erv-old-1885";"BIBLE";"c";"a";"G";"niht";"Strong";"A-Stem";"N";"l4";"l_l4";"c_lmod"
"salt:/ppcmbe2/erv-old-1885-2#sTok6358";"all";"all";"Nay ; but we will abide in the street all night";"night";"night";"";"1";"English Old Testament Revisers";"l4";"erv-old-1885";"BIBLE";"c";"a";"G";"niht";"Strong";"A-Stem";"N";"l4";"l_l4";"c_lmod"
"salt:/ppcmbe2/erv-old-1885-2#sTok7317";"all";"all";"toward all the land of the Plain";"land";"land";"";"1";"English Old Testament Revisers";"l4";"erv-old-1885";"BIBLE";"u";"a";"G";"land";"Strong";"A-Stem";"N";"l4";"l_l4";"c_lmod"
"salt:/ppcmbe2/erv-old-1885-2#sTok7480";"all";"all";"of all the earth";"earth";"earth";"";"1";"English Old Testament Revisers";"l4";"erv-old-1885";"BIBLE";"u";"s";"G";"eorþe";"Weak";"N-Stem";"F";"l4";"l_l4";"c_lmod"
"salt:/ppcmbe2/erv-old-1885-2#sTok7664";"both";"both";"Thus were both the daughters of Lot with child by their father .";"daughters";"daughter";"1";"";"English Old Testament Revisers";"l4";"erv-old-1885";"BIBLE";"c";"c";"G";"dohtor";"Irregular";"Stem in -r";"F";"l4";"l_l4";"c_lmod"
"salt:/ppcmbe2/erv-old-1885-2#sTok9438";"many";"many";"And Abraham sojourned in the land of the Philistines many days .";"days";"day";"1";"";"English Old Testament Revisers";"l4";"erv-old-1885";"BIBLE";"c";"a";"G";"dæg";"Strong";"A-Stem";"M";"l4";"l_l4";"c_lmod"
"salt:/ppcmbe2/erv-old-1885-2#sTok11193";"every";"every";"and every sin offering of theirs";"sin";"sin";"";"1";"English Old Testament Revisers";"l4";"erv-old-1885";"BIBLE";"c";"a";"G";"syn";"Strong";"O-Stem";"F";"l4";"l_l4";"c_lmod"
"salt:/ppcmbe2/erv-old-1885-2#sTok11422";"all";"all";"of all flesh which 0 *T*-2 they offer unto the Lord , both of *ICH*-3 man and beast";"flesh";"flesh";"";"1";"English Old Testament Revisers";"l4";"erv-old-1885";"BIBLE";"u";"s";"G";"flæsc";"Strong";"I-Stem";"N";"l4";"l_l4";"c_lmod"
"salt:/ppcmbe2/erv-old-1885-2#sTok12127";"no";"no";"And ye shall bear no sin by reason of it , when 0 ye have heaved from it the best thereof :";"sin";"sin";"";"1";"English Old Testament Revisers";"l4";"erv-old-1885";"BIBLE";"c";"a";"G";"syn";"Strong";"O-Stem";"F";"l4";"l_l4";"c_lmod"
"salt:/ppcmbe2/erv-old-1885-2#sTok12544";"any";"any";"of any man";"man";"man";"";"1";"English Old Testament Revisers";"l4";"erv-old-1885";"BIBLE";"c";"c";"G";"mann";"Weak";"Consonant-Stem";"M/N";"l4";"l_l4";"c_lmod"
"salt:/ppcmbe2/erv-old-1885-2#sTok12606";"any";"any";"of any man 0 that *T*-2 is dead";"man";"man";"";"1";"English Old Testament Revisers";"l4";"erv-old-1885";"BIBLE";"c";"c";"G";"mann";"Weak";"Consonant-Stem";"M/N";"l4";"l_l4";"c_lmod"
"salt:/ppcmbe2/erv-old-1885-2#sTok13095";"no";"no";"And there was no water for the congregation :";"water";"water";"";"1";"English Old Testament Revisers";"l4";"erv-old-1885";"BIBLE";"u";"s";"G";"wæter";"Strong";"A-Stem";"N";"l4";"l_l4";"c_lmod"
"salt:/ppcmbe2/erv-old-1885-2#sTok13219";"any";"any";"neither is there any water 0 *T*-2 to drink .";"water";"water";"";"1";"English Old Testament Revisers";"l4";"erv-old-1885";"BIBLE";"u";"s";"G";"wæter";"Strong";"A-Stem";"N";"l4";"l_l4";"c_lmod"
"salt:/ppcmbe2/erv-old-1885-2#sTok14062";"all";"all";"even all the House of Israel";"House";"house";"";"1";"English Old Testament Revisers";"l4";"erv-old-1885";"BIBLE";"c";"c";"G";"hus";"Strong";"A-Stem";"N";"l4";"l_l4";"c_lmod"
"salt:/ppcmbe2/erv-old-1885-2#sTok15598";"every";"every";"And ye girded on every man his weapons of war ,";"man";"man";"";"1";"English Old Testament Revisers";"l4";"erv-old-1885";"BIBLE";"c";"c";"G";"mann";"Weak";"Consonant-Stem";"M/N";"l4";"l_l4";"c_lmod"
"salt:/ppcmbe2/erv-old-1885-2#sTok15774";"many";"many";"So ye abode in Kadesh many days , according unto the days 0 that *T*-1 ye abode <font> there <$$font> .";"days";"day";"1";"";"English Old Testament Revisers";"l4";"erv-old-1885";"BIBLE";"c";"a";"G";"dæg";"Strong";"A-Stem";"M";"l4";"l_l4";"c_lmod"
"salt:/ppcmbe2/erv-old-1885-2#sTok15829";"many";"many";"and we compassed mount Seir many days .";"days";"day";"1";"";"English Old Testament Revisers";"l4";"erv-old-1885";"BIBLE";"c";"a";"G";"dæg";"Strong";"A-Stem";"M";"l4";"l_l4";"c_lmod"
"salt:/ppcmbe2/erv-old-1885-2#sTok15994";"all";"all";"in all the work of thy hand";"work";"work";"";"1";"English Old Testament Revisers";"l4";"erv-old-1885";"BIBLE";"u";"a";"G";"weorc";"Strong";"A-Stem";"N";"l4";"l_l4";"c_lmod"
"salt:/ppcmbe2/erv-old-1885-2#sTok16349";"all";"all";"all the men of war were consumed and dead from among the people";"men";"man";"1";"";"English Old Testament Revisers";"l4";"erv-old-1885";"BIBLE";"c";"c";"G";"mann";"Weak";"Consonant-Stem";"M/N";"l4";"l_l4";"c_lmod"
"salt:/ppcmbe2/erv-old-1885-2#sTok17558";"half";"half";"and half the hill country of Gilead";"country";"country";"";"1";"English Old Testament Revisers";"l4";"erv-old-1885";"BIBLE";"c";"c";"R";"";"";"";"";"l4";"l_l4";"c_lmod"
"salt:/ppcmbe2/erv-old-1885-2#sTok17803";"all";"all";"your brethren the children of Israel , all the men of valour";"men";"man";"1";"";"English Old Testament Revisers";"l4";"erv-old-1885";"BIBLE";"c";"c";"G";"mann";"Weak";"Consonant-Stem";"M/N";"l4";"l_l4";"c_lmod"
"salt:/ppcmbe2/erv-old-1885-2#sTok17884";"every";"every";"then shall ye return every man unto his possession , which 0 *T*-1 I have given you .";"man";"man";"";"1";"English Old Testament Revisers";"l4";"erv-old-1885";"BIBLE";"c";"c";"G";"mann";"Weak";"Consonant-Stem";"M/N";"l4";"l_l4";"c_lmod"
"salt:/ppcmbe2/erv-old-1885-2#sTok18315";"all";"all";"for all the men 0 that *T*-1 followed Baal-peor , the Lord thy God hath destroyed them from the midst of thee .";"men";"man";"1";"";"English Old Testament Revisers";"l4";"erv-old-1885";"BIBLE";"c";"c";"G";"mann";"Weak";"Consonant-Stem";"M/N";"l4";"l_l4";"c_lmod"
"salt:/ppcmbe2/erv-old-1885-2#sTok18554";"all";"all";"they depart from thy heart all the days of thy life";"days";"day";"1";"";"English Old Testament Revisers";"l4";"erv-old-1885";"BIBLE";"c";"a";"G";"dæg";"Strong";"A-Stem";"M";"l4";"l_l4";"c_lmod"
"salt:/ppcmbe2/erv-old-1885-2#sTok18620";"all";"all";"to fear me all the days 0 that *T*-1 they live upon the earth";"days";"day";"1";"";"English Old Testament Revisers";"l4";"erv-old-1885";"BIBLE";"c";"a";"G";"dæg";"Strong";"A-Stem";"M";"l4";"l_l4";"c_lmod"
"salt:/ppcmbe2/erv-old-1885-2#sTok18795";"no";"no";"for ye saw no manner of form on the day 0 that *T*-1 the Lord spake unto you in Horeb out of the midst of the fire : lest 0 ye corrupt yourselves , and *con* make you a graven image in the form of any figure , the likeness of male or female , the likeness of any beast 0 that *T*-2 is on the earth , the likeness of any winged fowl 0 that *T*-3 flieth in the heaven , the likeness of any thing 0 that *T*-4 creepeth on the ground , the likeness of any fish 0 that *T*-5 is in the water under the earth : and lest 0 thou lift up thine eyes unto heaven , and when 0 thou seest the sun and the moon and the stars , even all the host of heaven , thou be drawn away and *con* worship them , and *con* serve them , which 0 *T*-6 the Lord thy God hath divided unto all the peoples under the whole heaven .";"manner";"manner";"";"1";"English Old Testament Revisers";"l4";"erv-old-1885";"BIBLE";"u";"a";"R";"";"";"";"";"l4";"l_l4";"c_lmod"
"salt:/ppcmbe2/erv-old-1885-2#sTok18890";"any";"any";"of any fish 0 that *T*-5 is in the water under the earth";"fish";"fish";"";"1";"English Old Testament Revisers";"l4";"erv-old-1885";"BIBLE";"u";"c";"G";"fisc";"Strong";"A-Stem";"M";"l4";"l_l4";"c_lmod"
"salt:/ppcmbe2/erv-old-1885-2#sTok19358";"all";"all";"with all thy heart";"heart";"heart";"";"1";"English Old Testament Revisers";"l4";"erv-old-1885";"BIBLE";"c";"c";"G";"heorte";"Weak";"N-Stem";"F";"l4";"l_l4";"c_lmod"
"salt:/ppcmbe2/erv-old-1885-2#sTok19363";"all";"all";"with all thy soul";"soul";"soul";"";"1";"English Old Testament Revisers";"l4";"erv-old-1885";"BIBLE";"c";"a";"G";"sawel";"Strong";"O-Stem";"F";"l4";"l_l4";"c_lmod"
"salt:/ppcmbe2/erv-old-1885-2#sTok20495";"all";"all";"do all thy work";"work";"work";"";"1";"English Old Testament Revisers";"l4";"erv-old-1885";"BIBLE";"u";"a";"G";"weorc";"Strong";"A-Stem";"N";"l4";"l_l4";"c_lmod"
"salt:/ppcmbe2/erv-old-1885-2#sTok20522";"any";"any";"in it <$$font> thou shalt not do any work";"work";"work";"";"1";"English Old Testament Revisers";"l4";"erv-old-1885";"BIBLE";"u";"a";"G";"weorc";"Strong";"A-Stem";"N";"l4";"l_l4";"c_lmod"
"salt:/ppcmbe2/erv-old-1885-2#sTok20967";"all";"all";"of all flesh";"flesh";"flesh";"";"1";"English Old Testament Revisers";"l4";"erv-old-1885";"BIBLE";"u";"s";"G";"flæsc";"Strong";"I-Stem";"N";"l4";"l_l4";"c_lmod"
"salt:/ppcmbe2/erv-old-1885-2#sTok21380";"all";"all";"to keep all his statutes and his commandments , which 0 *T*-3 I command thee , thou , and thy son , and thy son's son , all the days of thy life";"days";"day";"1";"";"English Old Testament Revisers";"l4";"erv-old-1885";"BIBLE";"c";"a";"G";"dæg";"Strong";"A-Stem";"M";"l4";"l_l4";"c_lmod"
"salt:/ppcmbe2/erv-old-1885-2#sTok21476";"all";"all";"with all thine heart";"heart";"heart";"";"1";"English Old Testament Revisers";"l4";"erv-old-1885";"BIBLE";"c";"c";"G";"heorte";"Weak";"N-Stem";"F";"l4";"l_l4";"c_lmod"
"salt:/ppcmbe2/erv-old-1885-2#sTok21482";"all";"all";"with all thy soul";"soul";"soul";"";"1";"English Old Testament Revisers";"l4";"erv-old-1885";"BIBLE";"c";"a";"G";"sawel";"Strong";"O-Stem";"F";"l4";"l_l4";"c_lmod"
"salt:/ppcmbe2/erv-old-1885-2#sTok21488";"all";"all";"with all thy might";"might";"might";"";"1";"English Old Testament Revisers";"l4";"erv-old-1885";"BIBLE";"u";"a";"G";"meaht";"Strong";"O-Stem";"F";"l4";"l_l4";"c_lmod"
"salt:/ppcmbe2/erv-old-1885-2#sTok21924";"all";"all";"to thrust out all thine enemies from *T*-2 before thee";"enemies";"enemy";"1";"";"English Old Testament Revisers";"l4";"erv-old-1885";"BIBLE";"c";"c";"R";"";"";"";"";"l4";"l_l4";"c_lmod"
"salt:/ppcmbe2/erv-old-1885-2#sTok22031";"all";"all";"upon all his house";"house";"house";"";"1";"English Old Testament Revisers";"l4";"erv-old-1885";"BIBLE";"c";"c";"G";"hus";"Strong";"A-Stem";"N";"l4";"l_l4";"c_lmod"
"salt:/ppcmbe2/erv-old-1885-2#sTok23109";"no";"no";"there shall no man be able to stand before thee , until 0 thou have destroyed them .";"man";"man";"";"1";"English Old Testament Revisers";"l4";"erv-old-1885";"BIBLE";"c";"c";"G";"mann";"Weak";"Consonant-Stem";"M/N";"l4";"l_l4";"c_lmod"
"salt:/ppcmbe2/erv-old-1885-2#sTok23747";"no";"no";"*T*-8 *exp* was no water";"water";"water";"";"1";"English Old Testament Revisers";"l4";"erv-old-1885";"BIBLE";"u";"s";"G";"wæter";"Strong";"A-Stem";"N";"l4";"l_l4";"c_lmod"
"salt:/ppcmbe2/erv-old-1885-2#sTok24743";"all";"all";"of all your sin which 0 *T*-2 ye sinned , in doing that which 0 *T*-3 was evil in the sight of the Lord , to provoke him to anger";"sin";"sin";"";"1";"English Old Testament Revisers";"l4";"erv-old-1885";"BIBLE";"c";"a";"G";"syn";"Strong";"O-Stem";"F";"l4";"l_l4";"c_lmod"
"salt:/ppcmbe2/erv-old-1885-2#sTok25662";"all";"all";"with all thy heart";"heart";"heart";"";"1";"English Old Testament Revisers";"l4";"erv-old-1885";"BIBLE";"c";"c";"G";"heorte";"Weak";"N-Stem";"F";"l4";"l_l4";"c_lmod"
"salt:/ppcmbe2/erv-old-1885-2#sTok25667";"all";"all";"with all thy soul";"soul";"soul";"";"1";"English Old Testament Revisers";"l4";"erv-old-1885";"BIBLE";"c";"a";"G";"sawel";"Strong";"O-Stem";"F";"l4";"l_l4";"c_lmod"
"salt:/ppcmbe2/erv-old-1885-2#sTok26068";"all";"all";"unto all his land";"land";"land";"";"1";"English Old Testament Revisers";"l4";"erv-old-1885";"BIBLE";"u";"a";"G";"land";"Strong";"A-Stem";"N";"l4";"l_l4";"c_lmod"
"salt:/ppcmbe2/erv-old-1885-2#sTok26218";"all";"all";"but your eyes have seen all the great work of the Lord which 0 *T*-1 he did .";"work";"work";"";"1";"English Old Testament Revisers";"l4";"erv-old-1885";"BIBLE";"u";"a";"G";"weorc";"Strong";"A-Stem";"N";"l4";"l_l4";"c_lmod"
"salt:/ppcmbe2/erv-old-1885-2#sTok26477";"all";"all";"with all your heart";"heart";"heart";"";"1";"English Old Testament Revisers";"l4";"erv-old-1885";"BIBLE";"c";"c";"G";"heorte";"Weak";"N-Stem";"F";"l4";"l_l4";"c_lmod"
"salt:/ppcmbe2/erv-old-1885-2#sTok26482";"all";"all";"with all your soul";"soul";"soul";"";"1";"English Old Testament Revisers";"l4";"erv-old-1885";"BIBLE";"c";"a";"G";"sawel";"Strong";"O-Stem";"F";"l4";"l_l4";"c_lmod"
"salt:/ppcmbe2/erv-old-1885-2#sTok26883";"no";"no";"There shall no man be able to stand before you :";"man";"man";"";"1";"English Old Testament Revisers";"l4";"erv-old-1885";"BIBLE";"c";"c";"G";"mann";"Weak";"Consonant-Stem";"M/N";"l4";"l_l4";"c_lmod"
"salt:/ppcmbe2/erv-old-1885-2#sTok26909";"all";"all";"upon all the land 0 that ye shall tread upon *T*-1";"land";"land";"";"1";"English Old Testament Revisers";"l4";"erv-old-1885";"BIBLE";"u";"a";"G";"land";"Strong";"A-Stem";"N";"l4";"l_l4";"c_lmod"
"salt:/ppcmbe2/fallowfield-1791-2#sTok476";"all";"all";"For all our fruit trees are principally natives of a warmer climate ;";"fruit";"fruit";"";"1";"Fallowfield, John";"l2";"fallowfield-1791";"HANDB OTHER";"c";"s";"R";"";"";"";"";"l2";"j_l2";"c_lmod"
"salt:/ppcmbe2/fallowfield-1791-2#sTok476";"all";"all";"For all our fruit trees are principally natives of a warmer climate ;";"trees";"tree";"1";"";"Fallowfield, John";"l2";"fallowfield-1791";"HANDB OTHER";"c";"c";"G";"treow";"Strong";"A-Stem";"N";"l2";"j_l2";"c_lmod"
"salt:/ppcmbe2/fallowfield-1791-2#sTok939";"No";"no";"No work is required to be done in the Kitchen Garden this month , save the wheeling of manure in a frost , to where 0 *T*-1 wanted .";"work";"work";"";"1";"Fallowfield, John";"l2";"fallowfield-1791";"HANDB OTHER";"u";"a";"G";"weorc";"Strong";"A-Stem";"N";"l2";"j_l2";"c_lmod"
"salt:/ppcmbe2/fallowfield-1791-2#sTok1810";"some";"some";"If 0 you have any peas above ground , some earth should be drawn to their stems to protect them from frost .";"earth";"earth";"";"1";"Fallowfield, John";"l2";"fallowfield-1791";"HANDB OTHER";"u";"s";"G";"eorþe";"Weak";"N-Stem";"F";"l2";"j_l2";"c_lmod"
"salt:/ppcmbe2/fallowfield-1791-2#sTok2251";"little";"little";"therefore , in a severe spring , little fruit $may {TEXT:my} be expected .";"fruit";"fruit";"";"1";"Fallowfield, John";"l2";"fallowfield-1791";"HANDB OTHER";"c";"s";"R";"";"";"";"";"l2";"j_l2";"c_lmod"
"salt:/ppcmbe2/fallowfield-1791-2#sTok2422";"all";"all";"it would wash off all the mealy dust , in which 0 *T*-1 a part of their beauty consists";"dust";"dust";"";"1";"Fallowfield, John";"l2";"fallowfield-1791";"HANDB OTHER";"u";"s";"G";"dust";"Strong";"A-Stem";"N";"l2";"j_l2";"c_lmod"
"salt:/ppcmbe2/fallowfield-1791-2#sTok2620";"every";"every";"move the bag in the water every day for a week , when 0 *T*-1 it will be fit for use .";"day";"day";"";"1";"Fallowfield, John";"l2";"fallowfield-1791";"HANDB OTHER";"c";"a";"G";"dæg";"Strong";"A-Stem";"M";"l2";"j_l2";"c_lmod"
"salt:/ppcmbe2/fallowfield-1791-2#sTok2865";"many";"many";"and many other culinary seeds";"seeds";"seed";"1";"";"Fallowfield, John";"l2";"fallowfield-1791";"HANDB OTHER";"c";"s";"G";"seed";"Strong";"A-Stem";"N";"l2";"j_l2";"c_lmod"
"salt:/ppcmbe2/fallowfield-1791-2#sTok3021";"any";"any";"off any new grafted tree";"tree";"tree";"";"1";"Fallowfield, John";"l2";"fallowfield-1791";"HANDB OTHER";"c";"c";"G";"treow";"Strong";"A-Stem";"N";"l2";"j_l2";"c_lmod"
"salt:/ppcmbe2/fallowfield-1791-2#sTok4836";"All";"all";"All fruit trees against walls , or espaliers , must now be put into condition , by nailing and cutting out those superfluous branches 0 that *T*-1 require it ;";"fruit";"fruit";"";"1";"Fallowfield, John";"l2";"fallowfield-1791";"HANDB OTHER";"c";"s";"R";"";"";"";"";"l2";"j_l2";"c_lmod"
"salt:/ppcmbe2/fallowfield-1791-2#sTok4836";"All";"all";"All fruit trees against walls , or espaliers , must now be put into condition , by nailing and cutting out those superfluous branches 0 that *T*-1 require it ;";"trees";"tree";"1";"";"Fallowfield, John";"l2";"fallowfield-1791";"HANDB OTHER";"c";"c";"G";"treow";"Strong";"A-Stem";"N";"l2";"j_l2";"c_lmod"
"salt:/ppcmbe2/fallowfield-1791-2#sTok5380";"every";"every";"treated with great care , by proper removals , every year for five or six years before 0 they will all flower";"year";"year";"";"1";"Fallowfield, John";"l2";"fallowfield-1791";"HANDB OTHER";"c";"a";"G";"gear";"Strong";"A-Stem";"N";"l2";"j_l2";"c_lmod"
"salt:/ppcmbe2/fallowfield-1791-2#sTok6082";"any";"any";"*T*-1 any fruit trees are not of the sorts 0 0 *T*-2 you desire";"fruit";"fruit";"";"1";"Fallowfield, John";"l2";"fallowfield-1791";"HANDB OTHER";"c";"s";"R";"";"";"";"";"l2";"j_l2";"c_lmod"
"salt:/ppcmbe2/fallowfield-1791-2#sTok6082";"any";"any";"*T*-1 any fruit trees are not of the sorts 0 0 *T*-2 you desire";"trees";"tree";"1";"";"Fallowfield, John";"l2";"fallowfield-1791";"HANDB OTHER";"c";"c";"G";"treow";"Strong";"A-Stem";"N";"l2";"j_l2";"c_lmod"
"salt:/ppcmbe2/fallowfield-1791-2#sTok6692";"every";"every";"watered moderately every three or four days during the summer season";"days";"day";"1";"";"Fallowfield, John";"l2";"fallowfield-1791";"HANDB OTHER";"c";"a";"G";"dæg";"Strong";"A-Stem";"M";"l2";"j_l2";"c_lmod"
"salt:/ppcmbe2/fallowfield-1791-2#sTok7319";"all";"all";"The latter end of this month , all wall trees may be properly nailed and pruned .";"trees";"tree";"1";"";"Fallowfield, John";"l2";"fallowfield-1791";"HANDB OTHER";"c";"c";"G";"treow";"Strong";"A-Stem";"N";"l2";"j_l2";"c_lmod"
"salt:/ppcmbe2/fallowfield-1791-2#sTok7982";"every";"every";"They ought to be removed every four years .";"years";"year";"1";"";"Fallowfield, John";"l2";"fallowfield-1791";"HANDB OTHER";"c";"a";"G";"gear";"Strong";"A-Stem";"N";"l2";"j_l2";"c_lmod"
"salt:/ppcmbe2/fallowfield-1791-2#sTok8025";"any";"any";"any fruit trees want replacing or removing";"fruit";"fruit";"";"1";"Fallowfield, John";"l2";"fallowfield-1791";"HANDB OTHER";"c";"s";"R";"";"";"";"";"l2";"j_l2";"c_lmod"
"salt:/ppcmbe2/fallowfield-1791-2#sTok8025";"any";"any";"any fruit trees want replacing or removing";"trees";"tree";"1";"";"Fallowfield, John";"l2";"fallowfield-1791";"HANDB OTHER";"c";"c";"G";"treow";"Strong";"A-Stem";"N";"l2";"j_l2";"c_lmod"
"salt:/ppcmbe2/fallowfield-1791-2#sTok8180";"some";"some";"When 0 fruit trees are intended *-1 to be planted in orchards , the ground ought to be plowed some years , till properly put into condition ;";"years";"year";"1";"";"Fallowfield, John";"l2";"fallowfield-1791";"HANDB OTHER";"c";"a";"G";"gear";"Strong";"A-Stem";"N";"l2";"j_l2";"c_lmod"
"salt:/ppcmbe2/fallowfield-1791-2#sTok8410";"each";"each";"of each tree";"tree";"tree";"";"1";"Fallowfield, John";"l2";"fallowfield-1791";"HANDB OTHER";"c";"c";"G";"treow";"Strong";"A-Stem";"N";"l2";"j_l2";"c_lmod"
"salt:/ppcmbe2/fallowfield-1791-2#sTok9021";"All";"all";"All late planted trees in a severe frost , must be covered with litter";"trees";"tree";"1";"";"Fallowfield, John";"l2";"fallowfield-1791";"HANDB OTHER";"c";"c";"G";"treow";"Strong";"A-Stem";"N";"l2";"j_l2";"c_lmod"
"salt:/ppcmbe2/fallowfield-1791-2#sTok9037";"all";"all";"all the wall fruit trees must be examined and renailed afresh , which work 0 *T*-1 is most agreeably done in a clean dry frost";"fruit";"fruit";"";"1";"Fallowfield, John";"l2";"fallowfield-1791";"HANDB OTHER";"c";"s";"R";"";"";"";"";"l2";"j_l2";"c_lmod"
"salt:/ppcmbe2/fallowfield-1791-2#sTok9037";"all";"all";"all the wall fruit trees must be examined and renailed afresh , which work 0 *T*-1 is most agreeably done in a clean dry frost";"trees";"tree";"1";"";"Fallowfield, John";"l2";"fallowfield-1791";"HANDB OTHER";"c";"c";"G";"treow";"Strong";"A-Stem";"N";"l2";"j_l2";"c_lmod"
"salt:/ppcmbe2/fallowfield-1791-2#sTok9339";"all";"all";"for all evergreen trees , shrubs , or plants ought to be removed in the spring season .";"trees";"tree";"1";"";"Fallowfield, John";"l2";"fallowfield-1791";"HANDB OTHER";"c";"c";"G";"treow";"Strong";"A-Stem";"N";"l2";"j_l2";"c_lmod"
"salt:/ppcmbe2/faraday-1859-1#sTok2203";"some";"some";"I now take some <P_9> water";"water";"water";"";"1";"Faraday, Michael";"l3";"faraday-1859";"SCIENCE OTHER";"u";"s";"G";"wæter";"Strong";"A-Stem";"N";"l3";"k_l3";"c_lmod"
"salt:/ppcmbe2/faraday-1859-1#sTok2724";"some";"some";"I add some water to it";"water";"water";"";"1";"Faraday, Michael";"l3";"faraday-1859";"SCIENCE OTHER";"u";"s";"G";"wæter";"Strong";"A-Stem";"N";"l3";"k_l3";"c_lmod"
"salt:/ppcmbe2/faraday-1859-1#sTok2837";"some";"some";"The Lecturer here poured some water over the white sulphate of copper , which 0 *T*-1 immediately became blue , evolving considerable heat at the same time";"water";"water";"";"1";"Faraday, Michael";"l3";"faraday-1859";"SCIENCE OTHER";"u";"s";"G";"wæter";"Strong";"A-Stem";"N";"l3";"k_l3";"c_lmod"
"salt:/ppcmbe2/faraday-1859-1#sTok3542";"any";"any";"or any other substance";"substance";"substance";"";"1";"Faraday, Michael";"l3";"faraday-1859";"SCIENCE OTHER";"c";"s";"R";"";"";"";"";"l3";"k_l3";"c_lmod"
"salt:/ppcmbe2/faraday-1859-1#sTok4136";"every";"every";"every substance <P_16> possesses it";"substance";"substance";"";"1";"Faraday, Michael";"l3";"faraday-1859";"SCIENCE OTHER";"c";"s";"R";"";"";"";"";"l3";"k_l3";"c_lmod"
"salt:/ppcmbe2/faraday-1859-1#sTok4406";"any";"any";"*T*-1 any other substance does *";"substance";"substance";"";"1";"Faraday, Michael";"l3";"faraday-1859";"SCIENCE OTHER";"c";"s";"R";"";"";"";"";"l3";"k_l3";"c_lmod"
"salt:/ppcmbe2/faraday-1859-1#sTok10439";"some";"some";"and some hot water";"water";"water";"";"1";"Faraday, Michael";"l3";"faraday-1859";"SCIENCE OTHER";"u";"s";"G";"wæter";"Strong";"A-Stem";"N";"l3";"k_l3";"c_lmod"
"salt:/ppcmbe2/faraday-1859-1#sTok11370";"any";"any";"I take any hard substance";"substance";"substance";"";"1";"Faraday, Michael";"l3";"faraday-1859";"SCIENCE OTHER";"c";"s";"R";"";"";"";"";"l3";"k_l3";"c_lmod"
"salt:/ppcmbe2/fayrer-1900-1#sTok118";"all";"all";"with all hands";"hands";"hand";"1";"";"Fayrer, Sir Joseph";"l4";"fayrer-1900";"BIOGR AUTO";"c";"c";"G";"hand";"Strong";"U-Stem";"F";"l4";"l_l4";"c_lmod"
"salt:/ppcmbe2/fayrer-1900-1#sTok349";"many";"many";"losing many men";"men";"man";"1";"";"Fayrer, Sir Joseph";"l4";"fayrer-1900";"BIOGR AUTO";"c";"c";"G";"mann";"Weak";"Consonant-Stem";"M/N";"l4";"l_l4";"c_lmod"
"salt:/ppcmbe2/fayrer-1900-1#sTok494";"many";"many";"for many years";"years";"year";"1";"";"Fayrer, Sir Joseph";"l4";"fayrer-1900";"BIOGR AUTO";"c";"a";"G";"gear";"Strong";"A-Stem";"N";"l4";"l_l4";"c_lmod"
"salt:/ppcmbe2/fayrer-1900-1#sTok1207";"every";"every";"and *con* devoured every work of fiction 0 0 *T*-1 I could get .";"work";"work";"";"1";"Fayrer, Sir Joseph";"l4";"fayrer-1900";"BIOGR AUTO";"u";"a";"G";"weorc";"Strong";"A-Stem";"N";"l4";"l_l4";"c_lmod"
"salt:/ppcmbe2/fayrer-1900-1#sTok2012";"several";"several";"A terrific gale which 0 *T*-1 burst over Liverpool one night destroyed several houses";"houses";"house";"1";"";"Fayrer, Sir Joseph";"l4";"fayrer-1900";"BIOGR AUTO";"c";"c";"G";"hus";"Strong";"A-Stem";"N";"l4";"l_l4";"c_lmod"
"salt:/ppcmbe2/fayrer-1900-1#sTok2811";"each";"each";"This we did each day ,";"day";"day";"";"1";"Fayrer, Sir Joseph";"l4";"fayrer-1900";"BIOGR AUTO";"c";"a";"G";"dæg";"Strong";"A-Stem";"M";"l4";"l_l4";"c_lmod"
"salt:/ppcmbe2/fayrer-1900-1#sTok3003";"some";"some";"by some great fish";"fish";"fish";"";"1";"Fayrer, Sir Joseph";"l4";"fayrer-1900";"BIOGR AUTO";"u";"c";"G";"fisc";"Strong";"A-Stem";"M";"l4";"l_l4";"c_lmod"
"salt:/ppcmbe2/fayrer-1900-1#sTok4355";"some";"some";"for some days";"days";"day";"1";"";"Fayrer, Sir Joseph";"l4";"fayrer-1900";"BIOGR AUTO";"c";"a";"G";"dæg";"Strong";"A-Stem";"M";"l4";"l_l4";"c_lmod"
"salt:/ppcmbe2/fayrer-1900-1#sTok4474";"few";"few";"a few days before";"days";"day";"1";"";"Fayrer, Sir Joseph";"l4";"fayrer-1900";"BIOGR AUTO";"c";"a";"G";"dæg";"Strong";"A-Stem";"M";"l4";"l_l4";"c_lmod"
"salt:/ppcmbe2/fayrer-1900-1#sTok5672";"some";"some";"of some years";"years";"year";"1";"";"Fayrer, Sir Joseph";"l4";"fayrer-1900";"BIOGR AUTO";"c";"a";"G";"gear";"Strong";"A-Stem";"N";"l4";"l_l4";"c_lmod"
"salt:/ppcmbe2/fayrer-1900-1#sTok6988";"few";"few";"a few days afterwards";"days";"day";"1";"";"Fayrer, Sir Joseph";"l4";"fayrer-1900";"BIOGR AUTO";"c";"a";"G";"dæg";"Strong";"A-Stem";"M";"l4";"l_l4";"c_lmod"
"salt:/ppcmbe2/fayrer-1900-1#sTok7197";"some";"some";"for some days";"days";"day";"1";"";"Fayrer, Sir Joseph";"l4";"fayrer-1900";"BIOGR AUTO";"c";"a";"G";"dæg";"Strong";"A-Stem";"M";"l4";"l_l4";"c_lmod"
"salt:/ppcmbe2/fayrer-1900-1#sTok7908";"some";"some";"for some days";"days";"day";"1";"";"Fayrer, Sir Joseph";"l4";"fayrer-1900";"BIOGR AUTO";"c";"a";"G";"dæg";"Strong";"A-Stem";"M";"l4";"l_l4";"c_lmod"
"salt:/ppcmbe2/fayrer-1900-1#sTok8141";"all";"all";"and *con* remained there all night .";"night";"night";"";"1";"Fayrer, Sir Joseph";"l4";"fayrer-1900";"BIOGR AUTO";"c";"a";"G";"niht";"Strong";"A-Stem";"N";"l4";"l_l4";"c_lmod"
"salt:/ppcmbe2/fayrer-1900-1#sTok9272";"every";"every";"We generally worked every night ,";"night";"night";"";"1";"Fayrer, Sir Joseph";"l4";"fayrer-1900";"BIOGR AUTO";"c";"a";"G";"niht";"Strong";"A-Stem";"N";"l4";"l_l4";"c_lmod"
"salt:/ppcmbe2/ferguson-1756-2#sTok33";"All";"all";"101. All matter is of itself unactive , and indifferent to motion or rest .";"matter";"matter";"";"1";"Ferguson, James";"l1";"ferguson-1756";"SCIENCE OTHER";"c";"s";"R";"";"";"";"";"l1";"i_l1";"c_lmod"
"salt:/ppcmbe2/ferguson-1756-2#sTok1472";"any";"any";"Therefore any creature , 0 that *T*-1 might be supposed *-2 to live upon the Sun , and upon the different Planets , at different times , would carry a body weighing 24 pounds upon the Earth with the same degree of strength 0 that *T*-3 he could carry a 24th part of that body upon the Sun , or a 12th part of it upon Jupiter , or a 16th part of it upon Saturn .";"creature";"creature";"";"1";"Ferguson, James";"l1";"ferguson-1756";"SCIENCE OTHER";"c";"c";"R";"";"";"";"";"l1";"i_l1";"c_lmod"
"salt:/ppcmbe2/ferguson-1756-2#sTok2429";"every";"every";"to make a Tour round the Starry Heavens every year";"year";"year";"";"1";"Ferguson, James";"l1";"ferguson-1756";"SCIENCE OTHER";"c";"a";"G";"gear";"Strong";"A-Stem";"N";"l1";"i_l1";"c_lmod"
"salt:/ppcmbe2/ferguson-1756-2#sTok2448";"every";"every";"them every day gain upon the Sun 3 minutes 56 seconds , crossing the Meridian so much sooner than on the day before , which 0 *T*-1 is a 365th part of an apparent Revolution";"day";"day";"";"1";"Ferguson, James";"l1";"ferguson-1756";"SCIENCE OTHER";"c";"a";"G";"dæg";"Strong";"A-Stem";"M";"l1";"i_l1";"c_lmod"
"salt:/ppcmbe2/ferguson-1756-2#sTok2641";"all";"all";"all the water in our rivers , seas , and oceans , should run through the hollow of a swan's quill in a minute";"water";"water";"";"1";"Ferguson, James";"l1";"ferguson-1756";"SCIENCE OTHER";"u";"s";"G";"wæter";"Strong";"A-Stem";"N";"l1";"i_l1";"c_lmod"
"salt:/ppcmbe2/ferguson-1756-2#sTok2950";"every";"every";"the Stars to gain so much *ICH*-4 upon the Sun every day as to make 366 apparent Revolutions in 365 days which 0 we shall try *T*-5 to illustrate by the following simile";"day";"day";"";"1";"Ferguson, James";"l1";"ferguson-1756";"SCIENCE OTHER";"c";"a";"G";"dæg";"Strong";"A-Stem";"M";"l1";"i_l1";"c_lmod"
"salt:/ppcmbe2/ferguson-1756-2#sTok3429";"all";"all";"like all other matter";"matter";"matter";"";"1";"Ferguson, James";"l1";"ferguson-1756";"SCIENCE OTHER";"c";"s";"R";"";"";"";"";"l1";"i_l1";"c_lmod"
"salt:/ppcmbe2/ferguson-1756-2#sTok6497";"any";"any";"any man imagine that the Earth and every thing but himself is taken away , and he left alone in the midst of indefinite Space";"man";"man";"";"1";"Ferguson, James";"l1";"ferguson-1756";"SCIENCE OTHER";"c";"c";"G";"mann";"Weak";"Consonant-Stem";"M/N";"l1";"i_l1";"c_lmod"
"salt:/ppcmbe2/ferguson-1756-2#sTok7570";"every";"every";"Therefore the Sun , Planets , and Stars rise every day ,";"day";"day";"";"1";"Ferguson, James";"l1";"ferguson-1756";"SCIENCE OTHER";"c";"a";"G";"dæg";"Strong";"A-Stem";"M";"l1";"i_l1";"c_lmod"
"salt:/ppcmbe2/ferguson-1756-2#sTok8119";"every";"every";"but all the Stars between these two Circles rise and set every day .";"day";"day";"";"1";"Ferguson, James";"l1";"ferguson-1756";"SCIENCE OTHER";"c";"a";"G";"dæg";"Strong";"A-Stem";"M";"l1";"i_l1";"c_lmod"
"salt:/ppcmbe2/ferguson-1756-2#sTok8348";"every";"every";"all the Stars , together with the Sun and Moon , rise and set to him every day";"day";"day";"";"1";"Ferguson, James";"l1";"ferguson-1756";"SCIENCE OTHER";"c";"a";"G";"dæg";"Strong";"A-Stem";"M";"l1";"i_l1";"c_lmod"
"salt:/ppcmbe2/ferguson-1756-2#sTok8599";"every";"every";"the Earth goes round the Sun every year in the Ecliptic , one half of which 0 *T*-1 is on the north side of the Equinoctial and the other half on it's south side";"year";"year";"";"1";"Ferguson, James";"l1";"ferguson-1756";"SCIENCE OTHER";"c";"a";"G";"gear";"Strong";"A-Stem";"N";"l1";"i_l1";"c_lmod"
"salt:/ppcmbe2/ferguson-1756-2#sTok8635";"every";"every";"to change his place every day , so as to go once round the Circle <font> YCX <$$font> every year";"day";"day";"";"1";"Ferguson, James";"l1";"ferguson-1756";"SCIENCE OTHER";"c";"a";"G";"dæg";"Strong";"A-Stem";"M";"l1";"i_l1";"c_lmod"
"salt:/ppcmbe2/ferguson-1756-2#sTok8649";"every";"every";"to go once round the Circle <font> YCX <$$font> every year";"year";"year";"";"1";"Ferguson, James";"l1";"ferguson-1756";"SCIENCE OTHER";"c";"a";"G";"gear";"Strong";"A-Stem";"N";"l1";"i_l1";"c_lmod"
"salt:/ppcmbe2/ferguson-1756-2#sTok8796";"every";"every";"As 0 the Sun declines southward from <font> y <$$font> he describes smaller diurnal and greater nocturnal Arches , or Portions of Circles , every day ; which 0 *T*-1 causes the days to shorten and nights to lengthen , until 0 he arrives again at the Parallel <font> abX <$$font> ; which 0 *T*-2 having only the small portion <font> ab <$$font> above the Horizon <font> MCL , <$$font> and the greatest portion <font> bX <$$font> below it , the days are at the shortest and the nights at the longest ; because 0 the Sun recedes no farther south , but *con* returns northward as before .";"day";"day";"";"1";"Ferguson, James";"l1";"ferguson-1756";"SCIENCE OTHER";"c";"a";"G";"dæg";"Strong";"A-Stem";"M";"l1";"i_l1";"c_lmod"
"salt:/ppcmbe2/ferguson-1756-2#sTok8899";"every";"every";"twice every year";"year";"year";"";"1";"Ferguson, James";"l1";"ferguson-1756";"SCIENCE OTHER";"c";"a";"G";"gear";"Strong";"A-Stem";"N";"l1";"i_l1";"c_lmod"
"salt:/ppcmbe2/fielding1-1735-2#sTok1167";"all";"all";"With all my Heart and Soul";"Heart";"heart";"";"1";"Fielding, Henry";"l1";"fielding1-1735";"DRAMA COMEDY";"c";"c";"G";"heorte";"Weak";"N-Stem";"F";"l1";"i_l1";"c_lmod"
"salt:/ppcmbe2/fielding1-1735-2#sTok1594";"no";"no";"And yet no man wishes a Man Joy of being Condemn'd or of getting the Plague .";"man";"man";"";"1";"Fielding, Henry";"l1";"fielding1-1735";"DRAMA COMEDY";"c";"c";"G";"mann";"Weak";"Consonant-Stem";"M/N";"l1";"i_l1";"c_lmod"
"salt:/ppcmbe2/fielding1-1735-2#sTok1772";"no";"no";"to no such Man";"Man";"man";"";"1";"Fielding, Henry";"l1";"fielding1-1735";"DRAMA COMEDY";"c";"c";"G";"mann";"Weak";"Consonant-Stem";"M/N";"l1";"i_l1";"c_lmod"
"salt:/ppcmbe2/fielding1-1735-2#sTok3072";"all";"all";"I had rather walk on Foot all the Days of my Life";"Days";"day";"1";"";"Fielding, Henry";"l1";"fielding1-1735";"DRAMA COMEDY";"c";"a";"G";"dæg";"Strong";"A-Stem";"M";"l1";"i_l1";"c_lmod"
"salt:/ppcmbe2/fielding1-1735-2#sTok4336";"all";"all";"exercising all manner of Tyranny over us";"manner";"manner";"";"1";"Fielding, Henry";"l1";"fielding1-1735";"DRAMA COMEDY";"u";"a";"R";"";"";"";"";"l1";"i_l1";"c_lmod"
"salt:/ppcmbe2/fielding1-1735-2#sTok6074";"all";"all";"of all Men breathing";"Men";"man";"1";"";"Fielding, Henry";"l1";"fielding1-1735";"DRAMA COMEDY";"c";"c";"G";"mann";"Weak";"Consonant-Stem";"M/N";"l1";"i_l1";"c_lmod"
"salt:/ppcmbe2/fielding1-1735-2#sTok7118";"all";"all";"with all my Heart";"Heart";"heart";"";"1";"Fielding, Henry";"l1";"fielding1-1735";"DRAMA COMEDY";"c";"c";"G";"heorte";"Weak";"N-Stem";"F";"l1";"i_l1";"c_lmod"
"salt:/ppcmbe2/fielding1-1735-2#sTok7322";"any";"any";"I have any Love for her";"Love";"love";"";"1";"Fielding, Henry";"l1";"fielding1-1735";"DRAMA COMEDY";"u";"a";"G";"lufu";"Strong";"O-Stem";"F";"l1";"i_l1";"c_lmod"
"salt:/ppcmbe2/fielding1-1735-2#sTok7705";"all";"all";"with all my Heart";"Heart";"heart";"";"1";"Fielding, Henry";"l1";"fielding1-1735";"DRAMA COMEDY";"c";"c";"G";"heorte";"Weak";"N-Stem";"F";"l1";"i_l1";"c_lmod"
"salt:/ppcmbe2/fielding1-1735-2#sTok9792";"some";"some";"<font> Cla. <$$font> Yes , but some Men are Jealous without any Reason .";"Men";"man";"1";"";"Fielding, Henry";"l1";"fielding1-1735";"DRAMA COMEDY";"c";"c";"G";"mann";"Weak";"Consonant-Stem";"M/N";"l1";"i_l1";"c_lmod"
"salt:/ppcmbe2/fielding1-1735-2#sTok9806";"some";"some";"<font> Gay . <$$font> And some Men are fond without any Reason .";"Men";"man";"1";"";"Fielding, Henry";"l1";"fielding1-1735";"DRAMA COMEDY";"c";"c";"G";"mann";"Weak";"Consonant-Stem";"M/N";"l1";"i_l1";"c_lmod"
"salt:/ppcmbe2/fielding1-1735-2#sTok10257";"any";"any";"to any Man";"Man";"man";"";"1";"Fielding, Henry";"l1";"fielding1-1735";"DRAMA COMEDY";"c";"c";"G";"mann";"Weak";"Consonant-Stem";"M/N";"l1";"i_l1";"c_lmod"
"salt:/ppcmbe2/fielding1-1735-2#sTok10302";"all";"all";"but all you Creatures are so fond of green Fruit .";"Creatures";"creature";"1";"";"Fielding, Henry";"l1";"fielding1-1735";"DRAMA COMEDY";"c";"c";"R";"";"";"";"";"l1";"i_l1";"c_lmod"
"salt:/ppcmbe2/fielding1-1735-2#sTok11323";"every";"every";"*T*-1 satisfies every reasonable Man";"Man";"man";"";"1";"Fielding, Henry";"l1";"fielding1-1735";"DRAMA COMEDY";"c";"c";"G";"mann";"Weak";"Consonant-Stem";"M/N";"l1";"i_l1";"c_lmod"
"salt:/ppcmbe2/fielding1-1735-2#sTok13546";"several";"several";"to have several Names and titles";"Names";"name";"1";"";"Fielding, Henry";"l1";"fielding1-1735";"DRAMA COMEDY";"c";"a";"G";"nama";"Weak";"N-Stem";"M";"l1";"i_l1";"c_lmod"
"salt:/ppcmbe2/fielding1-1749-1#sTok1341";"many";"many";"of many Years";"Years";"year";"1";"";"Fielding, Henry";"l1";"fielding1-1749";"FICTION";"c";"a";"G";"gear";"Strong";"A-Stem";"N";"l1";"i_l1";"c_lmod"
"salt:/ppcmbe2/fielding1-1749-1#sTok5092";"all";"all";"with all my Heart";"Heart";"heart";"";"1";"Fielding, Henry";"l1";"fielding1-1749";"FICTION";"c";"c";"G";"heorte";"Weak";"N-Stem";"F";"l1";"i_l1";"c_lmod"
"salt:/ppcmbe2/fielding1-1749-1#sTok8456";"all";"all";"of all her numerous Enemies";"Enemies";"enemy";"1";"";"Fielding, Henry";"l1";"fielding1-1749";"FICTION";"c";"c";"R";"";"";"";"";"l1";"i_l1";"c_lmod"
"salt:/ppcmbe2/fielding1-1749-1#sTok8475";"all";"all";"*T*-1 the Dread of all her numerous Enemies , and chiefly of that cunning , cruel , carnivorous Animal Man , had confined all the Day to her Lurking-place";"Day";"day";"";"1";"Fielding, Henry";"l1";"fielding1-1749";"FICTION";"c";"a";"G";"dæg";"Strong";"A-Stem";"M";"l1";"i_l1";"c_lmod"
"salt:/ppcmbe2/fielding1-1749-1#sTok8491";"some";"some";"on some hollow Tree";"Tree";"tree";"";"1";"Fielding, Henry";"l1";"fielding1-1749";"FICTION";"c";"c";"G";"treow";"Strong";"A-Stem";"N";"l1";"i_l1";"c_lmod"
"salt:/ppcmbe2/fielding1-1749-1#sTok10295";"no";"no";"I have no Wife";"Wife";"wife";"";"1";"Fielding, Henry";"l1";"fielding1-1749";"FICTION";"c";"c";"G";"wif";"Strong";"A-Stem";"N";"l1";"i_l1";"c_lmod"
"salt:/ppcmbe2/fielding1-1749-1#sTok12135";"all";"all";"you $do $n't {TEXT:don't} mind all these Matters better";"Matters";"matter";"1";"";"Fielding, Henry";"l1";"fielding1-1749";"FICTION";"c";"s";"R";"";"";"";"";"l1";"i_l1";"c_lmod"
"salt:/ppcmbe2/fielding1-1749-1#sTok12681";"some";"some";"to set some cold Meat *ICH*-2 before them , which 0 *T*-3 they were devouring with great Greediness , when <font> 0 Partridge <$$font> came into the Kitchen";"Meat";"meat";"";"1";"Fielding, Henry";"l1";"fielding1-1749";"FICTION";"u";"s";"G";"mete";"Strong";"A-Stem";"M";"l1";"i_l1";"c_lmod"
"salt:/ppcmbe2/fielding1-1754-2#sTok852";"all";"all";"by all manner of insults and jests on my misery";"manner";"manner";"";"1";"Fielding, Henry";"l1";"fielding1-1754";"TRAVELOGUE";"u";"a";"R";"";"";"";"";"l1";"i_l1";"c_lmod"
"salt:/ppcmbe2/fielding1-1754-2#sTok863";"No";"no";"No man who 0 *T*-1 knew me will think 0 I conceived any personal redentment at this behaviour ;";"man";"man";"";"1";"Fielding, Henry";"l1";"fielding1-1754";"TRAVELOGUE";"c";"c";"G";"mann";"Weak";"Consonant-Stem";"M/N";"l1";"i_l1";"c_lmod"
"salt:/ppcmbe2/fielding1-1754-2#sTok1687";"many";"many";"There are many evils *ICH*-2 in society , from which 0 *T*-3 people of the highest rank are so entirely exempt , that they have not the least knowledge or idea of them ; nor , indeed , of the characters which 0 *T*-5 are formed by them .";"evils";"evil";"1";"";"Fielding, Henry";"l1";"fielding1-1754";"TRAVELOGUE";"u";"a";"G";"yfel";"Strong";"A-Stem";"N";"l1";"i_l1";"c_lmod"
"salt:/ppcmbe2/fielding1-1754-2#sTok3076";"no";"no";"no men *ICH*-2 are born to be slaves , except barbarians";"men";"man";"1";"";"Fielding, Henry";"l1";"fielding1-1754";"TRAVELOGUE";"c";"c";"G";"mann";"Weak";"Consonant-Stem";"M/N";"l1";"i_l1";"c_lmod"
"salt:/ppcmbe2/fielding1-1754-2#sTok3127";"no";"no";"no man is born to be a slave , unless to him who 0 *T*-1 is able to make him so";"man";"man";"";"1";"Fielding, Henry";"l1";"fielding1-1754";"TRAVELOGUE";"c";"c";"G";"mann";"Weak";"Consonant-Stem";"M/N";"l1";"i_l1";"c_lmod"
"salt:/ppcmbe2/fielding1-1754-2#sTok3213";"both";"both";"of both countries";"countries";"country";"1";"";"Fielding, Henry";"l1";"fielding1-1754";"TRAVELOGUE";"c";"c";"R";"";"";"";"";"l1";"i_l1";"c_lmod"
"salt:/ppcmbe2/fielding1-1754-2#sTok5984";"any";"any";"in any country";"country";"country";"";"1";"Fielding, Henry";"l1";"fielding1-1754";"TRAVELOGUE";"c";"c";"R";"";"";"";"";"l1";"i_l1";"c_lmod"
"salt:/ppcmbe2/fielding1-1754-2#sTok7315";"no";"no";"for it was no easy matter";"matter";"matter";"";"1";"Fielding, Henry";"l1";"fielding1-1754";"TRAVELOGUE";"c";"s";"R";"";"";"";"";"l1";"i_l1";"c_lmod"
"salt:/ppcmbe2/fielding1-1754-2#sTok7655";"any";"any";"in any country 0 0 *T*-1 they visit";"country";"country";"";"1";"Fielding, Henry";"l1";"fielding1-1754";"TRAVELOGUE";"c";"c";"R";"";"";"";"";"l1";"i_l1";"c_lmod"
"salt:/ppcmbe2/fielding1-1754-2#sTok10023";"all";"all";"with all manner of salt provisions";"manner";"manner";"";"1";"Fielding, Henry";"l1";"fielding1-1754";"TRAVELOGUE";"u";"a";"R";"";"";"";"";"l1";"i_l1";"c_lmod"
"salt:/ppcmbe2/fielding1-1754-2#sTok10495";"all";"all";"all men who 0 *T*-1 have ever been at sea , well know how weak 0 *T*-2 such attempts are";"men";"man";"1";"";"Fielding, Henry";"l1";"fielding1-1754";"TRAVELOGUE";"c";"c";"G";"mann";"Weak";"Consonant-Stem";"M/N";"l1";"i_l1";"c_lmod"
"salt:/ppcmbe2/fielding1-1754-2#sTok12823";"all";"all";"all hands , as 0 0 *T*-2 the phrase is , employed to recover the poor animal";"hands";"hand";"1";"";"Fielding, Henry";"l1";"fielding1-1754";"TRAVELOGUE";"c";"c";"G";"hand";"Strong";"U-Stem";"F";"l1";"i_l1";"c_lmod"
"salt:/ppcmbe2/fielding2-1744-2#sTok731";"any";"any";"with any Man , but him 0 0 she intended *T*-1 to marry";"Man";"man";"";"1";"Fielding, Sarah";"l1";"fielding2-1744";"FICTION";"c";"c";"G";"mann";"Weak";"Consonant-Stem";"M/N";"l1";"i_l1";"c_lmod"
"salt:/ppcmbe2/fielding2-1744-2#sTok3292";"many";"many";"many a Brother in your Case , I believe , 0 *ICH*-1 would think themselves very happy , to meet with the Usage 0 0 *T*-2 you have , without wanting to make mischief in Families .";"Brother";"brother";"";"1";"Fielding, Sarah";"l1";"fielding2-1744";"FICTION";"c";"c";"G";"broþor";"Irregular";"Stem in -r";"M";"l1";"i_l1";"c_lmod"
"salt:/ppcmbe2/fielding2-1744-2#sTok4757";"no";"no";"for being far from home , and an utter Stranger , no <P_1,22> private House would have admitted him .";"House";"house";"";"1";"Fielding, Sarah";"l1";"fielding2-1744";"FICTION";"c";"c";"G";"hus";"Strong";"A-Stem";"N";"l1";"i_l1";"c_lmod"
"salt:/ppcmbe2/fielding2-1744-2#sTok5452";"every";"every";"and her Merit decreased every day more and more in his Eyes .";"day";"day";"";"1";"Fielding, Sarah";"l1";"fielding2-1744";"FICTION";"c";"a";"G";"dæg";"Strong";"A-Stem";"M";"l1";"i_l1";"c_lmod"
"salt:/ppcmbe2/fielding2-1744-2#sTok8379";"half";"half";"within half a Year";"Year";"year";"";"1";"Fielding, Sarah";"l1";"fielding2-1744";"FICTION";"c";"a";"G";"gear";"Strong";"A-Stem";"N";"l1";"i_l1";"c_lmod"
"salt:/ppcmbe2/fielding2-1744-2#sTok9135";"any";"any";"any Man worthy to be called by that Name";"Man";"man";"";"1";"Fielding, Sarah";"l1";"fielding2-1744";"FICTION";"c";"c";"G";"mann";"Weak";"Consonant-Stem";"M/N";"l1";"i_l1";"c_lmod"
"salt:/ppcmbe2/fielding2-1744-2#sTok10695";"no";"no";"It was no hard matter to persuade the young Man , to what 0 his Inclination so strongly prompted him to comply with *T*-2 ; though 0 this Inclination was so newly *ICH*-3 born , 0 he hardly knew himself <P_1,44> from what Motive 0 *T*-4 his desire of staying there arose .";"matter";"matter";"";"1";"Fielding, Sarah";"l1";"fielding2-1744";"FICTION";"c";"s";"R";"";"";"";"";"l1";"i_l1";"c_lmod"
"salt:/ppcmbe2/fielding2-1744-2#sTok12222";"all";"all";"with all his heart";"heart";"heart";"";"1";"Fielding, Sarah";"l1";"fielding2-1744";"FICTION";"c";"c";"G";"heorte";"Weak";"N-Stem";"F";"l1";"i_l1";"c_lmod"
"salt:/ppcmbe2/fleming-1886-1#sTok57";"no";"no";"a portion always being thrown out of the body undigested , no matter what amount of preparation 0 *T*-1 it may have undergone";"matter";"matter";"";"1";"Fleming, George";"l4";"fleming-1886";"HANDB OTHER";"c";"s";"R";"";"";"";"";"l4";"l_l4";"c_lmod"
"salt:/ppcmbe2/fleming-1886-1#sTok380";"each";"each";"of each substance";"substance";"substance";"";"1";"Fleming, George";"l4";"fleming-1886";"HANDB OTHER";"c";"s";"R";"";"";"";"";"l4";"l_l4";"c_lmod"
"salt:/ppcmbe2/fleming-1886-1#sTok5165";"any";"any";"or any foreign matter";"matter";"matter";"";"1";"Fleming, George";"l4";"fleming-1886";"HANDB OTHER";"c";"s";"R";"";"";"";"";"l4";"l_l4";"c_lmod"
"salt:/ppcmbe2/fleming-1886-1#sTok5833";"all";"all";"for all horses";"horses";"horse";"1";"";"Fleming, George";"l4";"fleming-1886";"HANDB OTHER";"c";"c";"G";"hors";"Strong";"A-Stem";"N";"l4";"l_l4";"c_lmod"
"salt:/ppcmbe2/fleming-1886-1#sTok5865";"little";"little";"doing little work in winter";"work";"work";"";"1";"Fleming, George";"l4";"fleming-1886";"HANDB OTHER";"u";"a";"G";"weorc";"Strong";"A-Stem";"N";"l4";"l_l4";"c_lmod"
"salt:/ppcmbe2/fleming-1886-1#sTok6296";"No";"no";"No matter how perfectly 0 *T*-1 mastication and digestion may succeed in extracting nourishment from unbroken and unprepared grain , the abridgment of labour and duration in these processes must be a saving to the animal ;";"matter";"matter";"";"1";"Fleming, George";"l4";"fleming-1886";"HANDB OTHER";"c";"s";"R";"";"";"";"";"l4";"l_l4";"c_lmod"
"salt:/ppcmbe2/fleming-1886-1#sTok7823";"every";"every";"*T*-1 performs steady hard work for a number of hours every day";"day";"day";"";"1";"Fleming, George";"l4";"fleming-1886";"HANDB OTHER";"c";"a";"G";"dæg";"Strong";"A-Stem";"M";"l4";"l_l4";"c_lmod"
"salt:/ppcmbe2/fleming-1886-1#sTok8062";"each";"each";"each horse was allowed a drink *T*-1 on coming to his stable when 0 the day's work was completed";"horse";"horse";"";"1";"Fleming, George";"l4";"fleming-1886";"HANDB OTHER";"c";"c";"G";"hors";"Strong";"A-Stem";"N";"l4";"l_l4";"c_lmod"
"salt:/ppcmbe2/fleming-1886-1#sTok8271";"every";"every";"moderately worked at equable and regular labour every day";"day";"day";"";"1";"Fleming, George";"l4";"fleming-1886";"HANDB OTHER";"c";"a";"G";"dæg";"Strong";"A-Stem";"M";"l4";"l_l4";"c_lmod"
"salt:/ppcmbe2/fleming-1886-1#sTok8377";"Every";"every";"Every Saturday night each horse is given a mash of linseed , mixed with a small proportion of bran , boiled altogether and given warm .";"night";"night";"";"1";"Fleming, George";"l4";"fleming-1886";"HANDB OTHER";"c";"a";"G";"niht";"Strong";"A-Stem";"N";"l4";"l_l4";"c_lmod"
"salt:/ppcmbe2/fleming-1886-1#sTok8380";"each";"each";"Every Saturday night each horse is given a mash of linseed , mixed with a small proportion of bran , boiled altogether and given warm .";"horse";"horse";"";"1";"Fleming, George";"l4";"fleming-1886";"HANDB OTHER";"c";"c";"G";"hors";"Strong";"A-Stem";"N";"l4";"l_l4";"c_lmod"
"salt:/ppcmbe2/fleming-1886-1#sTok9591";"Some";"some";"Some horses drink more than others ;";"horses";"horse";"1";"";"Fleming, George";"l4";"fleming-1886";"HANDB OTHER";"c";"c";"G";"hors";"Strong";"A-Stem";"N";"l4";"l_l4";"c_lmod"
"salt:/ppcmbe2/fleming-1886-1#sTok10156";"some";"some";"with some horses in our own country";"horses";"horse";"1";"";"Fleming, George";"l4";"fleming-1886";"HANDB OTHER";"c";"c";"G";"hors";"Strong";"A-Stem";"N";"l4";"l_l4";"c_lmod"
"salt:/ppcmbe2/fleming-1886-1#sTok10183";"all";"all";"with all horses";"horses";"horse";"1";"";"Fleming, George";"l4";"fleming-1886";"HANDB OTHER";"c";"c";"G";"hors";"Strong";"A-Stem";"N";"l4";"l_l4";"c_lmod"
"salt:/ppcmbe2/fleming-1886-1#sTok10813";"some";"some";"for some extremely thin-skinned , fine-coated horses";"horses";"horse";"1";"";"Fleming, George";"l4";"fleming-1886";"HANDB OTHER";"c";"c";"G";"hors";"Strong";"A-Stem";"N";"l4";"l_l4";"c_lmod"
"salt:/ppcmbe2/forster1-1827-2#sTok2126";"every";"every";"*T*-4 lighteth every man 0 that *T*-5 cometh into the world";"man";"man";"";"1";"Forster, Thomas Furley";"l3";"forster1-1827";"HANDB OTHER";"c";"c";"G";"mann";"Weak";"Consonant-Stem";"M/N";"l3";"k_l3";"c_lmod"
"salt:/ppcmbe2/forster1-1827-2#sTok4150";"all";"all";"at particular seasons , and in particular kinds of weather , cocks habitually crow all day";"day";"day";"";"1";"Forster, Thomas Furley";"l3";"forster1-1827";"HANDB OTHER";"c";"a";"G";"dæg";"Strong";"A-Stem";"M";"l3";"k_l3";"c_lmod"
"salt:/ppcmbe2/forster1-1827-2#sTok4194";"all";"all";"During the calm , still , dry , dark , and warm weather sometimes occurring in the winter months , and which 0 *T*-1 may be called *-2 the halcyon days of our climate , cocks keep a constant crowing all night and day .";"night";"night";"";"1";"Forster, Thomas Furley";"l3";"forster1-1827";"HANDB OTHER";"c";"a";"G";"niht";"Strong";"A-Stem";"N";"l3";"k_l3";"c_lmod"
"salt:/ppcmbe2/forster1-1827-2#sTok4250";"all";"all";"cocks crow all day";"day";"day";"";"1";"Forster, Thomas Furley";"l3";"forster1-1827";"HANDB OTHER";"c";"a";"G";"dæg";"Strong";"A-Stem";"M";"l3";"k_l3";"c_lmod"
"salt:/ppcmbe2/forster1-1827-2#sTok4285";"all";"all";"the crowing of cocks all night at Christmas";"night";"night";"";"1";"Forster, Thomas Furley";"l3";"forster1-1827";"HANDB OTHER";"c";"a";"G";"niht";"Strong";"A-Stem";"N";"l3";"k_l3";"c_lmod"
"salt:/ppcmbe2/forster1-1827-2#sTok5174";"all";"all";"*T*-1 remains in blow more or less all the year";"year";"year";"";"1";"Forster, Thomas Furley";"l3";"forster1-1827";"HANDB OTHER";"c";"a";"G";"gear";"Strong";"A-Stem";"N";"l3";"k_l3";"c_lmod"
"salt:/ppcmbe2/forster1-1827-2#sTok5278";"all";"all";"and all the year";"year";"year";"";"1";"Forster, Thomas Furley";"l3";"forster1-1827";"HANDB OTHER";"c";"a";"G";"gear";"Strong";"A-Stem";"N";"l3";"k_l3";"c_lmod"
"salt:/ppcmbe2/forster1-1827-2#sTok6307";"much";"much";"eating much fruit";"fruit";"fruit";"";"1";"Forster, Thomas Furley";"l3";"forster1-1827";"HANDB OTHER";"c";"s";"R";"";"";"";"";"l3";"k_l3";"c_lmod"
"salt:/ppcmbe2/forster1-1827-2#sTok7786";"every";"every";"*T*-2 close before evening every day";"day";"day";"";"1";"Forster, Thomas Furley";"l3";"forster1-1827";"HANDB OTHER";"c";"a";"G";"dæg";"Strong";"A-Stem";"M";"l3";"k_l3";"c_lmod"
"salt:/ppcmbe2/forster1-1827-2#sTok11790";"all";"all";"Marigolds flower all the year ,";"year";"year";"";"1";"Forster, Thomas Furley";"l3";"forster1-1827";"HANDB OTHER";"c";"a";"G";"gear";"Strong";"A-Stem";"N";"l3";"k_l3";"c_lmod"
"salt:/ppcmbe2/forster2-1910-2#sTok4021";"some";"some";"in some book or other";"book";"book";"";"1";"Forster, Edward Morgan";"l4";"forster2-1910";"FICTION";"c";"c";"G";"boc";"Weak";"Consonant-Stem";"F";"l4";"l_l4";"c_lmod"
"salt:/ppcmbe2/forster2-1910-2#sTok6815";"Several";"several";"Several days passed .";"days";"day";"1";"";"Forster, Edward Morgan";"l4";"forster2-1910";"FICTION";"c";"a";"G";"dæg";"Strong";"A-Stem";"M";"l4";"l_l4";"c_lmod"
"salt:/ppcmbe2/forster2-1910-2#sTok8115";"every";"every";"But oh , it is clumsier every year . \"";"year";"year";"";"1";"Forster, Edward Morgan";"l4";"forster2-1910";"FICTION";"c";"a";"G";"gear";"Strong";"A-Stem";"N";"l4";"l_l4";"c_lmod"
"salt:/ppcmbe2/forster2-1910-2#sTok9188";"some";"some";"Might I come some other day";"day";"day";"";"1";"Forster, Edward Morgan";"l4";"forster2-1910";"FICTION";"c";"a";"G";"dæg";"Strong";"A-Stem";"M";"l4";"l_l4";"c_lmod"
"salt:/ppcmbe2/forster2-1910-2#sTok9679";"some";"some";"Might I come some other day";"day";"day";"";"1";"Forster, Edward Morgan";"l4";"forster2-1910";"FICTION";"c";"a";"G";"dæg";"Strong";"A-Stem";"M";"l4";"l_l4";"c_lmod"
"salt:/ppcmbe2/forster2-1910-2#sTok9694";"no";"no";"There would be no other day .";"day";"day";"";"1";"Forster, Edward Morgan";"l4";"forster2-1910";"FICTION";"c";"a";"G";"dæg";"Strong";"A-Stem";"M";"l4";"l_l4";"c_lmod"
"salt:/ppcmbe2/forster2-1910-2#sTok11540";"no";"no";"and no other house stood near .";"house";"house";"";"1";"Forster, Edward Morgan";"l4";"forster2-1910";"FICTION";"c";"c";"G";"hus";"Strong";"A-Stem";"N";"l4";"l_l4";"c_lmod"
"salt:/ppcmbe2/forster2-191x-2#sTok3309";"some";"some";"Might I bring him some day";"day";"day";"";"1";"Forster, Edward Morgan";"l4";"forster2-191x";"LET PRIV";"c";"a";"G";"dæg";"Strong";"A-Stem";"M";"l4";"l_l4";"c_lmod"
"salt:/ppcmbe2/forster2-191x-2#sTok5019";"some";"some";"do some work";"work";"work";"";"1";"Forster, Edward Morgan";"l4";"forster2-191x";"LET PRIV";"u";"a";"G";"weorc";"Strong";"A-Stem";"N";"l4";"l_l4";"c_lmod"
"salt:/ppcmbe2/forster2-191x-2#sTok6378";"all";"all";"all day I never passed through a village";"day";"day";"";"1";"Forster, Edward Morgan";"l4";"forster2-191x";"LET PRIV";"c";"a";"G";"dæg";"Strong";"A-Stem";"M";"l4";"l_l4";"c_lmod"
"salt:/ppcmbe2/forster2-191x-2#sTok6474";"all";"all";"I have been writing letters all day ,";"day";"day";"";"1";"Forster, Edward Morgan";"l4";"forster2-191x";"LET PRIV";"c";"a";"G";"dæg";"Strong";"A-Stem";"M";"l4";"l_l4";"c_lmod"
"salt:/ppcmbe2/forster2-191x-2#sTok7157";"many";"many";"with many interesting matters";"matters";"matter";"1";"";"Forster, Edward Morgan";"l4";"forster2-191x";"LET PRIV";"c";"s";"R";"";"";"";"";"l4";"l_l4";"c_lmod"
"salt:/ppcmbe2/forster2-191x-2#sTok8625";"all";"all";"I am engaged all day ,";"day";"day";"";"1";"Forster, Edward Morgan";"l4";"forster2-191x";"LET PRIV";"c";"a";"G";"dæg";"Strong";"A-Stem";"M";"l4";"l_l4";"c_lmod"
"salt:/ppcmbe2/forster2-191x-2#sTok10213";"some";"some";"to fix some day for your visit to her";"day";"day";"";"1";"Forster, Edward Morgan";"l4";"forster2-191x";"LET PRIV";"c";"a";"G";"dæg";"Strong";"A-Stem";"M";"l4";"l_l4";"c_lmod"
"salt:/ppcmbe2/forster2-191x-2#sTok11535";"all";"all";"Can you have him with you all the year";"year";"year";"";"1";"Forster, Edward Morgan";"l4";"forster2-191x";"LET PRIV";"c";"a";"G";"gear";"Strong";"A-Stem";"N";"l4";"l_l4";"c_lmod"
"salt:/ppcmbe2/frost-1840-1#sTok2696";"any";"any";"Are there any other houses near yours";"houses";"house";"1";"";"n/a";"l3";"frost-1840";"PROC TRIAL";"c";"c";"G";"hus";"Strong";"A-Stem";"N";"l3";"k_l3";"c_lmod"
"salt:/ppcmbe2/frost-1840-1#sTok2766";"any";"any";"I do not know any name to the street .";"name";"name";"";"1";"n/a";"l3";"frost-1840";"PROC TRIAL";"c";"a";"G";"nama";"Weak";"N-Stem";"M";"l3";"k_l3";"c_lmod"
"salt:/ppcmbe2/frost-1840-1#sTok2948";"no";"no";"Is there no name to the place in which 0 *T*-2 those houses are";"name";"name";"";"1";"n/a";"l3";"frost-1840";"PROC TRIAL";"c";"a";"G";"nama";"Weak";"N-Stem";"M";"l3";"k_l3";"c_lmod"
"salt:/ppcmbe2/frost-1840-1#sTok2992";"any";"any";"it never had any name to it .";"name";"name";"";"1";"n/a";"l3";"frost-1840";"PROC TRIAL";"c";"a";"G";"nama";"Weak";"N-Stem";"M";"l3";"k_l3";"c_lmod"
"salt:/ppcmbe2/frost-1840-1#sTok6798";"any";"any";"any men fall , as though shot";"men";"man";"1";"";"n/a";"l3";"frost-1840";"PROC TRIAL";"c";"c";"G";"mann";"Weak";"Consonant-Stem";"M/N";"l3";"k_l3";"c_lmod"
"salt:/ppcmbe2/frost-1840-1#sTok7797";"many";"many";"- I have known him these many years .";"years";"year";"1";"";"n/a";"l3";"frost-1840";"PROC TRIAL";"c";"a";"G";"gear";"Strong";"A-Stem";"N";"l3";"k_l3";"c_lmod"
"salt:/ppcmbe2/frost-1840-1#sTok11628";"several";"several";"for several years";"years";"year";"1";"";"n/a";"l3";"frost-1840";"PROC TRIAL";"c";"a";"G";"gear";"Strong";"A-Stem";"N";"l3";"k_l3";"c_lmod"
"salt:/ppcmbe2/frost-1840-1#sTok12256";"every";"every";"every man who 0 *T*-1 was acquainted with his place of abode would say 0 it was in the borough";"man";"man";"";"1";"n/a";"l3";"frost-1840";"PROC TRIAL";"c";"c";"G";"mann";"Weak";"Consonant-Stem";"M/N";"l3";"k_l3";"c_lmod"
"salt:/ppcmbe2/frost-1840-1#sTok12703";"no";"no";"there is no name to the street where 0 *T*-2 he lives";"name";"name";"";"1";"n/a";"l3";"frost-1840";"PROC TRIAL";"c";"a";"G";"nama";"Weak";"N-Stem";"M";"l3";"k_l3";"c_lmod"
"salt:/ppcmbe2/frost-1840-1#sTok13997";"any";"any";"the lot of houses there had any definite name";"name";"name";"";"1";"n/a";"l3";"frost-1840";"PROC TRIAL";"c";"a";"G";"nama";"Weak";"N-Stem";"M";"l3";"k_l3";"c_lmod"
"salt:/ppcmbe2/frost-1840-1#sTok15016";"any";"any";"by any name";"name";"name";"";"1";"n/a";"l3";"frost-1840";"PROC TRIAL";"c";"a";"G";"nama";"Weak";"N-Stem";"M";"l3";"k_l3";"c_lmod"
"salt:/ppcmbe2/frost-1840-1#sTok15029";"several";"several";"by several names";"names";"name";"1";"";"n/a";"l3";"frost-1840";"PROC TRIAL";"c";"a";"G";"nama";"Weak";"N-Stem";"M";"l3";"k_l3";"c_lmod"
"salt:/ppcmbe2/frost-1840-1#sTok15511";"all";"all";"Did you remain out all night";"night";"night";"";"1";"n/a";"l3";"frost-1840";"PROC TRIAL";"c";"a";"G";"niht";"Strong";"A-Stem";"N";"l3";"k_l3";"c_lmod"
"salt:/ppcmbe2/frost-1840-1#sTok15526";"all";"all";"I remained from home all night";"night";"night";"";"1";"n/a";"l3";"frost-1840";"PROC TRIAL";"c";"a";"G";"niht";"Strong";"A-Stem";"N";"l3";"k_l3";"c_lmod"
"salt:/ppcmbe2/frost-1840-1#sTok15546";"all";"all";"Did you remain out , with a view to keep the peace of the town , all night";"night";"night";"";"1";"n/a";"l3";"frost-1840";"PROC TRIAL";"c";"a";"G";"niht";"Strong";"A-Stem";"N";"l3";"k_l3";"c_lmod"
"salt:/ppcmbe2/frost-1840-1#sTok18146";"several";"several";"*T*-1 he was a magistrate - several years";"years";"year";"1";"";"n/a";"l3";"frost-1840";"PROC TRIAL";"c";"a";"G";"gear";"Strong";"A-Stem";"N";"l3";"k_l3";"c_lmod"
"salt:/ppcmbe2/frost-1840-1#sTok19152";"all";"all";"It was the current report all night , long before 0 the main body came to the town , that they were taking them up one by one .";"night";"night";"";"1";"n/a";"l3";"frost-1840";"PROC TRIAL";"c";"a";"G";"niht";"Strong";"A-Stem";"N";"l3";"k_l3";"c_lmod"
"salt:/ppcmbe2/frost-1840-1#sTok19798";"no";"no";"there were , as a matter of notoriety , general complaints *ICH*-2 , no matter by whom , of the treatment of a person of the name of Vincent";"matter";"matter";"";"1";"n/a";"l3";"frost-1840";"PROC TRIAL";"c";"s";"R";"";"";"";"";"l3";"k_l3";"c_lmod"
"salt:/ppcmbe2/frost-1840-1#sTok29768";"some";"some";"of some houses";"houses";"house";"1";"";"n/a";"l3";"frost-1840";"PROC TRIAL";"c";"c";"G";"hus";"Strong";"A-Stem";"N";"l3";"k_l3";"c_lmod"
"salt:/ppcmbe2/frost-1840-1#sTok30462";"all";"all";"for I had not been outside the house all the day .";"day";"day";"";"1";"n/a";"l3";"frost-1840";"PROC TRIAL";"c";"a";"G";"dæg";"Strong";"A-Stem";"M";"l3";"k_l3";"c_lmod"
"salt:/ppcmbe2/frost-1840-2#sTok3698";"some";"some";"for some years";"years";"year";"1";"";"n/a";"l3";"frost-1840";"PROC TRIAL";"c";"a";"G";"gear";"Strong";"A-Stem";"N";"l3";"k_l3";"c_lmod"
"salt:/ppcmbe2/frost-1840-2#sTok6263";"any";"any";"any matter is publicly notorious";"matter";"matter";"";"1";"n/a";"l3";"frost-1840";"PROC TRIAL";"c";"s";"R";"";"";"";"";"l3";"k_l3";"c_lmod"
"salt:/ppcmbe2/frost-1840-2#sTok12687";"any";"any";"*ICH*-1 were there any men of your company at Newport , except those 0 that *T*-3 were in the poor-house";"men";"man";"1";"";"n/a";"l3";"frost-1840";"PROC TRIAL";"c";"c";"G";"mann";"Weak";"Consonant-Stem";"M/N";"l3";"k_l3";"c_lmod"
"salt:/ppcmbe2/frost-1840-2#sTok13478";"any";"any";"Is there any name to the place where 0 *T*-2 you saw those men";"name";"name";"";"1";"n/a";"l3";"frost-1840";"PROC TRIAL";"c";"a";"G";"nama";"Weak";"N-Stem";"M";"l3";"k_l3";"c_lmod"
"salt:/ppcmbe2/frost-1840-2#sTok14095";"several";"several";"lasting several days";"days";"day";"1";"";"n/a";"l3";"frost-1840";"PROC TRIAL";"c";"a";"G";"dæg";"Strong";"A-Stem";"M";"l3";"k_l3";"c_lmod"
"salt:/ppcmbe2/frost-1840-2#sTok18737";"all";"all";"to abide there all night";"night";"night";"";"1";"n/a";"l3";"frost-1840";"PROC TRIAL";"c";"a";"G";"niht";"Strong";"A-Stem";"N";"l3";"k_l3";"c_lmod"
"salt:/ppcmbe2/frost-1840-2#sTok19547";"no";"no";"there were no men there";"men";"man";"1";"";"n/a";"l3";"frost-1840";"PROC TRIAL";"c";"c";"G";"mann";"Weak";"Consonant-Stem";"M/N";"l3";"k_l3";"c_lmod"
"salt:/ppcmbe2/froude-1830-1#sTok395";"every";"every";"Return ye now every man from his evil way";"man";"man";"";"1";"Froude, Richard Hurrell";"l3";"froude-1830";"SERMON";"c";"c";"G";"mann";"Weak";"Consonant-Stem";"M/N";"l3";"k_l3";"c_lmod"
"salt:/ppcmbe2/froude-1830-1#sTok477";"all";"all";"I will bring upon Judah and upon the inhabitants of Jerusalem all the evil 0 that *T*-1 I have pronounced against them : because 0 I have spoken to them but they have not heard , I have called unto them but they have not answered";"evil";"evil";"";"1";"Froude, Richard Hurrell";"l3";"froude-1830";"SERMON";"u";"a";"G";"yfel";"Strong";"A-Stem";"N";"l3";"k_l3";"c_lmod"
"salt:/ppcmbe2/froude-1830-1#sTok2512";"no";"no";"no matter of feeling , but one of practice";"matter";"matter";"";"1";"Froude, Richard Hurrell";"l3";"froude-1830";"SERMON";"c";"s";"R";"";"";"";"";"l3";"k_l3";"c_lmod"
"salt:/ppcmbe2/froude-1830-1#sTok3070";"no";"no";"This is no easy matter ;";"matter";"matter";"";"1";"Froude, Richard Hurrell";"l3";"froude-1830";"SERMON";"c";"s";"R";"";"";"";"";"l3";"k_l3";"c_lmod"
"salt:/ppcmbe2/froude-1830-1#sTok3503";"every";"every";"*T*-1 we make every day , without even ever thinking of them , for the sake of getting on in our businesses";"day";"day";"";"1";"Froude, Richard Hurrell";"l3";"froude-1830";"SERMON";"c";"a";"G";"dæg";"Strong";"A-Stem";"M";"l3";"k_l3";"c_lmod"
"salt:/ppcmbe2/froude-1830-1#sTok3741";"all";"all";"I will bring upon Judah , and upon the inhabitants of Jerusalem , all the evil 0 that *T*-2 I have spoken against them";"evil";"evil";"";"1";"Froude, Richard Hurrell";"l3";"froude-1830";"SERMON";"u";"a";"G";"yfel";"Strong";"A-Stem";"N";"l3";"k_l3";"c_lmod"
"salt:/ppcmbe2/froude-1830-1#sTok3955";"all";"all";"all the works 0 that *T*-2 are done under the sun";"works";"work";"1";"";"Froude, Richard Hurrell";"l3";"froude-1830";"SERMON";"u";"a";"G";"weorc";"Strong";"A-Stem";"N";"l3";"k_l3";"c_lmod"
"salt:/ppcmbe2/froude-1830-1#sTok6127";"no";"no";"no hard work 0 *T*-6 to <P_2,21> do , or sharp exercise 0 *T*-7 to tire them";"work";"work";"";"1";"Froude, Richard Hurrell";"l3";"froude-1830";"SERMON";"u";"a";"G";"weorc";"Strong";"A-Stem";"N";"l3";"k_l3";"c_lmod"
"salt:/ppcmbe2/froude-1830-1#sTok7239";"all";"all";"*T*-2 all hearts are open";"hearts";"heart";"1";"";"Froude, Richard Hurrell";"l3";"froude-1830";"SERMON";"c";"c";"G";"heorte";"Weak";"N-Stem";"F";"l3";"k_l3";"c_lmod"
"salt:/ppcmbe2/froude-1830-1#sTok10416";"every";"every";"if 0 this were not granted , we must become worse and worse , instead of better and better , every day from our conversion";"day";"day";"";"1";"Froude, Richard Hurrell";"l3";"froude-1830";"SERMON";"c";"a";"G";"dæg";"Strong";"A-Stem";"M";"l3";"k_l3";"c_lmod"
"salt:/ppcmbe2/garrick-1759-2#sTok6365";"many";"many";"and *con* has many Virtues ,";"Virtues";"virtue";"1";"";"Garrick, David";"l1";"garrick-1759";"DRAMA COMEDY";"u";"a";"R";"";"";"";"";"l1";"i_l1";"c_lmod"
"salt:/ppcmbe2/garrick-1759-2#sTok7617";"Any";"any";"- Any Man must be proud of her Partiality to him ,";"Man";"man";"";"1";"Garrick, David";"l1";"garrick-1759";"DRAMA COMEDY";"c";"c";"G";"mann";"Weak";"Consonant-Stem";"M/N";"l1";"i_l1";"c_lmod"
"salt:/ppcmbe2/george-1763-1#sTok787";"every";"every";"with every man";"man";"man";"";"1";"George III, king of England";"l2";"george-1763";"LET NON-PRIV";"c";"c";"G";"mann";"Weak";"Consonant-Stem";"M/N";"l2";"j_l2";"c_lmod"
"salt:/ppcmbe2/george-1763-1#sTok934";"few";"few";"for a few days";"days";"day";"1";"";"George III, king of England";"l2";"george-1763";"LET NON-PRIV";"c";"a";"G";"dæg";"Strong";"A-Stem";"M";"l2";"j_l2";"c_lmod"
"salt:/ppcmbe2/george-1763-1#sTok2092";"no";"no";"no man should be dismiss'd unless 0 others besides the Foxes declare them to be of that denomination";"man";"man";"";"1";"George III, king of England";"l2";"george-1763";"LET NON-PRIV";"c";"c";"G";"mann";"Weak";"Consonant-Stem";"M/N";"l2";"j_l2";"c_lmod"
"salt:/ppcmbe2/george-1763-1#sTok2803";"no";"no";"no man can depend on him";"man";"man";"";"1";"George III, king of England";"l2";"george-1763";"LET NON-PRIV";"c";"c";"G";"mann";"Weak";"Consonant-Stem";"M/N";"l2";"j_l2";"c_lmod"
"salt:/ppcmbe2/george-1763-1#sTok2966";"no";"no";"There is no manner of doubt that the manner propos'd , of throwing off the unpopularity of rejecting Sir J. Phillips's very silly motion is very wise and *con* seems free from objection ;";"manner";"manner";"";"1";"George III, king of England";"l2";"george-1763";"LET NON-PRIV";"u";"a";"R";"";"";"";"";"l2";"j_l2";"c_lmod"
"salt:/ppcmbe2/george-1763-1#sTok4115";"any";"any";"now I can any day 0 0 *T*-1 my D. Friend pleases tell him 0 he is to do nothing ;";"day";"day";"";"1";"George III, king of England";"l2";"george-1763";"LET NON-PRIV";"c";"a";"G";"dæg";"Strong";"A-Stem";"M";"l2";"j_l2";"c_lmod"
"salt:/ppcmbe2/george-1763-1#sTok4194";"any";"any";"any other man *ICH*-2 capable of *T*-1";"man";"man";"";"1";"George III, king of England";"l2";"george-1763";"LET NON-PRIV";"c";"c";"G";"mann";"Weak";"Consonant-Stem";"M/N";"l2";"j_l2";"c_lmod"
"salt:/ppcmbe2/george-1763-1#sTok4712";"all";"all";"of all men";"men";"man";"1";"";"George III, king of England";"l2";"george-1763";"LET NON-PRIV";"c";"c";"G";"mann";"Weak";"Consonant-Stem";"M/N";"l2";"j_l2";"c_lmod"
"salt:/ppcmbe2/george-1763-1#sTok4745";"some";"some";"for some other man than Mr. Fox for that mighty office";"man";"man";"";"1";"George III, king of England";"l2";"george-1763";"LET NON-PRIV";"c";"c";"G";"mann";"Weak";"Consonant-Stem";"M/N";"l2";"j_l2";"c_lmod"
"salt:/ppcmbe2/george-1763-1#sTok5060";"any";"any";"any man ever deserved that character";"man";"man";"";"1";"George III, king of England";"l2";"george-1763";"LET NON-PRIV";"c";"c";"G";"mann";"Weak";"Consonant-Stem";"M/N";"l2";"j_l2";"c_lmod"
"salt:/ppcmbe2/gibbon-1776-1#sTok157";"any";"any";"by any other name , than that which 0 *T*-1 he derived from a small town in Dalmatia , from whence 0 *T*-2 his mother deduced her origin";"name";"name";"";"1";"Gibbon, Edward";"l2";"gibbon-1776";"HISTORY";"c";"a";"G";"nama";"Weak";"N-Stem";"M";"l2";"j_l2";"c_lmod"
"salt:/ppcmbe2/gibbon-1776-1#sTok923";"all";"all";"among all the virtues of his predecessors";"virtues";"virtue";"1";"";"Gibbon, Edward";"l2";"gibbon-1776";"HISTORY";"u";"a";"R";"";"";"";"";"l2";"j_l2";"c_lmod"
"salt:/ppcmbe2/gibbon-1776-1#sTok6193";"all";"all";"for all the ancient books which 0 *T*-2 treated of the admirable art of making gold and silver";"books";"book";"1";"";"Gibbon, Edward";"l2";"gibbon-1776";"HISTORY";"c";"c";"G";"boc";"Weak";"Consonant-Stem";"F";"l2";"j_l2";"c_lmod"
"salt:/ppcmbe2/gibbon-1789-2#sTok1056";"Many";"many";"Many anxious and solitary days did she consume in the patient trial of every mode of relief and amusement .";"days";"day";"1";"";"Gibbon, Edward";"l2";"gibbon-1789";"BIOGR AUTO";"c";"a";"G";"dæg";"Strong";"A-Stem";"M";"l2";"j_l2";"c_lmod"
"salt:/ppcmbe2/gibbon-1789-2#sTok1077";"Many";"many";"Many wakeful nights did she sit by my bed-side in trembling expectation that each hour would be my last .";"nights";"night";"1";"";"Gibbon, Edward";"l2";"gibbon-1789";"BIOGR AUTO";"c";"a";"G";"niht";"Strong";"A-Stem";"N";"l2";"j_l2";"c_lmod"
"salt:/ppcmbe2/gibbon-1789-2#sTok2499";"some";"some";"and some blood";"blood";"blood";"";"1";"Gibbon, Edward";"l2";"gibbon-1789";"BIOGR AUTO";"u";"s";"G";"blod";"Strong";"A-Stem";"N";"l2";"j_l2";"c_lmod"
"salt:/ppcmbe2/gibbon-1789-2#sTok3192";"several";"several";"during several years";"years";"year";"1";"";"Gibbon, Edward";"l2";"gibbon-1789";"BIOGR AUTO";"c";"a";"G";"gear";"Strong";"A-Stem";"N";"l2";"j_l2";"c_lmod"
"salt:/ppcmbe2/gibbon-1789-2#sTok4104";"some";"some";"of some years";"years";"year";"1";"";"Gibbon, Edward";"l2";"gibbon-1789";"BIOGR AUTO";"c";"a";"G";"gear";"Strong";"A-Stem";"N";"l2";"j_l2";"c_lmod"
"salt:/ppcmbe2/gibbon-1789-2#sTok7092";"many";"many";"I spent many years in that illustrious society , in a well-regulated course of useful discipline and studies , and in the agreeable and improving commerce of gentlemen and of scholars ; in a society where 0 *T*-1 emulation without envy , ambition without jealousy , contention without animosity , incited industry , and *T*-1 *con* awakened genius ; where 0 *T*-2 a liberal pursuit of knowledge , and a genuine freedom of thought , were raised , encouraged , and pushed <P_1,42> forward by example , by commendation , and by authority .";"years";"year";"1";"";"Gibbon, Edward";"l2";"gibbon-1789";"BIOGR AUTO";"c";"a";"G";"gear";"Strong";"A-Stem";"N";"l2";"j_l2";"c_lmod"
"salt:/ppcmbe2/gibbon-1789-2#sTok8374";"many";"many";"for these many years";"years";"year";"1";"";"Gibbon, Edward";"l2";"gibbon-1789";"BIOGR AUTO";"c";"a";"G";"gear";"Strong";"A-Stem";"N";"l2";"j_l2";"c_lmod"
"salt:/ppcmbe2/gibbon-1789-2#sTok9073";"many";"many";"among many hands";"hands";"hand";"1";"";"Gibbon, Edward";"l2";"gibbon-1789";"BIOGR AUTO";"c";"c";"G";"hand";"Strong";"U-Stem";"F";"l2";"j_l2";"c_lmod"
"salt:/ppcmbe2/gibbon-1789-2#sTok9082";"many";"many";"during many years";"years";"year";"1";"";"Gibbon, Edward";"l2";"gibbon-1789";"BIOGR AUTO";"c";"a";"G";"gear";"Strong";"A-Stem";"N";"l2";"j_l2";"c_lmod"
"salt:/ppcmbe2/gibbon-1789-2#sTok9238";"any";"any";"yielding any fruits to the owners or the public";"fruits";"fruit";"1";"";"Gibbon, Edward";"l2";"gibbon-1789";"BIOGR AUTO";"c";"s";"R";"";"";"";"";"l2";"j_l2";"c_lmod"
"salt:/ppcmbe2/gibson-1729-2#sTok276";"no";"no";"she was no real Enemy to those who 0 *T*-4 adhered to his Interest";"Enemy";"enemy";"";"1";"Gibson, ?";"l1";"gibson-1729";"HISTORY";"c";"c";"R";"";"";"";"";"l1";"i_l1";"c_lmod"
"salt:/ppcmbe2/gibson-1729-2#sTok1271";"some";"some";"to work out some Great Men who 0 *T*-3 favour'd the Dissenters";"Men";"man";"1";"";"Gibson, ?";"l1";"gibson-1729";"HISTORY";"c";"c";"G";"mann";"Weak";"Consonant-Stem";"M/N";"l1";"i_l1";"c_lmod"
"salt:/ppcmbe2/gibson-1729-2#sTok1511";"Every";"every";"Every Year was crowned with fresh Victories .";"Year";"year";"";"1";"Gibson, ?";"l1";"gibson-1729";"HISTORY";"c";"a";"G";"gear";"Strong";"A-Stem";"N";"l1";"i_l1";"c_lmod"
"salt:/ppcmbe2/gibson-1729-2#sTok1565";"both";"both";"in both Houses";"Houses";"house";"1";"";"Gibson, ?";"l1";"gibson-1729";"HISTORY";"c";"c";"G";"hus";"Strong";"A-Stem";"N";"l1";"i_l1";"c_lmod"
"salt:/ppcmbe2/gibson-1729-2#sTok3220";"no";"no";"there was indeed no Man in the Kingdom so fit as himself for the Command of the Army";"Man";"man";"";"1";"Gibson, ?";"l1";"gibson-1729";"HISTORY";"c";"c";"G";"mann";"Weak";"Consonant-Stem";"M/N";"l1";"i_l1";"c_lmod"
"salt:/ppcmbe2/gibson-1729-2#sTok3381";"all";"all";"and having join'd Diligence and Industry along with his other great Talents , he soon excelled all other Men , both in *ICH*-1 Conduct and Success .";"Men";"man";"1";"";"Gibson, ?";"l1";"gibson-1729";"HISTORY";"c";"c";"G";"mann";"Weak";"Consonant-Stem";"M/N";"l1";"i_l1";"c_lmod"
"salt:/ppcmbe2/gibson-1729-2#sTok3857";"many";"many";"having been a Commissioner many Years , before 0 he was made *-1 Lord Treasurer";"Years";"year";"1";"";"Gibson, ?";"l1";"gibson-1729";"HISTORY";"c";"a";"G";"gear";"Strong";"A-Stem";"N";"l1";"i_l1";"c_lmod"
"salt:/ppcmbe2/gibson-1729-2#sTok4131";"no";"no";"no Man had their Affections more in his power";"Man";"man";"";"1";"Gibson, ?";"l1";"gibson-1729";"HISTORY";"c";"c";"G";"mann";"Weak";"Consonant-Stem";"M/N";"l1";"i_l1";"c_lmod"
"salt:/ppcmbe2/gibson-1729-2#sTok4146";"every";"every";"of every Man 0 that *T*-7 heard him";"Man";"man";"";"1";"Gibson, ?";"l1";"gibson-1729";"HISTORY";"c";"c";"G";"mann";"Weak";"Consonant-Stem";"M/N";"l1";"i_l1";"c_lmod"
"salt:/ppcmbe2/gibson-1729-2#sTok5917";"all";"all";"to all manner of Trade";"manner";"manner";"";"1";"Gibson, ?";"l1";"gibson-1729";"HISTORY";"u";"a";"R";"";"";"";"";"l1";"i_l1";"c_lmod"
"salt:/ppcmbe2/gibson-1729-2#sTok6219";"several";"several";"by several ambitious Men of their own Order , who 0 *T*-1 themselves were willing to run no hazard";"Men";"man";"1";"";"Gibson, ?";"l1";"gibson-1729";"HISTORY";"c";"c";"G";"mann";"Weak";"Consonant-Stem";"M/N";"l1";"i_l1";"c_lmod"
"salt:/ppcmbe2/gibson-1729-2#sTok6994";"both";"both";"in both Houses of Parliament";"Houses";"house";"1";"";"Gibson, ?";"l1";"gibson-1729";"HISTORY";"c";"c";"G";"hus";"Strong";"A-Stem";"N";"l1";"i_l1";"c_lmod"
"salt:/ppcmbe2/gibson-1729-2#sTok7842";"both";"both";"both the Books were malicious , scandalous , and seditious Libels , reflecting on the Queen and her Government , the Revolution and Protestant Succession , and upon both Houses of Parliament , tending to alienate the Minds of her Majesty's good Subjects , and to create Jealousies and Divisions among them";"Books";"book";"1";"";"Gibson, ?";"l1";"gibson-1729";"HISTORY";"c";"c";"G";"boc";"Weak";"Consonant-Stem";"F";"l1";"i_l1";"c_lmod"
"salt:/ppcmbe2/gibson-1729-2#sTok7870";"both";"both";"upon both Houses of Parliament";"Houses";"house";"1";"";"Gibson, ?";"l1";"gibson-1729";"HISTORY";"c";"c";"G";"hus";"Strong";"A-Stem";"N";"l1";"i_l1";"c_lmod"
"salt:/ppcmbe2/gibson-1729-2#sTok8840";"some";"some";"of some bad Men";"Men";"man";"1";"";"Gibson, ?";"l1";"gibson-1729";"HISTORY";"c";"c";"G";"mann";"Weak";"Consonant-Stem";"M/N";"l1";"i_l1";"c_lmod"
"salt:/ppcmbe2/gibson-1729-2#sTok9105";"both";"both";"in both Houses";"Houses";"house";"1";"";"Gibson, ?";"l1";"gibson-1729";"HISTORY";"c";"c";"G";"hus";"Strong";"A-Stem";"N";"l1";"i_l1";"c_lmod"
"salt:/ppcmbe2/gibson-1729-2#sTok9417";"every";"every";"and at <font> London <$$font> the Doctor was every day attended to <font> Westminster <$$font> , and back to the <font> Temple <$$font> , where 0 *T*-1 he lodged , with very great Crowds of Rabble , who 0 *T*-2 insulted all Persons whom 0 *T*-3 they met unless 0 they would join with them in their Huzza's and Acclamations of Applause to the Doctor and <font> High-Church for ever <$$font> , which 0 *T*-4 was their common Cry .";"day";"day";"";"1";"Gibson, ?";"l1";"gibson-1729";"HISTORY";"c";"a";"G";"dæg";"Strong";"A-Stem";"M";"l1";"i_l1";"c_lmod"
"salt:/ppcmbe2/gibson-1729-2#sTok10625";"several";"several";"of several Bishops , and other Eminent Divines";"Bishops";"bishop";"1";"";"Gibson, ?";"l1";"gibson-1729";"HISTORY";"c";"c";"G";"bisceop";"Strong";"A-Stem";"M";"l1";"i_l1";"c_lmod"
"salt:/ppcmbe2/gibson-1729-2#sTok10885";"all";"all";"and all manner of Irreligion";"manner";"manner";"";"1";"Gibson, ?";"l1";"gibson-1729";"HISTORY";"u";"a";"R";"";"";"";"";"l1";"i_l1";"c_lmod"
"salt:/ppcmbe2/gibson-1729-2#sTok10969";"several";"several";"they had lain several Years in Obscurity , <P_73> until 0 the Doctor and his Friends had revived them , to evade the Charge brought against him";"Years";"year";"1";"";"Gibson, ?";"l1";"gibson-1729";"HISTORY";"c";"a";"G";"gear";"Strong";"A-Stem";"N";"l1";"i_l1";"c_lmod"
"salt:/ppcmbe2/gisborne-1802-2#sTok1134";"every";"every";"to every man";"man";"man";"";"1";"Gisborne, Thomas";"l2";"gisborne-1802";"SERMON";"c";"c";"G";"mann";"Weak";"Consonant-Stem";"M/N";"l2";"j_l2";"c_lmod"
"salt:/ppcmbe2/gisborne-1802-2#sTok1176";"every";"every";"every man is enabled to obtain this grace";"man";"man";"";"1";"Gisborne, Thomas";"l2";"gisborne-1802";"SERMON";"c";"c";"G";"mann";"Weak";"Consonant-Stem";"M/N";"l2";"j_l2";"c_lmod"
"salt:/ppcmbe2/gisborne-1802-2#sTok1552";"every";"every";"in every good work";"work";"work";"";"1";"Gisborne, Thomas";"l2";"gisborne-1802";"SERMON";"u";"a";"G";"weorc";"Strong";"A-Stem";"N";"l2";"j_l2";"c_lmod"
"salt:/ppcmbe2/gisborne-1802-2#sTok1594";"every";"every";"upon every man every where";"man";"man";"";"1";"Gisborne, Thomas";"l2";"gisborne-1802";"SERMON";"c";"c";"G";"mann";"Weak";"Consonant-Stem";"M/N";"l2";"j_l2";"c_lmod"
"salt:/ppcmbe2/gisborne-1802-2#sTok1891";"No";"no";"<font> No man can come to me , except 0 the Father who 0 *T*-1 hath sent me draw him . <$$font>";"man";"man";"";"1";"Gisborne, Thomas";"l2";"gisborne-1802";"SERMON";"c";"c";"G";"mann";"Weak";"Consonant-Stem";"M/N";"l2";"j_l2";"c_lmod"
"salt:/ppcmbe2/gisborne-1802-2#sTok1982";"No";"no";"No man can say that Jesus is the Lord , but by the Holy Ghost .";"man";"man";"";"1";"Gisborne, Thomas";"l2";"gisborne-1802";"SERMON";"c";"c";"G";"mann";"Weak";"Consonant-Stem";"M/N";"l2";"j_l2";"c_lmod"
"salt:/ppcmbe2/gisborne-1802-2#sTok2074";"every";"every";"in every good work";"work";"work";"";"1";"Gisborne, Thomas";"l2";"gisborne-1802";"SERMON";"u";"a";"G";"weorc";"Strong";"A-Stem";"N";"l2";"j_l2";"c_lmod"
"salt:/ppcmbe2/gisborne-1802-2#sTok2700";"every";"every";"of every man";"man";"man";"";"1";"Gisborne, Thomas";"l2";"gisborne-1802";"SERMON";"c";"c";"G";"mann";"Weak";"Consonant-Stem";"M/N";"l2";"j_l2";"c_lmod"
"salt:/ppcmbe2/gisborne-1802-2#sTok2762";"all";"all";"all men to be saved";"men";"man";"1";"";"Gisborne, Thomas";"l2";"gisborne-1802";"SERMON";"c";"c";"G";"mann";"Weak";"Consonant-Stem";"M/N";"l2";"j_l2";"c_lmod"
"salt:/ppcmbe2/gisborne-1802-2#sTok2793";"every";"every";"to every creature";"creature";"creature";"";"1";"Gisborne, Thomas";"l2";"gisborne-1802";"SERMON";"c";"c";"R";"";"";"";"";"l2";"j_l2";"c_lmod"
"salt:/ppcmbe2/gisborne-1802-2#sTok2942";"every";"every";"to every man";"man";"man";"";"1";"Gisborne, Thomas";"l2";"gisborne-1802";"SERMON";"c";"c";"G";"mann";"Weak";"Consonant-Stem";"M/N";"l2";"j_l2";"c_lmod"
"salt:/ppcmbe2/gisborne-1802-2#sTok2950";"every";"every";"every man has the power of accepting it";"man";"man";"";"1";"Gisborne, Thomas";"l2";"gisborne-1802";"SERMON";"c";"c";"G";"mann";"Weak";"Consonant-Stem";"M/N";"l2";"j_l2";"c_lmod"
"salt:/ppcmbe2/gisborne-1802-2#sTok3135";"every";"every";"to every man";"man";"man";"";"1";"Gisborne, Thomas";"l2";"gisborne-1802";"SERMON";"c";"c";"G";"mann";"Weak";"Consonant-Stem";"M/N";"l2";"j_l2";"c_lmod"
"salt:/ppcmbe2/gisborne-1802-2#sTok3140";"every";"every";"The offer which 0 *T*-2 he makes to every man , he enables every man *ICH*-1 to accept .";"man";"man";"";"1";"Gisborne, Thomas";"l2";"gisborne-1802";"SERMON";"c";"c";"G";"mann";"Weak";"Consonant-Stem";"M/N";"l2";"j_l2";"c_lmod"
"salt:/ppcmbe2/gisborne-1802-2#sTok3147";"No";"no";"No man ever committed any sin , but 0 the grace of God was ready to have qualified him to withstand it .";"man";"man";"";"1";"Gisborne, Thomas";"l2";"gisborne-1802";"SERMON";"c";"c";"G";"mann";"Weak";"Consonant-Stem";"M/N";"l2";"j_l2";"c_lmod"
"salt:/ppcmbe2/gisborne-1802-2#sTok3151";"any";"any";"No man ever committed any sin , but 0 the grace of God was ready to have qualified him to withstand it .";"sin";"sin";"";"1";"Gisborne, Thomas";"l2";"gisborne-1802";"SERMON";"c";"a";"G";"syn";"Strong";"O-Stem";"F";"l2";"j_l2";"c_lmod"
"salt:/ppcmbe2/gisborne-1802-2#sTok3171";"No";"no";"No man ever committed any sin , but 0 he might have obtained the grace of God necessary for effectual resistance , had he antecedently chosen to apply for it in proportion to this knowledge .";"man";"man";"";"1";"Gisborne, Thomas";"l2";"gisborne-1802";"SERMON";"c";"c";"G";"mann";"Weak";"Consonant-Stem";"M/N";"l2";"j_l2";"c_lmod"
"salt:/ppcmbe2/gisborne-1802-2#sTok3175";"any";"any";"No man ever committed any sin , but 0 he might have obtained the grace of God necessary for effectual resistance , had he antecedently chosen to apply for it in proportion to this knowledge .";"sin";"sin";"";"1";"Gisborne, Thomas";"l2";"gisborne-1802";"SERMON";"c";"a";"G";"syn";"Strong";"O-Stem";"F";"l2";"j_l2";"c_lmod"
"salt:/ppcmbe2/gisborne-1802-2#sTok3216";"every";"every";"to every sin which 0 *T*-1 ever was committed";"sin";"sin";"";"1";"Gisborne, Thomas";"l2";"gisborne-1802";"SERMON";"c";"a";"G";"syn";"Strong";"O-Stem";"F";"l2";"j_l2";"c_lmod"
"salt:/ppcmbe2/gisborne-1802-2#sTok3234";"every";"every";"to every sin which 0 *T*-1 ever shall be committed";"sin";"sin";"";"1";"Gisborne, Thomas";"l2";"gisborne-1802";"SERMON";"c";"a";"G";"syn";"Strong";"O-Stem";"F";"l2";"j_l2";"c_lmod"
"salt:/ppcmbe2/gisborne-1802-2#sTok3257";"no";"no";"He tempts no man to sin .";"man";"man";"";"1";"Gisborne, Thomas";"l2";"gisborne-1802";"SERMON";"c";"c";"G";"mann";"Weak";"Consonant-Stem";"M/N";"l2";"j_l2";"c_lmod"
"salt:/ppcmbe2/gisborne-1802-2#sTok3265";"no";"no";"He places no man under a necessity of transgressing the divine law .";"man";"man";"";"1";"Gisborne, Thomas";"l2";"gisborne-1802";"SERMON";"c";"c";"G";"mann";"Weak";"Consonant-Stem";"M/N";"l2";"j_l2";"c_lmod"
"salt:/ppcmbe2/gisborne-1802-2#sTok3279";"no";"no";"He leaves no man , in any instance , destitute of the power of obtaining that grace which 0 *T*-1 would have preserved him from transgression .";"man";"man";"";"1";"Gisborne, Thomas";"l2";"gisborne-1802";"SERMON";"c";"c";"G";"mann";"Weak";"Consonant-Stem";"M/N";"l2";"j_l2";"c_lmod"
"salt:/ppcmbe2/gisborne-1802-2#sTok3307";"no";"no";"He mocks no man ;";"man";"man";"";"1";"Gisborne, Thomas";"l2";"gisborne-1802";"SERMON";"c";"c";"G";"mann";"Weak";"Consonant-Stem";"M/N";"l2";"j_l2";"c_lmod"
"salt:/ppcmbe2/gisborne-1802-2#sTok3339";"no";"no";"he mocks no man by groundless hopes , by calls which 0 *T*-1 $can $not {TEXT:cannot} be heard , by commands which 0 *T*-2 $can $not {TEXT:cannot} be obeyed , by offers which 0 *T*-3 $can $not {TEXT:cannot} be accepted .";"man";"man";"";"1";"Gisborne, Thomas";"l2";"gisborne-1802";"SERMON";"c";"c";"G";"mann";"Weak";"Consonant-Stem";"M/N";"l2";"j_l2";"c_lmod"
"salt:/ppcmbe2/gisborne-1802-2#sTok3381";"no";"no";"He subjects no man , he permits no man to be subject , to a natural or to a moral impossibility ; distinctions , if tried by fair reasoning , in this case without a difference , of accepting the mercy which 0 *T*-2 he proposes to all .";"man";"man";"";"1";"Gisborne, Thomas";"l2";"gisborne-1802";"SERMON";"c";"c";"G";"mann";"Weak";"Consonant-Stem";"M/N";"l2";"j_l2";"c_lmod"
"salt:/ppcmbe2/gisborne-1802-2#sTok3386";"no";"no";"no man to be subject";"man";"man";"";"1";"Gisborne, Thomas";"l2";"gisborne-1802";"SERMON";"c";"c";"G";"mann";"Weak";"Consonant-Stem";"M/N";"l2";"j_l2";"c_lmod"
"salt:/ppcmbe2/gisborne-1802-2#sTok3501";"every";"every";"in language the most impressive , he urged every man to accept his mercy";"man";"man";"";"1";"Gisborne, Thomas";"l2";"gisborne-1802";"SERMON";"c";"c";"G";"mann";"Weak";"Consonant-Stem";"M/N";"l2";"j_l2";"c_lmod"
"salt:/ppcmbe2/gisborne-1802-2#sTok3704";"every";"every";"To every man";"man";"man";"";"1";"Gisborne, Thomas";"l2";"gisborne-1802";"SERMON";"c";"c";"G";"mann";"Weak";"Consonant-Stem";"M/N";"l2";"j_l2";"c_lmod"
"salt:/ppcmbe2/gisborne-1802-2#sTok3721";"every";"every";"To every man";"man";"man";"";"1";"Gisborne, Thomas";"l2";"gisborne-1802";"SERMON";"c";"c";"G";"mann";"Weak";"Consonant-Stem";"M/N";"l2";"j_l2";"c_lmod"
"salt:/ppcmbe2/gisborne-1802-2#sTok3760";"all";"all";"unto all men";"men";"man";"1";"";"Gisborne, Thomas";"l2";"gisborne-1802";"SERMON";"c";"c";"G";"mann";"Weak";"Consonant-Stem";"M/N";"l2";"j_l2";"c_lmod"
"salt:/ppcmbe2/gisborne-1802-2#sTok3788";"every";"every";"enabling every man to discern <P_67> and to will that which 0 *T*-3 is right , to live acceptably to his Maker in godliness and true holiness";"man";"man";"";"1";"Gisborne, Thomas";"l2";"gisborne-1802";"SERMON";"c";"c";"G";"mann";"Weak";"Consonant-Stem";"M/N";"l2";"j_l2";"c_lmod"
"salt:/ppcmbe2/gisborne-1802-2#sTok4286";"every";"every";"on every man who 0 *T*-1 seeks it aright";"man";"man";"";"1";"Gisborne, Thomas";"l2";"gisborne-1802";"SERMON";"c";"c";"G";"mann";"Weak";"Consonant-Stem";"M/N";"l2";"j_l2";"c_lmod"
"salt:/ppcmbe2/gisborne-1802-2#sTok4322";"all";"all";"to all men";"men";"man";"1";"";"Gisborne, Thomas";"l2";"gisborne-1802";"SERMON";"c";"c";"G";"mann";"Weak";"Consonant-Stem";"M/N";"l2";"j_l2";"c_lmod"
"salt:/ppcmbe2/gisborne-1802-2#sTok5755";"no";"no";"*T*-1 no man shall see the Lord";"man";"man";"";"1";"Gisborne, Thomas";"l2";"gisborne-1802";"SERMON";"c";"c";"G";"mann";"Weak";"Consonant-Stem";"M/N";"l2";"j_l2";"c_lmod"
"salt:/ppcmbe2/gisborne-1802-2#sTok5995";"all";"all";"to all men";"men";"man";"1";"";"Gisborne, Thomas";"l2";"gisborne-1802";"SERMON";"c";"c";"G";"mann";"Weak";"Consonant-Stem";"M/N";"l2";"j_l2";"c_lmod"
"salt:/ppcmbe2/gisborne-1802-2#sTok6040";"every";"every";"to every man";"man";"man";"";"1";"Gisborne, Thomas";"l2";"gisborne-1802";"SERMON";"c";"c";"G";"mann";"Weak";"Consonant-Stem";"M/N";"l2";"j_l2";"c_lmod"
"salt:/ppcmbe2/gisborne-1802-2#sTok6048";"every";"every";"to every man";"man";"man";"";"1";"Gisborne, Thomas";"l2";"gisborne-1802";"SERMON";"c";"c";"G";"mann";"Weak";"Consonant-Stem";"M/N";"l2";"j_l2";"c_lmod"
"salt:/ppcmbe2/gisborne-1802-2#sTok6137";"every";"every";"every man for himself";"man";"man";"";"1";"Gisborne, Thomas";"l2";"gisborne-1802";"SERMON";"c";"c";"G";"mann";"Weak";"Consonant-Stem";"M/N";"l2";"j_l2";"c_lmod"
"salt:/ppcmbe2/gisborne-1802-2#sTok6813";"all";"all";"*T*-4 all men have received";"men";"man";"1";"";"Gisborne, Thomas";"l2";"gisborne-1802";"SERMON";"c";"c";"G";"mann";"Weak";"Consonant-Stem";"M/N";"l2";"j_l2";"c_lmod"
"salt:/ppcmbe2/gisborne-1802-2#sTok6864";"all";"all";"to all men";"men";"man";"1";"";"Gisborne, Thomas";"l2";"gisborne-1802";"SERMON";"c";"c";"G";"mann";"Weak";"Consonant-Stem";"M/N";"l2";"j_l2";"c_lmod"
"salt:/ppcmbe2/gisborne-1802-2#sTok7215";"no";"no";"there is no other name under heaven given among men , whereby 0 *T*-3 you may be saved";"name";"name";"";"1";"Gisborne, Thomas";"l2";"gisborne-1802";"SERMON";"c";"a";"G";"nama";"Weak";"N-Stem";"M";"l2";"j_l2";"c_lmod"
"salt:/ppcmbe2/gisborne-1802-2#sTok7940";"all";"all";"with all your heart";"heart";"heart";"";"1";"Gisborne, Thomas";"l2";"gisborne-1802";"SERMON";"c";"c";"G";"heorte";"Weak";"N-Stem";"F";"l2";"j_l2";"c_lmod"
"salt:/ppcmbe2/gisborne-1802-2#sTok7950";"all";"all";"all your soul , and all your strength";"soul";"soul";"";"1";"Gisborne, Thomas";"l2";"gisborne-1802";"SERMON";"c";"a";"G";"sawel";"Strong";"O-Stem";"F";"l2";"j_l2";"c_lmod"
"salt:/ppcmbe2/gisborne-1802-2#sTok8253";"all";"all";"towards all men";"men";"man";"1";"";"Gisborne, Thomas";"l2";"gisborne-1802";"SERMON";"c";"c";"G";"mann";"Weak";"Consonant-Stem";"M/N";"l2";"j_l2";"c_lmod"
"salt:/ppcmbe2/gisborne-1802-2#sTok8377";"all";"all";"*T*-2 all men shall know that you are his disciples";"men";"man";"1";"";"Gisborne, Thomas";"l2";"gisborne-1802";"SERMON";"c";"c";"G";"mann";"Weak";"Consonant-Stem";"M/N";"l2";"j_l2";"c_lmod"
"salt:/ppcmbe2/gisborne-1802-2#sTok8493";"no";"no";"*con* thinketh no evil ,";"evil";"evil";"";"1";"Gisborne, Thomas";"l2";"gisborne-1802";"SERMON";"u";"a";"G";"yfel";"Strong";"A-Stem";"N";"l2";"j_l2";"c_lmod"
"salt:/ppcmbe2/gisborne-1802-2#sTok9057";"every";"every";"look not every man on his own things";"man";"man";"";"1";"Gisborne, Thomas";"l2";"gisborne-1802";"SERMON";"c";"c";"G";"mann";"Weak";"Consonant-Stem";"M/N";"l2";"j_l2";"c_lmod"
"salt:/ppcmbe2/gisborne-1802-2#sTok9065";"every";"every";"every man also on the things of others";"man";"man";"";"1";"Gisborne, Thomas";"l2";"gisborne-1802";"SERMON";"c";"c";"G";"mann";"Weak";"Consonant-Stem";"M/N";"l2";"j_l2";"c_lmod"
"salt:/ppcmbe2/gisborne-1802-2#sTok9203";"no";"no";"*T*-1 thinketh no evil";"evil";"evil";"";"1";"Gisborne, Thomas";"l2";"gisborne-1802";"SERMON";"u";"a";"G";"yfel";"Strong";"A-Stem";"N";"l2";"j_l2";"c_lmod"
"salt:/ppcmbe2/gisborne-1802-2#sTok9212";"no";"no";"*T*-2 meditates no evil";"evil";"evil";"";"1";"Gisborne, Thomas";"l2";"gisborne-1802";"SERMON";"u";"a";"G";"yfel";"Strong";"A-Stem";"N";"l2";"j_l2";"c_lmod"
"salt:/ppcmbe2/gisborne-1802-2#sTok9258";"no";"no";"*T*-4 imputeth no evil";"evil";"evil";"";"1";"Gisborne, Thomas";"l2";"gisborne-1802";"SERMON";"u";"a";"G";"yfel";"Strong";"A-Stem";"N";"l2";"j_l2";"c_lmod"
"salt:/ppcmbe2/gisborne-1802-2#sTok11213";"no";"no";"by the deeds of the law , by the least impure and imperfect of human works , no flesh shall be justified in the sight of God";"flesh";"flesh";"";"1";"Gisborne, Thomas";"l2";"gisborne-1802";"SERMON";"u";"s";"G";"flæsc";"Strong";"I-Stem";"N";"l2";"j_l2";"c_lmod"
"salt:/ppcmbe2/gisborne-1802-2#sTok11301";"all";"all";"with all your soul";"soul";"soul";"";"1";"Gisborne, Thomas";"l2";"gisborne-1802";"SERMON";"c";"a";"G";"sawel";"Strong";"O-Stem";"F";"l2";"j_l2";"c_lmod"
"salt:/ppcmbe2/gladstone-1873-1#sTok6879";"no";"no";"A man has no right to put himself in the position of being able to say \" I gave you clearly enough to understand 0 I should go \" or at his choice to say ' my place was not vacant";"right";"right";"";"1";"Gladstone, William Ewart";"l4";"gladstone-1873";"LET NON-PRIV";"c";"a";"G";"riht";"Strong";"A-Stem";"N";"l4";"l_l4";"c_lmod"
"salt:/ppcmbe2/gladstone-1873-1#sTok6921";"no";"no";"& you had no right to think or speak of it to any one ' .";"right";"right";"";"1";"Gladstone, William Ewart";"l4";"gladstone-1873";"LET NON-PRIV";"c";"a";"G";"riht";"Strong";"A-Stem";"N";"l4";"l_l4";"c_lmod"
"salt:/ppcmbe2/gladstone-1873-1#sTok7030";"all";"all";"past all matter of fear";"matter";"matter";"";"1";"Gladstone, William Ewart";"l4";"gladstone-1873";"LET NON-PRIV";"c";"s";"R";"";"";"";"";"l4";"l_l4";"c_lmod"
"salt:/ppcmbe2/gladstone-1873-1#sTok7616";"No";"no";"No man willingly makes a fool of himself , when 0 things draw near a final $windup {TEXT:wind_up} .";"man";"man";"";"1";"Gladstone, William Ewart";"l4";"gladstone-1873";"LET NON-PRIV";"c";"c";"G";"mann";"Weak";"Consonant-Stem";"M/N";"l4";"l_l4";"c_lmod"
"salt:/ppcmbe2/gladstone-1873-1#sTok9494";"some";"some";"& perhaps some other minor matters";"matters";"matter";"1";"";"Gladstone, William Ewart";"l4";"gladstone-1873";"LET NON-PRIV";"c";"s";"R";"";"";"";"";"l4";"l_l4";"c_lmod"
"salt:/ppcmbe2/gladstone-1873-1#sTok11276";"some";"some";"some 10 or 12 days hence";"days";"day";"1";"";"Gladstone, William Ewart";"l4";"gladstone-1873";"LET NON-PRIV";"c";"a";"G";"dæg";"Strong";"A-Stem";"M";"l4";"l_l4";"c_lmod"
"salt:/ppcmbe2/godwin-1805-1#sTok883";"many";"many";"for many days";"days";"day";"1";"";"Godwin, William (alias Edward Baldwin, Theophilus Marcliffe)";"l2";"godwin-1805";"FICTION";"c";"a";"G";"dæg";"Strong";"A-Stem";"M";"l2";"j_l2";"c_lmod"
"salt:/ppcmbe2/godwin-1805-1#sTok5559";"every";"every";"every man 0 0 *T*-1 I should meet would be either too ignorant , too coarse , or too supercilious , to afford me pleasure";"man";"man";"";"1";"Godwin, William (alias Edward Baldwin, Theophilus Marcliffe)";"l2";"godwin-1805";"FICTION";"c";"c";"G";"mann";"Weak";"Consonant-Stem";"M/N";"l2";"j_l2";"c_lmod"
"salt:/ppcmbe2/godwin-1805-1#sTok8900";"few";"few";"in a few days";"days";"day";"1";"";"Godwin, William (alias Edward Baldwin, Theophilus Marcliffe)";"l2";"godwin-1805";"FICTION";"c";"a";"G";"dæg";"Strong";"A-Stem";"M";"l2";"j_l2";"c_lmod"
"salt:/ppcmbe2/goldsmith-1766-2#sTok553";"every";"every";"and bring home every night what money 0 *T*-1 you earn , for our support . \"";"night";"night";"";"1";"Goldsmith, Oliver";"l2";"goldsmith-1766";"FICTION";"c";"a";"G";"niht";"Strong";"A-Stem";"N";"l2";"j_l2";"c_lmod"
"salt:/ppcmbe2/goldsmith-1766-2#sTok1368";"no";"no";"no man was past the hour of amendment , every heart lying open to the shafts of reproof , if 0 the archer could but take a proper aim";"man";"man";"";"1";"Goldsmith, Oliver";"l2";"goldsmith-1766";"FICTION";"c";"c";"G";"mann";"Weak";"Consonant-Stem";"M/N";"l2";"j_l2";"c_lmod"
"salt:/ppcmbe2/goldsmith-1766-2#sTok1377";"every";"every";"every heart lying open to the shafts of reproof , if 0 the archer could but take a proper aim";"heart";"heart";"";"1";"Goldsmith, Oliver";"l2";"goldsmith-1766";"FICTION";"c";"c";"G";"heorte";"Weak";"N-Stem";"F";"l2";"j_l2";"c_lmod"
"salt:/ppcmbe2/goldsmith-1766-2#sTok2002";"every";"every";"of every man 0 that *T*-3 looks like a robber";"man";"man";"";"1";"Goldsmith, Oliver";"l2";"goldsmith-1766";"FICTION";"c";"c";"G";"mann";"Weak";"Consonant-Stem";"M/N";"l2";"j_l2";"c_lmod"
"salt:/ppcmbe2/goldsmith-1766-2#sTok3033";"every";"every";"each earned something *ICH*-3 every day : a trifle indeed , but sufficient to maintain him";"day";"day";"";"1";"Goldsmith, Oliver";"l2";"goldsmith-1766";"FICTION";"c";"a";"G";"dæg";"Strong";"A-Stem";"M";"l2";"j_l2";"c_lmod"
"salt:/ppcmbe2/goldsmith-1766-2#sTok3378";"no";"no";"Natural law gives me no right to take away his life , as 0 by that the horse 0 0 *T*-1 he steals is as much *ICH*-2 his property as mine .";"right";"right";"";"1";"Goldsmith, Oliver";"l2";"goldsmith-1766";"FICTION";"c";"a";"G";"riht";"Strong";"A-Stem";"N";"l2";"j_l2";"c_lmod"
"salt:/ppcmbe2/goldsmith-1766-2#sTok3412";"any";"any";"I have any right";"right";"right";"";"1";"Goldsmith, Oliver";"l2";"goldsmith-1766";"FICTION";"c";"a";"G";"riht";"Strong";"A-Stem";"N";"l2";"j_l2";"c_lmod"
"salt:/ppcmbe2/goldsmith-1766-2#sTok3450";"no";"no";"no man has a right to barter his life , no more than <P_2,100> to take it away , as 0 it is not his own";"man";"man";"";"1";"Goldsmith, Oliver";"l2";"goldsmith-1766";"FICTION";"c";"c";"G";"mann";"Weak";"Consonant-Stem";"M/N";"l2";"j_l2";"c_lmod"
"salt:/ppcmbe2/goldsmith-1766-2#sTok3787";"every";"every";"as if 0 our property were become dearer in proportion as 0 0 *T*-2 it encreased , as if the more enormous our wealth , the more extensive our fears , our possessions are paled up with new edicts every day";"day";"day";"";"1";"Goldsmith, Oliver";"l2";"goldsmith-1766";"FICTION";"c";"a";"G";"dæg";"Strong";"A-Stem";"M";"l2";"j_l2";"c_lmod"
"salt:/ppcmbe2/goldsmith-1766-2#sTok4964";"all";"all";"of all fathers";"fathers";"father";"1";"";"Goldsmith, Oliver";"l2";"goldsmith-1766";"FICTION";"c";"c";"G";"fæder";"Irregular";"Stem in -r";"M";"l2";"j_l2";"c_lmod"
"salt:/ppcmbe2/goldsmith-1766-2#sTok5743";"every";"every";"*T*-3 was every day declining , for want of necessaries and wholesome air";"day";"day";"";"1";"Goldsmith, Oliver";"l2";"goldsmith-1766";"FICTION";"c";"a";"G";"dæg";"Strong";"A-Stem";"M";"l2";"j_l2";"c_lmod"
"salt:/ppcmbe2/goldsmith-1766-2#sTok9738";"all";"all";"to all men";"men";"man";"1";"";"Goldsmith, Oliver";"l2";"goldsmith-1766";"FICTION";"c";"c";"G";"mann";"Weak";"Consonant-Stem";"M/N";"l2";"j_l2";"c_lmod"
"salt:/ppcmbe2/goldsmith-1766-2#sTok10554";"any";"any";"and any man may sustain it ;";"man";"man";"";"1";"Goldsmith, Oliver";"l2";"goldsmith-1766";"FICTION";"c";"c";"G";"mann";"Weak";"Consonant-Stem";"M/N";"l2";"j_l2";"c_lmod"
"salt:/ppcmbe2/goldsmith-1766-2#sTok10568";"no";"no";"and these no man can endure .";"man";"man";"";"1";"Goldsmith, Oliver";"l2";"goldsmith-1766";"FICTION";"c";"c";"G";"mann";"Weak";"Consonant-Stem";"M/N";"l2";"j_l2";"c_lmod"
"salt:/ppcmbe2/goldsmith-1766-2#sTok10608";"all";"all";"of all men";"men";"man";"1";"";"Goldsmith, Oliver";"l2";"goldsmith-1766";"FICTION";"c";"c";"G";"mann";"Weak";"Consonant-Stem";"M/N";"l2";"j_l2";"c_lmod"
"salt:/ppcmbe2/goldsmith-1773-1#sTok251";"no";"no";"but $that $'s {TEXT:that's} no great matter .";"matter";"matter";"";"1";"Goldsmith, Oliver";"l2";"goldsmith-1773";"DRAMA COMEDY";"c";"s";"R";"";"";"";"";"l2";"j_l2";"c_lmod"
"salt:/ppcmbe2/goldsmith-1773-1#sTok2999";"every";"every";"myself every day grow more angry";"day";"day";"";"1";"Goldsmith, Oliver";"l2";"goldsmith-1773";"DRAMA COMEDY";"c";"a";"G";"dæg";"Strong";"A-Stem";"M";"l2";"j_l2";"c_lmod"
"salt:/ppcmbe2/goldsmith-1773-1#sTok3763";"no";"no";"no man was sure of his supper till 0 he had eaten it";"man";"man";"";"1";"Goldsmith, Oliver";"l2";"goldsmith-1773";"DRAMA COMEDY";"c";"c";"G";"mann";"Weak";"Consonant-Stem";"M/N";"l2";"j_l2";"c_lmod"
"salt:/ppcmbe2/goldsmith-1773-1#sTok7433";"no";"no";"We Country persons can have no manner at all .";"manner";"manner";"";"1";"Goldsmith, Oliver";"l2";"goldsmith-1773";"DRAMA COMEDY";"u";"a";"R";"";"";"";"";"l2";"j_l2";"c_lmod"
"salt:/ppcmbe2/goldsmith-1773-1#sTok8500";"every";"every";"Did not I prescribe for you every day";"day";"day";"";"1";"Goldsmith, Oliver";"l2";"goldsmith-1773";"DRAMA COMEDY";"c";"a";"G";"dæg";"Strong";"A-Stem";"M";"l2";"j_l2";"c_lmod"
"salt:/ppcmbe2/goldsmith-1773-1#sTok10539";"every";"every";"for every virtue";"virtue";"virtue";"";"1";"Goldsmith, Oliver";"l2";"goldsmith-1773";"DRAMA COMEDY";"u";"a";"R";"";"";"";"";"l2";"j_l2";"c_lmod"
"salt:/ppcmbe2/goldsmith-1773-1#sTok10952";"every";"every";"Hastings . Thousands do it every day .";"day";"day";"";"1";"Goldsmith, Oliver";"l2";"goldsmith-1773";"DRAMA COMEDY";"c";"a";"G";"dæg";"Strong";"A-Stem";"M";"l2";"j_l2";"c_lmod"
"salt:/ppcmbe2/gordon-1781-2#sTok1453";"every";"every";"*T*-1 besides possesses every publick and private virtue 0 that *T*-2 can adorn the citizen and the man";"virtue";"virtue";"";"1";"n/a";"l2";"gordon-1781";"PROC TRIAL";"u";"a";"R";"";"";"";"";"l2";"j_l2";"c_lmod"
"salt:/ppcmbe2/gordon-1781-2#sTok2032";"many";"many";"of many innocent men";"men";"man";"1";"";"n/a";"l2";"gordon-1781";"PROC TRIAL";"c";"c";"G";"mann";"Weak";"Consonant-Stem";"M/N";"l2";"j_l2";"c_lmod"
"salt:/ppcmbe2/gordon-1781-2#sTok2628";"each";"each";"of each house";"house";"house";"";"1";"n/a";"l2";"gordon-1781";"PROC TRIAL";"c";"c";"G";"hus";"Strong";"A-Stem";"N";"l2";"j_l2";"c_lmod"
"salt:/ppcmbe2/gordon-1781-2#sTok2940";"every";"every";"in every civilized country";"country";"country";"";"1";"n/a";"l2";"gordon-1781";"PROC TRIAL";"c";"c";"R";"";"";"";"";"l2";"j_l2";"c_lmod"
"salt:/ppcmbe2/gordon-1781-2#sTok3498";"many";"many";"They afterwards attacked and demolished many houses belonging to Roman Catholicks ,";"houses";"house";"1";"";"n/a";"l2";"gordon-1781";"PROC TRIAL";"c";"c";"G";"hus";"Strong";"A-Stem";"N";"l2";"j_l2";"c_lmod"
"salt:/ppcmbe2/gordon-1781-2#sTok3560";"all";"all";"all that night , and until some time the next morning";"night";"night";"";"1";"n/a";"l2";"gordon-1781";"PROC TRIAL";"c";"a";"G";"niht";"Strong";"A-Stem";"N";"l2";"j_l2";"c_lmod"
"salt:/ppcmbe2/gordon-1781-2#sTok4032";"few";"few";"during these few days";"days";"day";"1";"";"n/a";"l2";"gordon-1781";"PROC TRIAL";"c";"a";"G";"dæg";"Strong";"A-Stem";"M";"l2";"j_l2";"c_lmod"
"salt:/ppcmbe2/gordon-1781-2#sTok4575";"any";"any";"did such an idea *ICH*-2 ever strike any man 0 that *T*-1 meant well to the peace and tranquillity of the country , that he would not present it without 0 he was attended by twenty thousand people , and they were to be marked , they were to be distinguished by cockades , that he might know the friends of the petition or the friends to the protestant cause";"man";"man";"";"1";"n/a";"l2";"gordon-1781";"PROC TRIAL";"c";"c";"G";"mann";"Weak";"Consonant-Stem";"M/N";"l2";"j_l2";"c_lmod"
"salt:/ppcmbe2/gordon-1781-2#sTok4657";"every";"every";"every man 0 that *T*-1 came there with a cockade , whatever 0 *T*-2 his views were , was considered as a friend to the Protestant religion ;";"man";"man";"";"1";"n/a";"l2";"gordon-1781";"PROC TRIAL";"c";"c";"G";"mann";"Weak";"Consonant-Stem";"M/N";"l2";"j_l2";"c_lmod"
"salt:/ppcmbe2/gordon-1781-2#sTok4818";"any";"any";"in any country";"country";"country";"";"1";"n/a";"l2";"gordon-1781";"PROC TRIAL";"c";"c";"R";"";"";"";"";"l2";"j_l2";"c_lmod"
"salt:/ppcmbe2/gordon-1781-2#sTok4974";"all";"all";"and pull down all the houses of the Roman Catholicks ;";"houses";"house";"1";"";"n/a";"l2";"gordon-1781";"PROC TRIAL";"c";"c";"G";"hus";"Strong";"A-Stem";"N";"l2";"j_l2";"c_lmod"
"salt:/ppcmbe2/gordon-1781-2#sTok5543";"every";"every";"every man 0 that *T*-1 did not wear a cockade in his hat was to be distinguished as a favourer of Popery and of the late act of parliament";"man";"man";"";"1";"n/a";"l2";"gordon-1781";"PROC TRIAL";"c";"c";"G";"mann";"Weak";"Consonant-Stem";"M/N";"l2";"j_l2";"c_lmod"
"salt:/ppcmbe2/gordon-1781-2#sTok5575";"every";"every";"every man who 0 *T*-2 would put a cockade in his hat , be his description what 0 *T*-3 it might , was to be considered as a friend to this petition";"man";"man";"";"1";"n/a";"l2";"gordon-1781";"PROC TRIAL";"c";"c";"G";"mann";"Weak";"Consonant-Stem";"M/N";"l2";"j_l2";"c_lmod"
"salt:/ppcmbe2/gordon-1781-2#sTok7650";"no";"no";"no man , however exalted in birth , situation , or connexion , can violate the peace , the order , the government , and the laws of his country , with impunity";"man";"man";"";"1";"n/a";"l2";"gordon-1781";"PROC TRIAL";"c";"c";"G";"mann";"Weak";"Consonant-Stem";"M/N";"l2";"j_l2";"c_lmod"
"salt:/ppcmbe2/gordon-1781-2#sTok10394";"any";"any";"of any other houses";"houses";"house";"1";"";"n/a";"l2";"gordon-1781";"PROC TRIAL";"c";"c";"G";"hus";"Strong";"A-Stem";"N";"l2";"j_l2";"c_lmod"
"salt:/ppcmbe2/gordon-1781-2#sTok19613";"every";"every";"every man must give his evidence .";"man";"man";"";"1";"n/a";"l2";"gordon-1781";"PROC TRIAL";"c";"c";"G";"mann";"Weak";"Consonant-Stem";"M/N";"l2";"j_l2";"c_lmod"
"salt:/ppcmbe2/gordon-1781-2#sTok23940";"any";"any";"Were there any houses destroyed";"houses";"house";"1";"";"n/a";"l2";"gordon-1781";"PROC TRIAL";"c";"c";"G";"hus";"Strong";"A-Stem";"N";"l2";"j_l2";"c_lmod"
"salt:/ppcmbe2/gordon-1781-2#sTok24140";"several";"several";"for several days";"days";"day";"1";"";"n/a";"l2";"gordon-1781";"PROC TRIAL";"c";"a";"G";"dæg";"Strong";"A-Stem";"M";"l2";"j_l2";"c_lmod"
"salt:/ppcmbe2/gordon-1781-2#sTok24350";"both";"both";"of both Houses of Parliament";"Houses";"house";"1";"";"n/a";"l2";"gordon-1781";"PROC TRIAL";"c";"c";"G";"hus";"Strong";"A-Stem";"N";"l2";"j_l2";"c_lmod"
"salt:/ppcmbe2/gordon-1781-2#sTok24439";"several";"several";"and several other houses";"houses";"house";"1";"";"n/a";"l2";"gordon-1781";"PROC TRIAL";"c";"c";"G";"hus";"Strong";"A-Stem";"N";"l2";"j_l2";"c_lmod"
"salt:/ppcmbe2/gordon-1781-2#sTok24565";"every";"every";"A. That cry continued every day till 0 the soldiers fired at them .";"day";"day";"";"1";"n/a";"l2";"gordon-1781";"PROC TRIAL";"c";"a";"G";"dæg";"Strong";"A-Stem";"M";"l2";"j_l2";"c_lmod"
"salt:/ppcmbe2/gordon-1781-2#sTok25110";"both";"both";"to both Houses of Parliament";"Houses";"house";"1";"";"n/a";"l2";"gordon-1781";"PROC TRIAL";"c";"c";"G";"hus";"Strong";"A-Stem";"N";"l2";"j_l2";"c_lmod"
"salt:/ppcmbe2/gordon-1781-2#sTok35370";"any";"any";"as any man 0 that *T*-1 ever addressed a Jury";"man";"man";"";"1";"n/a";"l2";"gordon-1781";"PROC TRIAL";"c";"c";"G";"mann";"Weak";"Consonant-Stem";"M/N";"l2";"j_l2";"c_lmod"
"salt:/ppcmbe2/gordon-1781-2#sTok37582";"any";"any";"Will any man state , that Colonel Miles was one of the Protestant Association";"man";"man";"";"1";"n/a";"l2";"gordon-1781";"PROC TRIAL";"c";"c";"G";"mann";"Weak";"Consonant-Stem";"M/N";"l2";"j_l2";"c_lmod"
"salt:/ppcmbe2/gordon-1781-2#sTok38823";"any";"any";"to any one man of the denomination of those 0 0 Lord George Gordon was the head of *T*-1";"man";"man";"";"1";"n/a";"l2";"gordon-1781";"PROC TRIAL";"c";"c";"G";"mann";"Weak";"Consonant-Stem";"M/N";"l2";"j_l2";"c_lmod"
"salt:/ppcmbe2/gordon-1781-2#sTok39680";"no";"no";"no man will state to you *T*-2 to be unconstitutional principles";"man";"man";"";"1";"n/a";"l2";"gordon-1781";"PROC TRIAL";"c";"c";"G";"mann";"Weak";"Consonant-Stem";"M/N";"l2";"j_l2";"c_lmod"
"salt:/ppcmbe2/gordon-1781-2#sTok40722";"every";"every";"for every man";"man";"man";"";"1";"n/a";"l2";"gordon-1781";"PROC TRIAL";"c";"c";"G";"mann";"Weak";"Consonant-Stem";"M/N";"l2";"j_l2";"c_lmod"
"salt:/ppcmbe2/gordon-1781-2#sTok41499";"several";"several";"several days distance";"days";"day";"1";"";"n/a";"l2";"gordon-1781";"PROC TRIAL";"c";"a";"G";"dæg";"Strong";"A-Stem";"M";"l2";"j_l2";"c_lmod"
"salt:/ppcmbe2/gordon-1781-2#sTok42100";"any";"any";"*T*-2 any man has been since the Statute of King William";"man";"man";"";"1";"n/a";"l2";"gordon-1781";"PROC TRIAL";"c";"c";"G";"mann";"Weak";"Consonant-Stem";"M/N";"l2";"j_l2";"c_lmod"
"salt:/ppcmbe2/gordon-1781-2#sTok42878";"both";"both";"both Houses of Parliament , the Bishops and Clergy";"Houses";"house";"1";"";"n/a";"l2";"gordon-1781";"PROC TRIAL";"c";"c";"G";"hus";"Strong";"A-Stem";"N";"l2";"j_l2";"c_lmod"
"salt:/ppcmbe2/grafting-1780-1#sTok496";"every";"every";"to every social virtue";"virtue";"virtue";"";"1";"Experienced practitioner in this branch of gardening, grafting and inoculation";"l2";"grafting-1780";"HANDB OTHER";"u";"a";"R";"";"";"";"";"l2";"j_l2";"c_lmod"
"salt:/ppcmbe2/grafting-1780-1#sTok952";"all";"all";"*T*-2 all good fruits have been accidentally obtained from seeds";"fruits";"fruit";"1";"";"Experienced practitioner in this branch of gardening, grafting and inoculation";"l2";"grafting-1780";"HANDB OTHER";"c";"s";"R";"";"";"";"";"l2";"j_l2";"c_lmod"
"salt:/ppcmbe2/grafting-1780-1#sTok3874";"all";"all";"for all those trees 0 that *T*-2 are produced from the seeds <P_18> are called *-1 crabs , without any distinction ;";"trees";"tree";"1";"";"Experienced practitioner in this branch of gardening, grafting and inoculation";"l2";"grafting-1780";"HANDB OTHER";"c";"c";"G";"treow";"Strong";"A-Stem";"N";"l2";"j_l2";"c_lmod"
"salt:/ppcmbe2/grafting-1780-1#sTok5499";"All";"all";"All such trees as 0 0 *T*-1 are of the same <font> genus , <$$font> i. e. which 0 *T*-2 agree in their flower and fruit , will generally <font> take <$$font> upon each other ;";"trees";"tree";"1";"";"Experienced practitioner in this branch of gardening, grafting and inoculation";"l2";"grafting-1780";"HANDB OTHER";"c";"c";"G";"treow";"Strong";"A-Stem";"N";"l2";"j_l2";"c_lmod"
"salt:/ppcmbe2/grafting-1780-1#sTok5539";"all";"all";"for instance , all nut-bearing trees may be <P_25> safely grafted upon each other , as 0 0 *T*-1 may also the plum-bearing trees , under which head 0 *T*-2 I reckon not only the several sorts of plums , but also the almond , peach , nectarine , apricot , &c. which 0 *T*-3 agree exactly in their general characters by which 0 *T*-4 they are distinguished from all other trees ;";"trees";"tree";"1";"";"Experienced practitioner in this branch of gardening, grafting and inoculation";"l2";"grafting-1780";"HANDB OTHER";"c";"c";"G";"treow";"Strong";"A-Stem";"N";"l2";"j_l2";"c_lmod"
"salt:/ppcmbe2/grafting-1780-1#sTok5605";"all";"all";"from all other trees";"trees";"tree";"1";"";"Experienced practitioner in this branch of gardening, grafting and inoculation";"l2";"grafting-1780";"HANDB OTHER";"c";"c";"G";"treow";"Strong";"A-Stem";"N";"l2";"j_l2";"c_lmod"
"salt:/ppcmbe2/grafting-1780-1#sTok5678";"All";"all";"All such trees as 0 0 *T*-1 bear cones will do well upon each other , though 0 they may differ in one being evergreen , and the other shedding its leaves in winter ; as 0 0 *T*-2 is observable in the cedar of Libanus , and the larch tree , which 0 *T*-3 are found *T*-3 to succeed upon each other very well ;";"trees";"tree";"1";"";"Experienced practitioner in this branch of gardening, grafting and inoculation";"l2";"grafting-1780";"HANDB OTHER";"c";"c";"G";"treow";"Strong";"A-Stem";"N";"l2";"j_l2";"c_lmod"
"salt:/ppcmbe2/grafting-1780-1#sTok5812";"All";"all";"All the mast-bearing trees will also take upon each other ,";"trees";"tree";"1";"";"Experienced practitioner in this branch of gardening, grafting and inoculation";"l2";"grafting-1780";"HANDB OTHER";"c";"c";"G";"treow";"Strong";"A-Stem";"N";"l2";"j_l2";"c_lmod"
"salt:/ppcmbe2/grafting-1780-1#sTok6846";"all";"all";"in all trees";"trees";"tree";"1";"";"Experienced practitioner in this branch of gardening, grafting and inoculation";"l2";"grafting-1780";"HANDB OTHER";"c";"c";"G";"treow";"Strong";"A-Stem";"N";"l2";"j_l2";"c_lmod"
"salt:/ppcmbe2/grafting-1780-1#sTok9740";"any";"any";"of any tree";"tree";"tree";"";"1";"Experienced practitioner in this branch of gardening, grafting and inoculation";"l2";"grafting-1780";"HANDB OTHER";"c";"c";"G";"treow";"Strong";"A-Stem";"N";"l2";"j_l2";"c_lmod"
"salt:/ppcmbe2/grafting-1780-1#sTok10321";"some";"some";"of some fruit trees";"fruit";"fruit";"";"1";"Experienced practitioner in this branch of gardening, grafting and inoculation";"l2";"grafting-1780";"HANDB OTHER";"c";"s";"R";"";"";"";"";"l2";"j_l2";"c_lmod"
"salt:/ppcmbe2/grafting-1780-1#sTok10321";"some";"some";"of some fruit trees";"trees";"tree";"1";"";"Experienced practitioner in this branch of gardening, grafting and inoculation";"l2";"grafting-1780";"HANDB OTHER";"c";"c";"G";"treow";"Strong";"A-Stem";"N";"l2";"j_l2";"c_lmod"
"salt:/ppcmbe2/grafting-1780-1#sTok11016";"all";"all";"the having of <font> roses <$$font> , and perhaps some other flowers , <font> all the year <$$font> , by inoculating their buds reasonably into some <font> evergreens <$$font> , such as <font> yew , fir <$$font> , or <font> pine , <$$font> especially if 0 those trees were assisted by some <font> artificial heat <$$font> , by being planted near some <font> stoves <$$font> or <font> furnaces <$$font> , where 0 *T*-2 a proper heat might be kept and conveyed to them all the winter";"year";"year";"";"1";"Experienced practitioner in this branch of gardening, grafting and inoculation";"l2";"grafting-1780";"HANDB OTHER";"c";"a";"G";"gear";"Strong";"A-Stem";"N";"l2";"j_l2";"c_lmod"
"salt:/ppcmbe2/grafting-1780-1#sTok12080";"some";"some";"*T*-3 you have previously infused some sweet and odoriferous matter";"matter";"matter";"";"1";"Experienced practitioner in this branch of gardening, grafting and inoculation";"l2";"grafting-1780";"HANDB OTHER";"c";"s";"R";"";"";"";"";"l2";"j_l2";"c_lmod"
"salt:/ppcmbe2/grafting-1780-1#sTok12185";"no";"no";"*T*-2 bear no fruit";"fruit";"fruit";"";"1";"Experienced practitioner in this branch of gardening, grafting and inoculation";"l2";"grafting-1780";"HANDB OTHER";"c";"s";"R";"";"";"";"";"l2";"j_l2";"c_lmod"
"salt:/ppcmbe2/green-1874-2#sTok8349";"any";"any";"by any man of note";"man";"man";"";"1";"Green, John Richard";"l4";"green-1874";"HISTORY";"c";"c";"G";"mann";"Weak";"Consonant-Stem";"M/N";"l4";"l_l4";"c_lmod"
"salt:/ppcmbe2/green-1874-2#sTok8858";"any";"any";"repudiating any right of control in faith or in worship on the part of the Church or its clergy";"right";"right";"";"1";"Green, John Richard";"l4";"green-1874";"HISTORY";"c";"a";"G";"riht";"Strong";"A-Stem";"N";"l4";"l_l4";"c_lmod"
"salt:/ppcmbe2/green-1874-2#sTok9802";"either";"either";"in either House";"House";"house";"";"1";"Green, John Richard";"l4";"green-1874";"HISTORY";"c";"c";"G";"hus";"Strong";"A-Stem";"N";"l4";"l_l4";"c_lmod"
"salt:/ppcmbe2/greville-1827-2#sTok531";"some";"some";"for some years";"years";"year";"1";"";"Greville, Charles";"l3";"greville-1827";"DIARY PRIV";"c";"a";"G";"gear";"Strong";"A-Stem";"N";"l3";"k_l3";"c_lmod"
"salt:/ppcmbe2/greville-1827-2#sTok932";"every";"every";"and *con* went out in his carriage every day .";"day";"day";"";"1";"Greville, Charles";"l3";"greville-1827";"DIARY PRIV";"c";"a";"G";"dæg";"Strong";"A-Stem";"M";"l3";"k_l3";"c_lmod"
"salt:/ppcmbe2/greville-1827-2#sTok1757";"many";"many";"For many days before his death";"days";"day";"1";"";"Greville, Charles";"l3";"greville-1827";"DIARY PRIV";"c";"a";"G";"dæg";"Strong";"A-Stem";"M";"l3";"k_l3";"c_lmod"
"salt:/ppcmbe2/greville-1827-2#sTok1766";"every";"every";"every day must close the scene";"day";"day";"";"1";"Greville, Charles";"l3";"greville-1827";"DIARY PRIV";"c";"a";"G";"dæg";"Strong";"A-Stem";"M";"l3";"k_l3";"c_lmod"
"salt:/ppcmbe2/greville-1827-2#sTok2049";"every";"every";"but he transacted the whole of his public business every day ,";"day";"day";"";"1";"Greville, Charles";"l3";"greville-1827";"DIARY PRIV";"c";"a";"G";"dæg";"Strong";"A-Stem";"M";"l3";"k_l3";"c_lmod"
"salt:/ppcmbe2/greville-1827-2#sTok2627";"some";"some";"for some days after";"days";"day";"1";"";"Greville, Charles";"l3";"greville-1827";"DIARY PRIV";"c";"a";"G";"dæg";"Strong";"A-Stem";"M";"l3";"k_l3";"c_lmod"
"salt:/ppcmbe2/greville-1827-2#sTok3071";"many";"many";"*T*-1 had lived with him many years";"years";"year";"1";"";"Greville, Charles";"l3";"greville-1827";"DIARY PRIV";"c";"a";"G";"gear";"Strong";"A-Stem";"N";"l3";"k_l3";"c_lmod"
"salt:/ppcmbe2/greville-1827-2#sTok3950";"every";"every";"every day the new appointment was expected to be declared ,";"day";"day";"";"1";"Greville, Charles";"l3";"greville-1827";"DIARY PRIV";"c";"a";"G";"dæg";"Strong";"A-Stem";"M";"l3";"k_l3";"c_lmod"
"salt:/ppcmbe2/greville-1827-2#sTok4466";"no";"no";"although 0 Canning has gained his point - *con* has got the power into his hands and *con* is nominally Prime Minister - no man ever took office under more humiliating circumstances";"man";"man";"";"1";"Greville, Charles";"l3";"greville-1827";"DIARY PRIV";"c";"c";"G";"mann";"Weak";"Consonant-Stem";"M/N";"l3";"k_l3";"c_lmod"
"salt:/ppcmbe2/greville-1827-2#sTok6533";"every";"every";"and the company was changed nearly every day .";"day";"day";"";"1";"Greville, Charles";"l3";"greville-1827";"DIARY PRIV";"c";"a";"G";"dæg";"Strong";"A-Stem";"M";"l3";"k_l3";"c_lmod"
"salt:/ppcmbe2/greville-1827-2#sTok10562";"some";"some";"some day or other";"day";"day";"";"1";"Greville, Charles";"l3";"greville-1827";"DIARY PRIV";"c";"a";"G";"dæg";"Strong";"A-Stem";"M";"l3";"k_l3";"c_lmod"
"salt:/ppcmbe2/greville-1855-2#sTok664";"every";"every";"every day seems to prove the more clearly that he is unfit for the task 0 0 *T*-1 he has taken on himself .";"day";"day";"";"1";"Greville, Charles";"l3";"greville-1855";"DIARY PRIV";"c";"a";"G";"dæg";"Strong";"A-Stem";"M";"l3";"k_l3";"c_lmod"
"salt:/ppcmbe2/greville-1855-2#sTok2234";"few";"few";"Within these few days";"days";"day";"1";"";"Greville, Charles";"l3";"greville-1855";"DIARY PRIV";"c";"a";"G";"dæg";"Strong";"A-Stem";"M";"l3";"k_l3";"c_lmod"
"salt:/ppcmbe2/greville-1855-2#sTok3462";"all";"all";"with all her heart";"heart";"heart";"";"1";"Greville, Charles";"l3";"greville-1855";"DIARY PRIV";"c";"c";"G";"heorte";"Weak";"N-Stem";"F";"l3";"k_l3";"c_lmod"
"salt:/ppcmbe2/greville-1855-2#sTok5689";"any";"any";"or any men";"men";"man";"1";"";"Greville, Charles";"l3";"greville-1855";"DIARY PRIV";"c";"c";"G";"mann";"Weak";"Consonant-Stem";"M/N";"l3";"k_l3";"c_lmod"
"salt:/ppcmbe2/greville-1855-2#sTok5924";"no";"no";"no men of capacity or character whose services 0 *T*-3 he can command , nor in fact any men , if 0 he could command their services , in whom 0 *ICH*-4 the public would be disposed *T*-5 to place confidence";"men";"man";"1";"";"Greville, Charles";"l3";"greville-1855";"DIARY PRIV";"c";"c";"G";"mann";"Weak";"Consonant-Stem";"M/N";"l3";"k_l3";"c_lmod"
"salt:/ppcmbe2/greville-1855-2#sTok5941";"any";"any";"nor in fact any men , if 0 he could command their services , in whom 0 *ICH*-4 the public would be disposed *T*-5 to place confidence";"men";"man";"1";"";"Greville, Charles";"l3";"greville-1855";"DIARY PRIV";"c";"c";"G";"mann";"Weak";"Consonant-Stem";"M/N";"l3";"k_l3";"c_lmod"
"salt:/ppcmbe2/greville-1855-2#sTok8554";"no";"no";"if 0 they interfere , the blame of any disaster will inevitably fall on them , no matter what 0 *T*-2 might be the cause";"matter";"matter";"";"1";"Greville, Charles";"l3";"greville-1855";"DIARY PRIV";"c";"s";"R";"";"";"";"";"l3";"k_l3";"c_lmod"
"salt:/ppcmbe2/greville-1855-2#sTok11070";"any";"any";"If 0 he had personal views and *con* wanted to regain the station and power which 0 *T*-2 he had lost , never did any man take such false steps";"man";"man";"";"1";"Greville, Charles";"l3";"greville-1855";"DIARY PRIV";"c";"c";"G";"mann";"Weak";"Consonant-Stem";"M/N";"l3";"k_l3";"c_lmod"
"salt:/ppcmbe2/greville-1855-2#sTok11462";"all";"all";"and all day";"day";"day";"";"1";"Greville, Charles";"l3";"greville-1855";"DIARY PRIV";"c";"a";"G";"dæg";"Strong";"A-Stem";"M";"l3";"k_l3";"c_lmod"
"salt:/ppcmbe2/greville-1855-2#sTok12137";"any";"any";"*T*-2 to find any fresh men worth anything";"men";"man";"1";"";"Greville, Charles";"l3";"greville-1855";"DIARY PRIV";"c";"c";"G";"mann";"Weak";"Consonant-Stem";"M/N";"l3";"k_l3";"c_lmod"
"salt:/ppcmbe2/grey-1914-2#sTok1822";"some";"some";"some days ago";"days";"day";"1";"";"Grey, Edward, Sir, 1st viscount Grey of Fallodon";"l4";"grey-1914";"LET NON-PRIV";"c";"a";"G";"dæg";"Strong";"A-Stem";"M";"l4";"l_l4";"c_lmod"
"salt:/ppcmbe2/grey-1914-2#sTok2427";"some";"some";"some days ago";"days";"day";"1";"";"Grey, Edward, Sir, 1st viscount Grey of Fallodon";"l4";"grey-1914";"LET NON-PRIV";"c";"a";"G";"dæg";"Strong";"A-Stem";"M";"l4";"l_l4";"c_lmod"
"salt:/ppcmbe2/grey-1914-2#sTok5601";"many";"many";"for many years";"years";"year";"1";"";"Grey, Edward, Sir, 1st viscount Grey of Fallodon";"l4";"grey-1914";"LET NON-PRIV";"c";"a";"G";"gear";"Strong";"A-Stem";"N";"l4";"l_l4";"c_lmod"
"salt:/ppcmbe2/hardy-1874-2#sTok670";"some";"some";"Mrs. Troy , you will marry again some day";"day";"day";"";"1";"Hardy, Thomas";"l4";"hardy-1874";"FICTION";"c";"a";"G";"dæg";"Strong";"A-Stem";"M";"l4";"l_l4";"c_lmod"
"salt:/ppcmbe2/hardy-1874-2#sTok1635";"any";"any";"of any other man";"man";"man";"";"1";"Hardy, Thomas";"l4";"hardy-1874";"FICTION";"c";"c";"G";"mann";"Weak";"Consonant-Stem";"M/N";"l4";"l_l4";"c_lmod"
"salt:/ppcmbe2/hardy-1874-2#sTok2269";"little";"little";"little love left";"love";"love";"";"1";"Hardy, Thomas";"l4";"hardy-1874";"FICTION";"u";"a";"G";"lufu";"Strong";"O-Stem";"F";"l4";"l_l4";"c_lmod"
"salt:/ppcmbe2/hardy-1874-2#sTok3527";"any";"any";"my own scruples , and the fact that in the eye of the law my husband is only missing , will keep any man from marrying me until 0 seven years have passed";"man";"man";"";"1";"Hardy, Thomas";"l4";"hardy-1874";"FICTION";"c";"c";"G";"mann";"Weak";"Consonant-Stem";"M/N";"l4";"l_l4";"c_lmod"
"salt:/ppcmbe2/hardy-1874-2#sTok7096";"any";"any";"or any other man of his compass";"man";"man";"";"1";"Hardy, Thomas";"l4";"hardy-1874";"FICTION";"c";"c";"G";"mann";"Weak";"Consonant-Stem";"M/N";"l4";"l_l4";"c_lmod"
"salt:/ppcmbe2/hardy-1874-2#sTok7601";"any";"any";"on any such matter";"matter";"matter";"";"1";"Hardy, Thomas";"l4";"hardy-1874";"FICTION";"c";"s";"R";"";"";"";"";"l4";"l_l4";"c_lmod"
"salt:/ppcmbe2/hardy-1874-2#sTok7657";"many";"many";"for many a year";"year";"year";"";"1";"Hardy, Thomas";"l4";"hardy-1874";"FICTION";"c";"a";"G";"gear";"Strong";"A-Stem";"N";"l4";"l_l4";"c_lmod"
"salt:/ppcmbe2/hardy-1874-2#sTok8811";"no";"no";"as no wife at all";"wife";"wife";"";"1";"Hardy, Thomas";"l4";"hardy-1874";"FICTION";"c";"c";"G";"wif";"Strong";"A-Stem";"N";"l4";"l_l4";"c_lmod"
"salt:/ppcmbe2/hardy-1874-2#sTok10401";"every";"every";"every man busied with his own thoughts";"man";"man";"";"1";"Hardy, Thomas";"l4";"hardy-1874";"FICTION";"c";"c";"G";"mann";"Weak";"Consonant-Stem";"M/N";"l4";"l_l4";"c_lmod"
"salt:/ppcmbe2/hardy-1874-2#sTok10930";"no";"no";"And now $I $'ve {TEXT:I've} no heart to go in .";"heart";"heart";"";"1";"Hardy, Thomas";"l4";"hardy-1874";"FICTION";"c";"c";"G";"heorte";"Weak";"N-Stem";"F";"l4";"l_l4";"c_lmod"
"salt:/ppcmbe2/hardy-1874-2#sTok11720";"Each";"each";"Each man waited intently ,";"man";"man";"";"1";"Hardy, Thomas";"l4";"hardy-1874";"FICTION";"c";"c";"G";"mann";"Weak";"Consonant-Stem";"M/N";"l4";"l_l4";"c_lmod"
"salt:/ppcmbe2/hare-183x-2#sTok249";"all";"all";"of all the earth";"earth";"earth";"";"1";"Hare, Augustus William";"l3";"hare-183x";"SERMON";"u";"s";"G";"eorþe";"Weak";"N-Stem";"F";"l3";"k_l3";"c_lmod"
"salt:/ppcmbe2/hare-183x-2#sTok260";"all";"all";"and all the other sons of men";"sons";"son";"1";"";"Hare, Augustus William";"l3";"hare-183x";"SERMON";"c";"c";"G";"sunu";"Strong";"U-Stem";"M";"l3";"k_l3";"c_lmod"
"salt:/ppcmbe2/hare-183x-2#sTok1046";"some";"some";"in some little darling sin";"sin";"sin";"";"1";"Hare, Augustus William";"l3";"hare-183x";"SERMON";"c";"a";"G";"syn";"Strong";"O-Stem";"F";"l3";"k_l3";"c_lmod"
"salt:/ppcmbe2/hare-183x-2#sTok2764";"several";"several";"and several other Christian graces";"graces";"grace";"1";"";"Hare, Augustus William";"l3";"hare-183x";"SERMON";"u";"a";"R";"";"";"";"";"l3";"k_l3";"c_lmod"
"salt:/ppcmbe2/hare-183x-2#sTok5210";"every";"every";"to walk from here to Devizes , or rather from here to Bath , with a sack of wheat on your shoulder every day for a month together";"day";"day";"";"1";"Hare, Augustus William";"l3";"hare-183x";"SERMON";"c";"a";"G";"dæg";"Strong";"A-Stem";"M";"l3";"k_l3";"c_lmod"
"salt:/ppcmbe2/hare-183x-2#sTok5875";"all";"all";"all their sins unrepented of *";"sins";"sin";"1";"";"Hare, Augustus William";"l3";"hare-183x";"SERMON";"c";"a";"G";"syn";"Strong";"O-Stem";"F";"l3";"k_l3";"c_lmod"
"salt:/ppcmbe2/hare-183x-2#sTok8066";"both";"both";"both your eyes open";"eyes";"eye";"1";"";"Hare, Augustus William";"l3";"hare-183x";"SERMON";"c";"c";"G";"eage";"Strong";"A-Stem";"M";"l3";"k_l3";"c_lmod"
"salt:/ppcmbe2/hare-183x-2#sTok8781";"many";"many";"many a poor soul is encouraged by them to persevere <P_2,288> in the work of repentance , 0 painful as 0 0 *T*-1 it may be : until 0 at length God causes his mercy to shine forth on him , like a sunbeam from a stormy cloud , and *con* speaks peace to his wounded spirit";"soul";"soul";"";"1";"Hare, Augustus William";"l3";"hare-183x";"SERMON";"c";"a";"G";"sawel";"Strong";"O-Stem";"F";"l3";"k_l3";"c_lmod"
"salt:/ppcmbe2/hare-183x-2#sTok9154";"no";"no";"he has no <P_2,289> sin";"sin";"sin";"";"1";"Hare, Augustus William";"l3";"hare-183x";"SERMON";"c";"a";"G";"syn";"Strong";"O-Stem";"F";"l3";"k_l3";"c_lmod"
"salt:/ppcmbe2/hare-183x-2#sTok10522";"many";"many";"and beside this doubtless I have committed many secret sins , which 0 in my blindness I have failed *T*-1 to notice .";"sins";"sin";"1";"";"Hare, Augustus William";"l3";"hare-183x";"SERMON";"c";"a";"G";"syn";"Strong";"O-Stem";"F";"l3";"k_l3";"c_lmod"
"salt:/ppcmbe2/hare-183x-2#sTok10952";"all";"all";"we on our part forgive all our brethren";"brethren";"brother";"1";"";"Hare, Augustus William";"l3";"hare-183x";"SERMON";"c";"c";"G";"broþor";"Irregular";"Stem in -r";"M";"l3";"k_l3";"c_lmod"
"salt:/ppcmbe2/hare-183x-2#sTok11014";"every";"every";"with every man";"man";"man";"";"1";"Hare, Augustus William";"l3";"hare-183x";"SERMON";"c";"c";"G";"mann";"Weak";"Consonant-Stem";"M/N";"l3";"k_l3";"c_lmod"
"salt:/ppcmbe2/hare-183x-2#sTok11614";"all";"all";"of all those matters in our behaviour to him , which 0 *T*-1 may have seemed to him in any degree harsh , or unkind , or angry , or disrespectful , or overbearing";"matters";"matter";"1";"";"Hare, Augustus William";"l3";"hare-183x";"SERMON";"c";"s";"R";"";"";"";"";"l3";"k_l3";"c_lmod"
"salt:/ppcmbe2/harris-177x-2#sTok470";"All";"all";"All these different exclusive rights will be thrown into the hands of his new trading company , which 0 *T*-1 at present appears to be his favourite project .";"rights";"right";"1";"";"Harris, James, 1st earl of Malmesbury";"l2";"harris-177x";"LET NON-PRIV";"c";"a";"G";"riht";"Strong";"A-Stem";"N";"l2";"j_l2";"c_lmod"
"salt:/ppcmbe2/harris-177x-2#sTok3123";"every";"every";"and the artillery still go out every day , though 0 nominally they were dismissed towards the middle of September .";"day";"day";"";"1";"Harris, James, 1st earl of Malmesbury";"l2";"harris-177x";"LET NON-PRIV";"c";"a";"G";"dæg";"Strong";"A-Stem";"M";"l2";"j_l2";"c_lmod"
"salt:/ppcmbe2/harris-177x-2#sTok3794";"few";"few";"within these few years";"years";"year";"1";"";"Harris, James, 1st earl of Malmesbury";"l2";"harris-177x";"LET NON-PRIV";"c";"a";"G";"gear";"Strong";"A-Stem";"N";"l2";"j_l2";"c_lmod"
"salt:/ppcmbe2/harris-177x-2#sTok10302";"no";"no";"there are in him no seeds of those great qualities so necessary for one who 0 *T*-3 is to inherit dominions like these";"seeds";"seed";"1";"";"Harris, James, 1st earl of Malmesbury";"l2";"harris-177x";"LET NON-PRIV";"c";"s";"G";"seed";"Strong";"A-Stem";"N";"l2";"j_l2";"c_lmod"
"salt:/ppcmbe2/harris-177x-2#sTok13889";"several";"several";"several years ago";"years";"year";"1";"";"Harris, James, 1st earl of Malmesbury";"l2";"harris-177x";"LET NON-PRIV";"c";"a";"G";"gear";"Strong";"A-Stem";"N";"l2";"j_l2";"c_lmod"
"salt:/ppcmbe2/harris-1797-2#sTok1013";"any";"any";"to any Right which 0 *T*-1 might be supposed *-2 to arise from it";"Right";"right";"";"1";"Harris, James, 1st earl of Malmesbury";"l2";"";"LET NON-PRIV";"c";"a";"G";"riht";"Strong";"A-Stem";"N";"l2";"j_l2";"c_lmod"
"salt:/ppcmbe2/harris-1797-2#sTok6661";"every";"every";"to meet every other Day at Two o'clock";"Day";"day";"";"1";"Harris, James, 1st earl of Malmesbury";"l2";"";"LET NON-PRIV";"c";"a";"G";"dæg";"Strong";"A-Stem";"M";"l2";"j_l2";"c_lmod"
"salt:/ppcmbe2/haydon-1808-1#sTok377";"every";"every";"every man wrapt up in his own feelings & meditations";"man";"man";"";"1";"Haydon, Benjamin";"l2";"haydon-1808";"DIARY PRIV";"c";"c";"G";"mann";"Weak";"Consonant-Stem";"M/N";"l2";"j_l2";"c_lmod"
"salt:/ppcmbe2/haydon-1808-1#sTok1942";"all";"all";"having all day spent in dwelling on Homer and Achilles";"day";"day";"";"1";"Haydon, Benjamin";"l2";"haydon-1808";"DIARY PRIV";"c";"a";"G";"dæg";"Strong";"A-Stem";"M";"l2";"j_l2";"c_lmod"
"salt:/ppcmbe2/haydon-1808-1#sTok4252";"every";"every";"I shall certainly draw every day at Lord Elgin's this week";"day";"day";"";"1";"Haydon, Benjamin";"l2";"haydon-1808";"DIARY PRIV";"c";"a";"G";"dæg";"Strong";"A-Stem";"M";"l2";"j_l2";"c_lmod"
"salt:/ppcmbe2/haydon-1808-1#sTok4322";"every";"every";"every day of my future life I may encrease in purity , piety & energetic exertion";"day";"day";"";"1";"Haydon, Benjamin";"l2";"haydon-1808";"DIARY PRIV";"c";"a";"G";"dæg";"Strong";"A-Stem";"M";"l2";"j_l2";"c_lmod"
"salt:/ppcmbe2/haydon-1808-1#sTok4358";"all";"all";"with all my soul";"soul";"soul";"";"1";"Haydon, Benjamin";"l2";"haydon-1808";"DIARY PRIV";"c";"a";"G";"sawel";"Strong";"O-Stem";"F";"l2";"j_l2";"c_lmod"
"salt:/ppcmbe2/haydon-1808-1#sTok5353";"every";"every";"I may every day encrease in purity";"day";"day";"";"1";"Haydon, Benjamin";"l2";"haydon-1808";"DIARY PRIV";"c";"a";"G";"dæg";"Strong";"A-Stem";"M";"l2";"j_l2";"c_lmod"
"salt:/ppcmbe2/haydon-1808-1#sTok5385";"each";"each";"me end each day with a silent conviction of having passed it with thy approbation";"day";"day";"";"1";"Haydon, Benjamin";"l2";"haydon-1808";"DIARY PRIV";"c";"a";"G";"dæg";"Strong";"A-Stem";"M";"l2";"j_l2";"c_lmod"
"salt:/ppcmbe2/haydon-1808-1#sTok5602";"all";"all";"sitting up all night";"night";"night";"";"1";"Haydon, Benjamin";"l2";"haydon-1808";"DIARY PRIV";"c";"a";"G";"niht";"Strong";"A-Stem";"N";"l2";"j_l2";"c_lmod"
"salt:/ppcmbe2/haydon-1808-1#sTok6432";"every";"every";"I shall every day be more worthy of them";"day";"day";"";"1";"Haydon, Benjamin";"l2";"haydon-1808";"DIARY PRIV";"c";"a";"G";"dæg";"Strong";"A-Stem";"M";"l2";"j_l2";"c_lmod"
"salt:/ppcmbe2/haydon-1808-1#sTok7092";"no";"no";"there is certainly no man so well *ICH*-2 adapted as Bell ,";"man";"man";"";"1";"Haydon, Benjamin";"l2";"haydon-1808";"DIARY PRIV";"c";"c";"G";"mann";"Weak";"Consonant-Stem";"M/N";"l2";"j_l2";"c_lmod"
"salt:/ppcmbe2/haydon-1808-1#sTok8266";"no";"no";"no Sin or Lasciviousness break in";"Sin";"sin";"";"1";"Haydon, Benjamin";"l2";"haydon-1808";"DIARY PRIV";"c";"a";"G";"syn";"Strong";"O-Stem";"F";"l2";"j_l2";"c_lmod"
"salt:/ppcmbe2/haydon-1808-1#sTok8428";"many";"many";"and *con* has sat to me for my first <P_1,25> Picture many days without pay when 0 I could not afford to pay him a farthing , and *con* had no prospect of being able to do it -";"days";"day";"1";"";"Haydon, Benjamin";"l2";"haydon-1808";"DIARY PRIV";"c";"a";"G";"dæg";"Strong";"A-Stem";"M";"l2";"j_l2";"c_lmod"
"salt:/ppcmbe2/haydon-1808-1#sTok8674";"some";"some";"for some years back";"years";"year";"1";"";"Haydon, Benjamin";"l2";"haydon-1808";"DIARY PRIV";"c";"a";"G";"gear";"Strong";"A-Stem";"N";"l2";"j_l2";"c_lmod"
"salt:/ppcmbe2/haydon-1808-1#sTok9473";"every";"every";"every day may add strength to my virtuous habits";"day";"day";"";"1";"Haydon, Benjamin";"l2";"haydon-1808";"DIARY PRIV";"c";"a";"G";"dæg";"Strong";"A-Stem";"M";"l2";"j_l2";"c_lmod"
"salt:/ppcmbe2/haydon-1808-1#sTok9535";"all";"all";"*pro* Drew at Lord Elgin's all day";"day";"day";"";"1";"Haydon, Benjamin";"l2";"haydon-1808";"DIARY PRIV";"c";"a";"G";"dæg";"Strong";"A-Stem";"M";"l2";"j_l2";"c_lmod"
"salt:/ppcmbe2/haydon-1808-1#sTok11695";"any";"any";"to any young men";"men";"man";"1";"";"Haydon, Benjamin";"l2";"haydon-1808";"DIARY PRIV";"c";"c";"G";"mann";"Weak";"Consonant-Stem";"M/N";"l2";"j_l2";"c_lmod"
"salt:/ppcmbe2/haydon-1808-1#sTok12222";"any";"any";"*T*-1 I would have refused any other man";"man";"man";"";"1";"Haydon, Benjamin";"l2";"haydon-1808";"DIARY PRIV";"c";"c";"G";"mann";"Weak";"Consonant-Stem";"M/N";"l2";"j_l2";"c_lmod"
"salt:/ppcmbe2/haydon-1808-1#sTok13589";"no";"no";"no man , of the common timid feelings of mankind , would have dared *T*-1 say or feel";"man";"man";"";"1";"Haydon, Benjamin";"l2";"haydon-1808";"DIARY PRIV";"c";"c";"G";"mann";"Weak";"Consonant-Stem";"M/N";"l2";"j_l2";"c_lmod"
"salt:/ppcmbe2/haydon-1842-2#sTok1974";"No";"no";"No young man who 0 *T*-1 is not independent should treat his superiors in rank , wealth , & station as if 0 they were his equals .";"man";"man";"";"1";"Haydon, Benjamin";"l3";"haydon-1842";"DIARY PRIV";"c";"c";"G";"mann";"Weak";"Consonant-Stem";"M/N";"l3";"k_l3";"c_lmod"
"salt:/ppcmbe2/haydon-1842-2#sTok3026";"Many";"many";"Many years ago";"years";"year";"1";"";"Haydon, Benjamin";"l3";"haydon-1842";"DIARY PRIV";"c";"a";"G";"gear";"Strong";"A-Stem";"N";"l3";"k_l3";"c_lmod"
"salt:/ppcmbe2/haydon-1842-2#sTok3775";"all";"all";"all souls are equal";"souls";"soul";"1";"";"Haydon, Benjamin";"l3";"haydon-1842";"DIARY PRIV";"c";"a";"G";"sawel";"Strong";"O-Stem";"F";"l3";"k_l3";"c_lmod"
"salt:/ppcmbe2/haydon-1842-2#sTok3946";"all";"all";"all Souls be equal";"Souls";"soul";"1";"";"Haydon, Benjamin";"l3";"haydon-1842";"DIARY PRIV";"c";"a";"G";"sawel";"Strong";"O-Stem";"F";"l3";"k_l3";"c_lmod"
"salt:/ppcmbe2/haydon-1842-2#sTok4141";"All";"all";"All Souls $can $not {TEXT:cannot} be equal .";"Souls";"soul";"1";"";"Haydon, Benjamin";"l3";"haydon-1842";"DIARY PRIV";"c";"a";"G";"sawel";"Strong";"O-Stem";"F";"l3";"k_l3";"c_lmod"
"salt:/ppcmbe2/haydon-1842-2#sTok4165";"Some";"some";"Some Souls are -";"Souls";"soul";"1";"";"Haydon, Benjamin";"l3";"haydon-1842";"DIARY PRIV";"c";"a";"G";"sawel";"Strong";"O-Stem";"F";"l3";"k_l3";"c_lmod"
"salt:/ppcmbe2/haydon-1842-2#sTok4177";"all";"all";"all Souls are equal";"Souls";"soul";"1";"";"Haydon, Benjamin";"l3";"haydon-1842";"DIARY PRIV";"c";"a";"G";"sawel";"Strong";"O-Stem";"F";"l3";"k_l3";"c_lmod"
"salt:/ppcmbe2/haydon-1842-2#sTok4197";"All";"all";"All Souls are not equal ,";"Souls";"soul";"1";"";"Haydon, Benjamin";"l3";"haydon-1842";"DIARY PRIV";"c";"a";"G";"sawel";"Strong";"O-Stem";"F";"l3";"k_l3";"c_lmod"
"salt:/ppcmbe2/haydon-1842-2#sTok4401";"all";"all";"*T*-2 lasted all day";"day";"day";"";"1";"Haydon, Benjamin";"l3";"haydon-1842";"DIARY PRIV";"c";"a";"G";"dæg";"Strong";"A-Stem";"M";"l3";"k_l3";"c_lmod"
"salt:/ppcmbe2/haydon-1842-2#sTok4733";"all";"all";"*pro* Wrote my Life all day .";"day";"day";"";"1";"Haydon, Benjamin";"l3";"haydon-1842";"DIARY PRIV";"c";"a";"G";"dæg";"Strong";"A-Stem";"M";"l3";"k_l3";"c_lmod"
"salt:/ppcmbe2/haydon-1842-2#sTok5079";"all";"all";"with all my Soul";"Soul";"soul";"";"1";"Haydon, Benjamin";"l3";"haydon-1842";"DIARY PRIV";"c";"a";"G";"sawel";"Strong";"O-Stem";"F";"l3";"k_l3";"c_lmod"
"salt:/ppcmbe2/haydon-1842-2#sTok5785";"no";"no";"but no solid finishing work .";"work";"work";"";"1";"Haydon, Benjamin";"l3";"haydon-1842";"DIARY PRIV";"u";"a";"G";"weorc";"Strong";"A-Stem";"N";"l3";"k_l3";"c_lmod"
"salt:/ppcmbe2/haydon-1842-2#sTok6711";"all";"all";"with all our Souls";"Souls";"soul";"1";"";"Haydon, Benjamin";"l3";"haydon-1842";"DIARY PRIV";"c";"a";"G";"sawel";"Strong";"O-Stem";"F";"l3";"k_l3";"c_lmod"
"salt:/ppcmbe2/haydon-1842-2#sTok6894";"no";"no";"He has no Eye for color - <font> none , <$$font>";"Eye";"eye";"";"1";"Haydon, Benjamin";"l3";"haydon-1842";"DIARY PRIV";"c";"c";"G";"eage";"Strong";"A-Stem";"M";"l3";"k_l3";"c_lmod"
"salt:/ppcmbe2/haydon-1842-2#sTok7258";"all";"all";"all intermediate men may catch the voice";"men";"man";"1";"";"Haydon, Benjamin";"l3";"haydon-1842";"DIARY PRIV";"c";"c";"G";"mann";"Weak";"Consonant-Stem";"M/N";"l3";"k_l3";"c_lmod"
"salt:/ppcmbe2/haydon-1842-2#sTok7740";"all";"all";"& *con* wrote all day .";"day";"day";"";"1";"Haydon, Benjamin";"l3";"haydon-1842";"DIARY PRIV";"c";"a";"G";"dæg";"Strong";"A-Stem";"M";"l3";"k_l3";"c_lmod"
"salt:/ppcmbe2/haydon-1842-2#sTok8994";"all";"all";"all my heart & all my Soul";"heart";"heart";"";"1";"Haydon, Benjamin";"l3";"haydon-1842";"DIARY PRIV";"c";"c";"G";"heorte";"Weak";"N-Stem";"F";"l3";"k_l3";"c_lmod"
"salt:/ppcmbe2/haydon-1842-2#sTok8998";"all";"all";"& all my Soul";"Soul";"soul";"";"1";"Haydon, Benjamin";"l3";"haydon-1842";"DIARY PRIV";"c";"a";"G";"sawel";"Strong";"O-Stem";"F";"l3";"k_l3";"c_lmod"
"salt:/ppcmbe2/haydon-1842-2#sTok10430";"all";"all";"to go on all night";"night";"night";"";"1";"Haydon, Benjamin";"l3";"haydon-1842";"DIARY PRIV";"c";"a";"G";"niht";"Strong";"A-Stem";"N";"l3";"k_l3";"c_lmod"
"salt:/ppcmbe2/haydon-1842-2#sTok10780";"all";"all";"Laid up all day - with my bayonet wound .";"day";"day";"";"1";"Haydon, Benjamin";"l3";"haydon-1842";"DIARY PRIV";"c";"a";"G";"dæg";"Strong";"A-Stem";"M";"l3";"k_l3";"c_lmod"
"salt:/ppcmbe2/haydon-1842-2#sTok11164";"no";"no";"payment of debt virtue , no matter how 0 *T*-2 wealth is acquired or the means of paying debts accumulated";"matter";"matter";"";"1";"Haydon, Benjamin";"l3";"haydon-1842";"DIARY PRIV";"c";"s";"R";"";"";"";"";"l3";"k_l3";"c_lmod"
"salt:/ppcmbe2/haydon-1842-2#sTok13964";"all";"all";"all my heart , & all my Soul";"heart";"heart";"";"1";"Haydon, Benjamin";"l3";"haydon-1842";"DIARY PRIV";"c";"c";"G";"heorte";"Weak";"N-Stem";"F";"l3";"k_l3";"c_lmod"
"salt:/ppcmbe2/haydon-1842-2#sTok13969";"all";"all";"& all my Soul";"Soul";"soul";"";"1";"Haydon, Benjamin";"l3";"haydon-1842";"DIARY PRIV";"c";"a";"G";"sawel";"Strong";"O-Stem";"F";"l3";"k_l3";"c_lmod"
"salt:/ppcmbe2/haydon-1842-2#sTok14001";"all";"all";"Out all day - at Wilkie's sale .";"day";"day";"";"1";"Haydon, Benjamin";"l3";"haydon-1842";"DIARY PRIV";"c";"a";"G";"dæg";"Strong";"A-Stem";"M";"l3";"k_l3";"c_lmod"
"salt:/ppcmbe2/haydon-1842-2#sTok14056";"several";"several";"*T*-1 several young men in Art went abroad in hopes of discovering that Genius in themselves *ICH*-2 from the geniality of other Climates which 0 their Countrymen had not been so fortunate to discover 0 *T*-3 they had possessed at home in their own";"men";"man";"1";"";"Haydon, Benjamin";"l3";"haydon-1842";"DIARY PRIV";"c";"c";"G";"mann";"Weak";"Consonant-Stem";"M/N";"l3";"k_l3";"c_lmod"
"salt:/ppcmbe2/heber-1815-2#sTok485";"any";"any";"of any other work whatever";"work";"work";"";"1";"Heber, Reginald, bishop of Calcutta";"l3";"heber-1815";"SERMON";"u";"a";"G";"weorc";"Strong";"A-Stem";"N";"l3";"k_l3";"c_lmod"
"salt:/ppcmbe2/heber-1815-2#sTok982";"no";"no";"the Holy Ghost is no material substance";"substance";"substance";"";"1";"Heber, Reginald, bishop of Calcutta";"l3";"heber-1815";"SERMON";"c";"s";"R";"";"";"";"";"l3";"k_l3";"c_lmod"
"salt:/ppcmbe2/heber-1815-2#sTok1924";"all";"all";"of all men";"men";"man";"1";"";"Heber, Reginald, bishop of Calcutta";"l3";"heber-1815";"SERMON";"c";"c";"G";"mann";"Weak";"Consonant-Stem";"M/N";"l3";"k_l3";"c_lmod"
"salt:/ppcmbe2/heber-1815-2#sTok3540";"any";"any";"under any other name than that which 0 *T*-1 conventionally and usually represents it";"name";"name";"";"1";"Heber, Reginald, bishop of Calcutta";"l3";"heber-1815";"SERMON";"c";"a";"G";"nama";"Weak";"N-Stem";"M";"l3";"k_l3";"c_lmod"
"salt:/ppcmbe2/heber-1815-2#sTok5111";"all";"all";"the Lord Jesus to have been , himself , all wisdom and truth";"wisdom";"wisdom";"";"1";"Heber, Reginald, bishop of Calcutta";"l3";"heber-1815";"SERMON";"u";"a";"G";"wisdom";"Strong";"A-Stem";"M";"l3";"k_l3";"c_lmod"
"salt:/ppcmbe2/heber-1815-2#sTok6493";"any";"any";"not any single grace personified";"grace";"grace";"";"1";"Heber, Reginald, bishop of Calcutta";"l3";"heber-1815";"SERMON";"u";"a";"R";"";"";"";"";"l3";"k_l3";"c_lmod"
"salt:/ppcmbe2/heber-1815-2#sTok7107";"every";"every";"*T*-3 had been read to them every Sabbath day";"day";"day";"";"1";"Heber, Reginald, bishop of Calcutta";"l3";"heber-1815";"SERMON";"c";"a";"G";"dæg";"Strong";"A-Stem";"M";"l3";"k_l3";"c_lmod"
"salt:/ppcmbe2/heber-1815-2#sTok10077";"several";"several";"than several greater names on both sides of the controversy";"names";"name";"1";"";"Heber, Reginald, bishop of Calcutta";"l3";"heber-1815";"SERMON";"c";"a";"G";"nama";"Weak";"N-Stem";"M";"l3";"k_l3";"c_lmod"
"salt:/ppcmbe2/hind-1707-1#sTok2703";"All";"all";"All his land Forces *ICH*-1 met at <font> Critala <$$font> , with which 0 *T*-2 having pass'd the River <font> Halys <$$font> , he came to <font> Celanae <$$font> , a City of <font> Phrygia <$$font> , where 0 *T*-3 one <font> Pythius <$$font> a <font> Lydian <$$font> entertain'd him and his whole Army , and *T*-3 *con* presented <font> Xerxes <$$font> himself with 2000 Talents of Silver , and 4000000 in Gold , wanting 7000 of the <font> Persian Darici <$$font> .";"land";"land";"";"1";"Hind, Thomas";"l1";"hind-1707";"HISTORY";"u";"a";"G";"land";"Strong";"A-Stem";"N";"l1";"i_l1";"c_lmod"
"salt:/ppcmbe2/hind-1707-1#sTok3780";"every";"every";"to every Ship";"Ship";"ship";"";"1";"Hind, Thomas";"l1";"hind-1707";"HISTORY";"c";"c";"G";"scip";"Strong";"A-Stem";"N";"l1";"i_l1";"c_lmod"
"salt:/ppcmbe2/hind-1707-1#sTok8065";"some";"some";"upon some <font> Cilician <$$font> Ships , which 0 *T*-1 were separated from the rest of the Fleet";"Ships";"ship";"1";"";"Hind, Thomas";"l1";"hind-1707";"HISTORY";"c";"c";"G";"scip";"Strong";"A-Stem";"N";"l1";"i_l1";"c_lmod"
"salt:/ppcmbe2/hind-1707-1#sTok10040";"no";"no";"*T*-2 had no Country of his own 0 *T*-3 to inhabit";"Country";"country";"";"1";"Hind, Thomas";"l1";"hind-1707";"HISTORY";"c";"c";"R";"";"";"";"";"l1";"i_l1";"c_lmod"
"salt:/ppcmbe2/hind-1707-1#sTok11346";"all";"all";"The <font> Persians <$$font> labour'd hard all Night to come up to them ,";"Night";"night";"";"1";"Hind, Thomas";"l1";"hind-1707";"HISTORY";"c";"a";"G";"niht";"Strong";"A-Stem";"N";"l1";"i_l1";"c_lmod"
"salt:/ppcmbe2/hobson-173x-2#sTok277";"some";"some";"in some years";"years";"year";"1";"";"Hobson, John";"l1";"hobson-173x";"DIARY PRIV";"c";"a";"G";"gear";"Strong";"A-Stem";"N";"l1";"i_l1";"c_lmod"
"salt:/ppcmbe2/hobson-173x-2#sTok554";"several";"several";"for several years";"years";"year";"1";"";"Hobson, John";"l1";"hobson-173x";"DIARY PRIV";"c";"a";"G";"gear";"Strong";"A-Stem";"N";"l1";"i_l1";"c_lmod"
"salt:/ppcmbe2/hobson-173x-2#sTok955";"all";"all";"to have the stranguary all the night";"night";"night";"";"1";"Hobson, John";"l1";"hobson-173x";"DIARY PRIV";"c";"a";"G";"niht";"Strong";"A-Stem";"N";"l1";"i_l1";"c_lmod"
"salt:/ppcmbe2/hobson-173x-2#sTok1069";"every";"every";"In a few days I had every day a shaking fit for an hour";"day";"day";"";"1";"Hobson, John";"l1";"hobson-173x";"DIARY PRIV";"c";"a";"G";"dæg";"Strong";"A-Stem";"M";"l1";"i_l1";"c_lmod"
"salt:/ppcmbe2/hobson-173x-2#sTok1488";"some";"some";"at length he farmed some land of them at Blackar ;";"land";"land";"";"1";"Hobson, John";"l1";"hobson-173x";"DIARY PRIV";"u";"a";"G";"land";"Strong";"A-Stem";"N";"l1";"i_l1";"c_lmod"
"salt:/ppcmbe2/hobson-173x-2#sTok1884";"some";"some";"some years ago";"years";"year";"1";"";"Hobson, John";"l1";"hobson-173x";"DIARY PRIV";"c";"a";"G";"gear";"Strong";"A-Stem";"N";"l1";"i_l1";"c_lmod"
"salt:/ppcmbe2/hobson-173x-2#sTok2189";"many";"many";"He lived many years at Wortley hall .";"years";"year";"1";"";"Hobson, John";"l1";"hobson-173x";"DIARY PRIV";"c";"a";"G";"gear";"Strong";"A-Stem";"N";"l1";"i_l1";"c_lmod"
"salt:/ppcmbe2/hobson-173x-2#sTok3537";"half";"half";"for half a year";"year";"year";"";"1";"Hobson, John";"l1";"hobson-173x";"DIARY PRIV";"c";"a";"G";"gear";"Strong";"A-Stem";"N";"l1";"i_l1";"c_lmod"
"salt:/ppcmbe2/hobson-173x-2#sTok4710";"1$$2";"1$$2";"presents , 1$$2 a sugar loaf .";"loaf";"loaf";"";"1";"Hobson, John";"l1";"hobson-173x";"DIARY PRIV";"u";"s";"G";"hlaf";"Strong";"A-Stem";"M";"l1";"i_l1";"c_lmod"
"salt:/ppcmbe2/hobson-173x-2#sTok4871";"severall";"severall";"He had been lunatick severall years .";"years";"year";"1";"";"Hobson, John";"l1";"hobson-173x";"DIARY PRIV";"c";"a";"G";"gear";"Strong";"A-Stem";"N";"l1";"i_l1";"c_lmod"
"salt:/ppcmbe2/hobson-173x-2#sTok7468";"many";"many";"for many years";"years";"year";"1";"";"Hobson, John";"l1";"hobson-173x";"DIARY PRIV";"c";"a";"G";"gear";"Strong";"A-Stem";"N";"l1";"i_l1";"c_lmod"
"salt:/ppcmbe2/hobson-173x-2#sTok7518";"all";"all";"*T*-1 he lay all night";"night";"night";"";"1";"Hobson, John";"l1";"hobson-173x";"DIARY PRIV";"c";"a";"G";"niht";"Strong";"A-Stem";"N";"l1";"i_l1";"c_lmod"
"salt:/ppcmbe2/hobson-173x-2#sTok8907";"all";"all";"to lie in a close , under a hedge , all night";"night";"night";"";"1";"Hobson, John";"l1";"hobson-173x";"DIARY PRIV";"c";"a";"G";"niht";"Strong";"A-Stem";"N";"l1";"i_l1";"c_lmod"
"salt:/ppcmbe2/hobson-173x-2#sTok9524";"some";"some";"Mr. Senior has some land call'd * Carter closes";"land";"land";"";"1";"Hobson, John";"l1";"hobson-173x";"DIARY PRIV";"u";"a";"G";"land";"Strong";"A-Stem";"N";"l1";"i_l1";"c_lmod"
"salt:/ppcmbe2/hobson-173x-2#sTok10163";"some";"some";"*T*-2 there had lately been some wood stubbed";"wood";"wood";"";"1";"Hobson, John";"l1";"hobson-173x";"DIARY PRIV";"u";"s";"G";"wudu";"Strong";"U-Stem";"M";"l1";"i_l1";"c_lmod"
"salt:/ppcmbe2/hobson-173x-2#sTok10862";"every";"every";"*T*-1 prayed with me allmost every day";"day";"day";"";"1";"Hobson, John";"l1";"hobson-173x";"DIARY PRIV";"c";"a";"G";"dæg";"Strong";"A-Stem";"M";"l1";"i_l1";"c_lmod"
"salt:/ppcmbe2/hodgkin-1880-2#sTok1089";"both";"both";"in both countries";"countries";"country";"1";"";"Hodgkin, Thomas";"l4";"hodgkin-1880";"HISTORY";"c";"c";"R";"";"";"";"";"l4";"l_l4";"c_lmod"
"salt:/ppcmbe2/hodgkin-1880-2#sTok2105";"every";"every";"upon every man , whose skin 0 *T*-1 bore witness to the servile condition of his ancestors";"man";"man";"";"1";"Hodgkin, Thomas";"l4";"hodgkin-1880";"HISTORY";"c";"c";"G";"mann";"Weak";"Consonant-Stem";"M/N";"l4";"l_l4";"c_lmod"
"salt:/ppcmbe2/hodgkin-1880-2#sTok5919";"all";"all";"all men should receive their step-bread from the steps";"men";"man";"1";"";"Hodgkin, Thomas";"l4";"hodgkin-1880";"HISTORY";"c";"c";"G";"mann";"Weak";"Consonant-Stem";"M/N";"l4";"l_l4";"c_lmod"
"salt:/ppcmbe2/hodgkin-1880-2#sTok8718";"every";"every";"*T*-1 were assessed afresh every fifteen years throughout the whole Empire";"years";"year";"1";"";"Hodgkin, Thomas";"l4";"hodgkin-1880";"HISTORY";"c";"a";"G";"gear";"Strong";"A-Stem";"N";"l4";"l_l4";"c_lmod"
"salt:/ppcmbe2/hodgkin-1880-2#sTok8764";"some";"some";"Under the pressure of this continually-increasing taxation , some lands went out of cultivation altogether , since 0 there was no profit left for the proprietor after 0 the claims of the State were satisfied .";"lands";"land";"1";"";"Hodgkin, Thomas";"l4";"hodgkin-1880";"HISTORY";"u";"a";"G";"land";"Strong";"A-Stem";"N";"l4";"l_l4";"c_lmod"
"salt:/ppcmbe2/hodgkin-1880-2#sTok9955";"any";"any";"to enlist any man who 0 *T*-2 is under curial obligations";"man";"man";"";"1";"Hodgkin, Thomas";"l4";"hodgkin-1880";"HISTORY";"c";"c";"G";"mann";"Weak";"Consonant-Stem";"M/N";"l4";"l_l4";"c_lmod"
"salt:/ppcmbe2/hodgkin-1880-2#sTok10058";"any";"any";"any man of military descent shall enlist in the <font> militia cohortalis";"man";"man";"";"1";"Hodgkin, Thomas";"l4";"hodgkin-1880";"HISTORY";"c";"c";"G";"mann";"Weak";"Consonant-Stem";"M/N";"l4";"l_l4";"c_lmod"
"salt:/ppcmbe2/hodgkin-1880-2#sTok10383";"some";"some";"some years later <paren> 390";"years";"year";"1";"";"Hodgkin, Thomas";"l4";"hodgkin-1880";"HISTORY";"c";"a";"G";"gear";"Strong";"A-Stem";"N";"l4";"l_l4";"c_lmod"
"salt:/ppcmbe2/holcroft-1794-2#sTok646";"no";"no";"so I have no right to complain .";"right";"right";"";"1";"Holcroft, Thomas";"l2";"holcroft-1794";"FICTION";"c";"a";"G";"riht";"Strong";"A-Stem";"N";"l2";"j_l2";"c_lmod"
"salt:/ppcmbe2/holcroft-1794-2#sTok3049";"every";"every";"every man feels 0 he has a right *T*-2";"man";"man";"";"1";"Holcroft, Thomas";"l2";"holcroft-1794";"FICTION";"c";"c";"G";"mann";"Weak";"Consonant-Stem";"M/N";"l2";"j_l2";"c_lmod"
"salt:/ppcmbe2/holcroft-1794-2#sTok5040";"all";"all";"with all my heart";"heart";"heart";"";"1";"Holcroft, Thomas";"l2";"holcroft-1794";"FICTION";"c";"c";"G";"heorte";"Weak";"N-Stem";"F";"l2";"j_l2";"c_lmod"
"salt:/ppcmbe2/holcroft-1794-2#sTok6023";"any";"any";"I had any right to trifle with his health";"right";"right";"";"1";"Holcroft, Thomas";"l2";"holcroft-1794";"FICTION";"c";"a";"G";"riht";"Strong";"A-Stem";"N";"l2";"j_l2";"c_lmod"
"salt:/ppcmbe2/holcroft-1794-2#sTok7123";"all";"all";"with all my heart";"heart";"heart";"";"1";"Holcroft, Thomas";"l2";"holcroft-1794";"FICTION";"c";"c";"G";"heorte";"Weak";"N-Stem";"F";"l2";"j_l2";"c_lmod"
"salt:/ppcmbe2/holcroft-1794-2#sTok7147";"all";"all";"with all the eyes 0 0 *T*-1 I had";"eyes";"eye";"1";"";"Holcroft, Thomas";"l2";"holcroft-1794";"FICTION";"c";"c";"G";"eage";"Strong";"A-Stem";"M";"l2";"j_l2";"c_lmod"
"salt:/ppcmbe2/holcroft-1794-2#sTok7214";"any";"any";"any living soul so sweet-spoken";"soul";"soul";"";"1";"Holcroft, Thomas";"l2";"holcroft-1794";"FICTION";"c";"a";"G";"sawel";"Strong";"O-Stem";"F";"l2";"j_l2";"c_lmod"
"salt:/ppcmbe2/holcroft-1794-2#sTok10235";"no";"no";"Is there no such man";"man";"man";"";"1";"Holcroft, Thomas";"l2";"holcroft-1794";"FICTION";"c";"c";"G";"mann";"Weak";"Consonant-Stem";"M/N";"l2";"j_l2";"c_lmod"
"salt:/ppcmbe2/holcroft-1794-2#sTok11954";"every";"every";"*T*-1 is every man 0 0 *T*-2 I meet";"man";"man";"";"1";"Holcroft, Thomas";"l2";"holcroft-1794";"FICTION";"c";"c";"G";"mann";"Weak";"Consonant-Stem";"M/N";"l2";"j_l2";"c_lmod"
"salt:/ppcmbe2/holcroft-1794-2#sTok12281";"some";"some";"he had some charity for them";"charity";"charity";"";"1";"Holcroft, Thomas";"l2";"holcroft-1794";"FICTION";"u";"a";"R";"";"";"";"";"l2";"j_l2";"c_lmod"
"salt:/ppcmbe2/holcroft-1794-2#sTok12442";"No";"no";"No matter that the thing was impracticable :";"matter";"matter";"";"1";"Holcroft, Thomas";"l2";"holcroft-1794";"FICTION";"c";"s";"R";"";"";"";"";"l2";"j_l2";"c_lmod"
"salt:/ppcmbe2/holmes-letters-1749-1#sTok4082";"any";"any";"or any other Ship";"Ship";"ship";"";"1";"n/a";"l1";"holmes-letters-1749";"LET NON-PRIV";"c";"c";"G";"scip";"Strong";"A-Stem";"N";"l1";"i_l1";"c_lmod"
"salt:/ppcmbe2/holmes-letters-1749-1#sTok4487";"several";"several";"several Men dangerously wounded";"Men";"man";"1";"";"n/a";"l1";"holmes-letters-1749";"LET NON-PRIV";"c";"c";"G";"mann";"Weak";"Consonant-Stem";"M/N";"l1";"i_l1";"c_lmod"
"salt:/ppcmbe2/holmes-letters-1749-1#sTok8704";"no";"no";"no Ships are now order'd to be fitted out";"Ships";"ship";"1";"";"n/a";"l1";"holmes-letters-1749";"LET NON-PRIV";"c";"c";"G";"scip";"Strong";"A-Stem";"N";"l1";"i_l1";"c_lmod"
"salt:/ppcmbe2/holmes-trial-1749-1#sTok3047";"any";"any";"*T*-1 any Ship could do";"Ship";"ship";"";"1";"n/a";"l1";"holmes-trial-1749";"PROC TRIAL";"c";"c";"G";"scip";"Strong";"A-Stem";"N";"l1";"i_l1";"c_lmod"
"salt:/ppcmbe2/holmes-trial-1749-1#sTok13527";"any";"any";"with any Ships";"Ships";"ship";"1";"";"n/a";"l1";"holmes-trial-1749";"PROC TRIAL";"c";"c";"G";"scip";"Strong";"A-Stem";"N";"l1";"i_l1";"c_lmod"
"salt:/ppcmbe2/holmes-trial-1749-1#sTok14110";"any";"any";"Was there any other <font> English <$$font> Men of War in Company";"Men";"man";"1";"";"n/a";"l1";"holmes-trial-1749";"PROC TRIAL";"c";"c";"G";"mann";"Weak";"Consonant-Stem";"M/N";"l1";"i_l1";"c_lmod"
"salt:/ppcmbe2/holmes-trial-1749-1#sTok14136";"all";"all";"of all Ships , both Friends and Foes";"Ships";"ship";"1";"";"n/a";"l1";"holmes-trial-1749";"PROC TRIAL";"c";"c";"G";"scip";"Strong";"A-Stem";"N";"l1";"i_l1";"c_lmod"
"salt:/ppcmbe2/holmes-trial-1749-1#sTok14167";"any";"any";"did you see any <font> English <$$font> Men of War after seven o'Clock";"Men";"man";"1";"";"n/a";"l1";"holmes-trial-1749";"PROC TRIAL";"c";"c";"G";"mann";"Weak";"Consonant-Stem";"M/N";"l1";"i_l1";"c_lmod"
"salt:/ppcmbe2/holmes-trial-1749-1#sTok14473";"any";"any";"did you engage any Ship at that Time";"Ship";"ship";"";"1";"n/a";"l1";"holmes-trial-1749";"PROC TRIAL";"c";"c";"G";"scip";"Strong";"A-Stem";"N";"l1";"i_l1";"c_lmod"
"salt:/ppcmbe2/holmes-trial-1749-1#sTok15229";"any";"any";"Were *exp* any Ships of the Enemy near you at that Time";"Ships";"ship";"1";"";"n/a";"l1";"holmes-trial-1749";"PROC TRIAL";"c";"c";"G";"scip";"Strong";"A-Stem";"N";"l1";"i_l1";"c_lmod"
"salt:/ppcmbe2/holmes-trial-1749-1#sTok15419";"all";"all";"of all the Enemy";"Enemy";"enemy";"";"1";"n/a";"l1";"holmes-trial-1749";"PROC TRIAL";"c";"c";"R";"";"";"";"";"l1";"i_l1";"c_lmod"
"salt:/ppcmbe2/holmes-trial-1749-1#sTok15622";"any";"any";"After 0 it was dark any Ship 0 that *T*-1 came to us we engaged them .";"Ship";"ship";"";"1";"n/a";"l1";"holmes-trial-1749";"PROC TRIAL";"c";"c";"G";"scip";"Strong";"A-Stem";"N";"l1";"i_l1";"c_lmod"
"salt:/ppcmbe2/holmes-trial-1749-1#sTok15752";"any";"any";"Was *exp* any other Ship near those three Sail of the Enemy's besides yourself , at that Time";"Ship";"ship";"";"1";"n/a";"l1";"holmes-trial-1749";"PROC TRIAL";"c";"c";"G";"scip";"Strong";"A-Stem";"N";"l1";"i_l1";"c_lmod"
"salt:/ppcmbe2/holmes-trial-1749-1#sTok16784";"any";"any";"than any other Ship of the Enemy's";"Ship";"ship";"";"1";"n/a";"l1";"holmes-trial-1749";"PROC TRIAL";"c";"c";"G";"scip";"Strong";"A-Stem";"N";"l1";"i_l1";"c_lmod"
"salt:/ppcmbe2/holmes-trial-1749-1#sTok20680";"any";"any";"*T*-1 any Ship could be";"Ship";"ship";"";"1";"n/a";"l1";"holmes-trial-1749";"PROC TRIAL";"c";"c";"G";"scip";"Strong";"A-Stem";"N";"l1";"i_l1";"c_lmod"
"salt:/ppcmbe2/holmes-trial-1749-1#sTok20824";"any";"any";"or any other Ship of our Squadron";"Ship";"ship";"";"1";"n/a";"l1";"holmes-trial-1749";"PROC TRIAL";"c";"c";"G";"scip";"Strong";"A-Stem";"N";"l1";"i_l1";"c_lmod"
"salt:/ppcmbe2/holmes-trial-1749-1#sTok25475";"both";"both";"to disable both Ships";"Ships";"ship";"1";"";"n/a";"l1";"holmes-trial-1749";"PROC TRIAL";"c";"c";"G";"scip";"Strong";"A-Stem";"N";"l1";"i_l1";"c_lmod"
"salt:/ppcmbe2/holmes-trial-1749-1#sTok28825";"any";"any";"in any manner 0 that *T*-2 might sully my Character";"manner";"manner";"";"1";"n/a";"l1";"holmes-trial-1749";"PROC TRIAL";"u";"a";"R";"";"";"";"";"l1";"i_l1";"c_lmod"
"salt:/ppcmbe2/holmes-trial-1749-1#sTok29847";"any";"any";"any Ship was on her Weather-Quarter";"Ship";"ship";"";"1";"n/a";"l1";"holmes-trial-1749";"PROC TRIAL";"c";"c";"G";"scip";"Strong";"A-Stem";"N";"l1";"i_l1";"c_lmod"
"salt:/ppcmbe2/holmes-trial-1749-1#sTok30268";"any";"any";"any Ships engaged with the Enemy";"Ships";"ship";"1";"";"n/a";"l1";"holmes-trial-1749";"PROC TRIAL";"c";"c";"G";"scip";"Strong";"A-Stem";"N";"l1";"i_l1";"c_lmod"
"salt:/ppcmbe2/holmes-trial-1749-1#sTok30333";"some";"some";"of some Ships engaged to Leeward of us";"Ships";"ship";"1";"";"n/a";"l1";"holmes-trial-1749";"PROC TRIAL";"c";"c";"G";"scip";"Strong";"A-Stem";"N";"l1";"i_l1";"c_lmod"
"salt:/ppcmbe2/holmes-trial-1749-1#sTok30435";"any";"any";"any Man would be so base as to fire into a known Friend";"Man";"man";"";"1";"n/a";"l1";"holmes-trial-1749";"PROC TRIAL";"c";"c";"G";"mann";"Weak";"Consonant-Stem";"M/N";"l1";"i_l1";"c_lmod"
"salt:/ppcmbe2/hume-1757-2#sTok166";"Every";"every";"Every man had framed the model of a republic ;";"man";"man";"";"1";"Hume, David";"l1";"hume-1757";"HISTORY";"c";"c";"G";"mann";"Weak";"Consonant-Stem";"M/N";"l1";"i_l1";"c_lmod"
"salt:/ppcmbe2/hume-1757-2#sTok206";"Every";"every";"Every man had adjusted a system of religion , which , 0 *T*-1 being derived from no traditional authority , was peculiar to himself ; and *T*-1 being founded on supposed inspiration , not on any principles of human reasoning , had no means , besides cant and low rhetoric , by which 0 *T*-2 it could recommend itself to others .";"man";"man";"";"1";"Hume, David";"l1";"hume-1757";"HISTORY";"c";"c";"G";"mann";"Weak";"Consonant-Stem";"M/N";"l1";"i_l1";"c_lmod"
"salt:/ppcmbe2/hume-1757-2#sTok1915";"some";"some";"backwards some years";"years";"year";"1";"";"Hume, David";"l1";"hume-1757";"HISTORY";"c";"a";"G";"gear";"Strong";"A-Stem";"N";"l1";"i_l1";"c_lmod"
"salt:/ppcmbe2/hume-1757-2#sTok4724";"all";"all";"*T*-2 all men longed for the restoration of their laws and liberties";"men";"man";"1";"";"Hume, David";"l1";"hume-1757";"HISTORY";"c";"c";"G";"mann";"Weak";"Consonant-Stem";"M/N";"l1";"i_l1";"c_lmod"
"salt:/ppcmbe2/hume-1757-2#sTok5314";"some";"some";"for some days";"days";"day";"1";"";"Hume, David";"l1";"hume-1757";"HISTORY";"c";"a";"G";"dæg";"Strong";"A-Stem";"M";"l1";"i_l1";"c_lmod"
"salt:/ppcmbe2/hume-1757-2#sTok6609";"all";"all";"Besides his connexion with the family of Orange , which 0 *T*-1 was extremely beloved by the populace , all men regarded with compassion his helpless condition ,";"men";"man";"1";"";"Hume, David";"l1";"hume-1757";"HISTORY";"c";"c";"G";"mann";"Weak";"Consonant-Stem";"M/N";"l1";"i_l1";"c_lmod"
"salt:/ppcmbe2/hume-1757-2#sTok8800";"all";"all";"But all men were now harrassed and fatigued with wars and disorders :";"men";"man";"1";"";"Hume, David";"l1";"hume-1757";"HISTORY";"c";"c";"G";"mann";"Weak";"Consonant-Stem";"M/N";"l1";"i_l1";"c_lmod"
"salt:/ppcmbe2/hume-1757-2#sTok8925";"no";"no";"*T*-1 had no horse 0 *T*-2 to bring him intelligence";"horse";"horse";"";"1";"Hume, David";"l1";"hume-1757";"HISTORY";"c";"c";"G";"hors";"Strong";"A-Stem";"N";"l1";"i_l1";"c_lmod"
"salt:/ppcmbe2/hume-1757-2#sTok9053";"several";"several";"for several days";"days";"day";"1";"";"Hume, David";"l1";"hume-1757";"HISTORY";"c";"a";"G";"dæg";"Strong";"A-Stem";"M";"l1";"i_l1";"c_lmod"
"salt:/ppcmbe2/hume-1757-2#sTok9863";"no";"no";"no blood *ICH*-10 had ever been shed by him but in the field of battle";"blood";"blood";"";"1";"Hume, David";"l1";"hume-1757";"HISTORY";"u";"s";"G";"blod";"Strong";"A-Stem";"N";"l1";"i_l1";"c_lmod"
"salt:/ppcmbe2/hunt-1844-2#sTok715";"every";"every";"*T*-3 the paroxysms return three or four times every day in <P_4> quite as regular order , as to the time , as 0 0 *T*-4 they do * in cases partaking of a more common or quotidian type";"day";"day";"";"1";"Hunt, Henry";"l3";"hunt-1844";"SCIENCE MEDICINE";"c";"a";"G";"dæg";"Strong";"A-Stem";"M";"l3";"k_l3";"c_lmod"
"salt:/ppcmbe2/hunt-1844-2#sTok1317";"some";"some";"for some days";"days";"day";"1";"";"Hunt, Henry";"l3";"hunt-1844";"SCIENCE MEDICINE";"c";"a";"G";"dæg";"Strong";"A-Stem";"M";"l3";"k_l3";"c_lmod"
"salt:/ppcmbe2/hunt-1844-2#sTok1911";"every";"every";"*T*-2 had paroxysms of pain in the nerve of his leg every night at the same hour with perfect freedom in the interval , which 0 *T*-3 was caused by an aneurismal tumour irritating the nerve in its course";"night";"night";"";"1";"Hunt, Henry";"l3";"hunt-1844";"SCIENCE MEDICINE";"c";"a";"G";"niht";"Strong";"A-Stem";"N";"l3";"k_l3";"c_lmod"
"salt:/ppcmbe2/hunt-1844-2#sTok2744";"many";"many";"for many years";"years";"year";"1";"";"Hunt, Henry";"l3";"hunt-1844";"SCIENCE MEDICINE";"c";"a";"G";"gear";"Strong";"A-Stem";"N";"l3";"k_l3";"c_lmod"
"salt:/ppcmbe2/hunt-1844-2#sTok2941";"several";"several";"for several years";"years";"year";"1";"";"Hunt, Henry";"l3";"hunt-1844";"SCIENCE MEDICINE";"c";"a";"G";"gear";"Strong";"A-Stem";"N";"l3";"k_l3";"c_lmod"
"salt:/ppcmbe2/hunt-1844-2#sTok5306";"many";"many";"for many years";"years";"year";"1";"";"Hunt, Henry";"l3";"hunt-1844";"SCIENCE MEDICINE";"c";"a";"G";"gear";"Strong";"A-Stem";"N";"l3";"k_l3";"c_lmod"
"salt:/ppcmbe2/hunt-1844-2#sTok5624";"some";"some";"but if 0 it $can $not {TEXT:cannot} be procured , some bay salt dissolved in fresh water will form a good substitute .";"salt";"salt";"";"1";"Hunt, Henry";"l3";"hunt-1844";"SCIENCE MEDICINE";"u";"s";"G";"sealt";"Strong";"A-Stem";"N";"l3";"k_l3";"c_lmod"
"salt:/ppcmbe2/hunt-1844-2#sTok7310";"some";"some";"the immediate provocative of the pain in the cheek has been some irritating matter in the stomach , arising from indigestion";"matter";"matter";"";"1";"Hunt, Henry";"l3";"hunt-1844";"SCIENCE MEDICINE";"c";"s";"R";"";"";"";"";"l3";"k_l3";"c_lmod"
"salt:/ppcmbe2/hunt-1844-2#sTok7548";"every";"every";"but it was much aggravated every night about eleven or twelve o'clock , then almost amounting to a distinct paroxysm .";"night";"night";"";"1";"Hunt, Henry";"l3";"hunt-1844";"SCIENCE MEDICINE";"c";"a";"G";"niht";"Strong";"A-Stem";"N";"l3";"k_l3";"c_lmod"
"salt:/ppcmbe2/hunt-1844-2#sTok7654";"every";"every";"The imperfect paroxysm of pain continued every night four or five hours , accompanied by severe shocks and plunges .";"night";"night";"";"1";"Hunt, Henry";"l3";"hunt-1844";"SCIENCE MEDICINE";"c";"a";"G";"niht";"Strong";"A-Stem";"N";"l3";"k_l3";"c_lmod"
"salt:/ppcmbe2/hunt-1844-2#sTok8417";"many";"many";"for many years";"years";"year";"1";"";"Hunt, Henry";"l3";"hunt-1844";"SCIENCE MEDICINE";"c";"a";"G";"gear";"Strong";"A-Stem";"N";"l3";"k_l3";"c_lmod"
"salt:/ppcmbe2/hunt-1844-2#sTok8832";"many";"many";"for many years";"years";"year";"1";"";"Hunt, Henry";"l3";"hunt-1844";"SCIENCE MEDICINE";"c";"a";"G";"gear";"Strong";"A-Stem";"N";"l3";"k_l3";"c_lmod"
"salt:/ppcmbe2/hunt-1844-2#sTok9052";"some";"some";"in some aromatic water";"water";"water";"";"1";"Hunt, Henry";"l3";"hunt-1844";"SCIENCE MEDICINE";"u";"s";"G";"wæter";"Strong";"A-Stem";"N";"l3";"k_l3";"c_lmod"
"salt:/ppcmbe2/huxley-186x-2#sTok154";"some";"some";"than some white man";"man";"man";"";"1";"Huxley, Thomas Henry";"l4";"huxley-186x";"EDUC TREAT";"c";"c";"G";"mann";"Weak";"Consonant-Stem";"M/N";"l4";"l_l4";"c_lmod"
"salt:/ppcmbe2/huxley-186x-2#sTok160";"no";"no";"but no rational man , cognisant of the facts , believes that the average negro is the equal , still <P_3,67> less the superior , of the average white man .";"man";"man";"";"1";"Huxley, Thomas Henry";"l4";"huxley-186x";"EDUC TREAT";"c";"c";"G";"mann";"Weak";"Consonant-Stem";"M/N";"l4";"l_l4";"c_lmod"
"salt:/ppcmbe2/huxley-186x-2#sTok423";"all";"all";"but all these evils must be faced if 0 the moral law , that no human being can arbitrarily dominate over another without grievous damage to his own nature , be , as 0 many think , as readily demonstrable *ICH*-1 by experiment as any physical truth .";"evils";"evil";"1";"";"Huxley, Thomas Henry";"l4";"huxley-186x";"EDUC TREAT";"u";"a";"G";"yfel";"Strong";"A-Stem";"N";"l4";"l_l4";"c_lmod"
"salt:/ppcmbe2/huxley-186x-2#sTok2739";"every";"every";"every man and woman of us being one of the two players in a game of his or her own";"man";"man";"";"1";"Huxley, Thomas Henry";"l4";"huxley-186x";"EDUC TREAT";"c";"c";"G";"mann";"Weak";"Consonant-Stem";"M/N";"l4";"l_l4";"c_lmod"
"salt:/ppcmbe2/huxley-186x-2#sTok3515";"every";"every";"For every man";"man";"man";"";"1";"Huxley, Thomas Henry";"l4";"huxley-186x";"EDUC TREAT";"c";"c";"G";"mann";"Weak";"Consonant-Stem";"M/N";"l4";"l_l4";"c_lmod"
"salt:/ppcmbe2/huxley-186x-2#sTok3996";"all";"all";"*con* does with ease and pleasure all the work 0 that , as a mechanism , it is capable of *T*-5";"work";"work";"";"1";"Huxley, Thomas Henry";"l4";"huxley-186x";"EDUC TREAT";"u";"a";"G";"weorc";"Strong";"A-Stem";"N";"l4";"l_l4";"c_lmod"
"salt:/ppcmbe2/huxley-186x-2#sTok9309";"few";"few";"meditation bears few fruits";"fruits";"fruit";"1";"";"Huxley, Thomas Henry";"l4";"huxley-186x";"EDUC TREAT";"c";"s";"R";"";"";"";"";"l4";"l_l4";"c_lmod"
"salt:/ppcmbe2/huxley-186x-2#sTok11023";"some";"some";"some day to see it there";"day";"day";"";"1";"Huxley, Thomas Henry";"l4";"huxley-186x";"EDUC TREAT";"c";"a";"G";"dæg";"Strong";"A-Stem";"M";"l4";"l_l4";"c_lmod"
"salt:/ppcmbe2/huxley-1889-2#sTok342";"some";"some";"some years ago";"years";"year";"1";"";"Huxley, Thomas Henry";"l4";"huxley-1889";"BIOGR AUTO";"c";"a";"G";"gear";"Strong";"A-Stem";"N";"l4";"l_l4";"c_lmod"
"salt:/ppcmbe2/huxley-1889-2#sTok2519";"any";"any";"he had any right *T*-2 to do";"right";"right";"";"1";"Huxley, Thomas Henry";"l4";"huxley-1889";"BIOGR AUTO";"c";"a";"G";"riht";"Strong";"A-Stem";"N";"l4";"l_l4";"c_lmod"
"salt:/ppcmbe2/huxley-1889-2#sTok2587";"many";"many";"for many years afterwards";"years";"year";"1";"";"Huxley, Thomas Henry";"l4";"huxley-1889";"BIOGR AUTO";"c";"a";"G";"gear";"Strong";"A-Stem";"N";"l4";"l_l4";"c_lmod"
"salt:/ppcmbe2/inchbald-1793-2#sTok1662";"many";"many";"and though 0 I acknowledge that both you and his lady have cause for complaint , yet Sir Robert has still many virtues .";"virtues";"virtue";"1";"";"Inchbald, Maria";"l2";"inchbald-1793";"DRAMA COMEDY";"u";"a";"R";"";"";"";"";"l2";"j_l2";"c_lmod"
"salt:/ppcmbe2/inchbald-1793-2#sTok3875";"any";"any";"I shall marry any man , $without {TEXT:witout} first declaring what 0 *T*-1 I have done";"man";"man";"";"1";"Inchbald, Maria";"l2";"inchbald-1793";"DRAMA COMEDY";"c";"c";"G";"mann";"Weak";"Consonant-Stem";"M/N";"l2";"j_l2";"c_lmod"
"salt:/ppcmbe2/inchbald-1793-2#sTok4648";"any";"any";"as any man on earth";"man";"man";"";"1";"Inchbald, Maria";"l2";"inchbald-1793";"DRAMA COMEDY";"c";"c";"G";"mann";"Weak";"Consonant-Stem";"M/N";"l2";"j_l2";"c_lmod"
"salt:/ppcmbe2/inchbald-1793-2#sTok5739";"no";"no";"little regard as 0 0 *T*-1 I have for her myself , yet no other man shall dare to treat her so ill , as 0 0 *T*-2 I have done";"man";"man";"";"1";"Inchbald, Maria";"l2";"inchbald-1793";"DRAMA COMEDY";"c";"c";"G";"mann";"Weak";"Consonant-Stem";"M/N";"l2";"j_l2";"c_lmod"
"salt:/ppcmbe2/inchbald-1793-2#sTok5841";"no";"no";"No , Sir , no man *ICH*-2 shall ever have it to say \" 0 he has made her either happy or miserable , \" but myself .";"man";"man";"";"1";"Inchbald, Maria";"l2";"inchbald-1793";"DRAMA COMEDY";"c";"c";"G";"mann";"Weak";"Consonant-Stem";"M/N";"l2";"j_l2";"c_lmod"
"salt:/ppcmbe2/inchbald-1793-2#sTok7707";"all";"all";"for all the chartered rights , privileges , and immunities of a married man";"rights";"right";"1";"";"Inchbald, Maria";"l2";"inchbald-1793";"DRAMA COMEDY";"c";"a";"G";"riht";"Strong";"A-Stem";"N";"l2";"j_l2";"c_lmod"
"salt:/ppcmbe2/inchbald-1793-2#sTok8101";"no";"no";"But were it otherwise , I wish no man so ill , as to wish him married to Mrs. Placid .";"man";"man";"";"1";"Inchbald, Maria";"l2";"inchbald-1793";"DRAMA COMEDY";"c";"c";"G";"mann";"Weak";"Consonant-Stem";"M/N";"l2";"j_l2";"c_lmod"
"salt:/ppcmbe2/inchbald-1793-2#sTok8129";"no";"no";"I wish no man so ill , as to wish him married to my Lady Ramble";"man";"man";"";"1";"Inchbald, Maria";"l2";"inchbald-1793";"DRAMA COMEDY";"c";"c";"G";"mann";"Weak";"Consonant-Stem";"M/N";"l2";"j_l2";"c_lmod"
"salt:/ppcmbe2/inchbald-1793-2#sTok8738";"no";"no";"but no matter .";"matter";"matter";"";"1";"Inchbald, Maria";"l2";"inchbald-1793";"DRAMA COMEDY";"c";"s";"R";"";"";"";"";"l2";"j_l2";"c_lmod"
"salt:/ppcmbe2/inchbald-1793-2#sTok11544";"any";"any";"of any creature in the world";"creature";"creature";"";"1";"Inchbald, Maria";"l2";"inchbald-1793";"DRAMA COMEDY";"c";"c";"R";"";"";"";"";"l2";"j_l2";"c_lmod"
"salt:/ppcmbe2/inchbald-1793-2#sTok12858";"all";"all";"with all my heart";"heart";"heart";"";"1";"Inchbald, Maria";"l2";"inchbald-1793";"DRAMA COMEDY";"c";"c";"G";"heorte";"Weak";"N-Stem";"F";"l2";"j_l2";"c_lmod"
"salt:/ppcmbe2/innes-1902-2#sTok572";"some";"some";"for some years";"years";"year";"1";"";"Innes, Arthur Donald";"l4";"innes-1902";"HISTORY";"c";"a";"G";"gear";"Strong";"A-Stem";"N";"l4";"l_l4";"c_lmod"
"salt:/ppcmbe2/innes-1902-2#sTok1386";"some";"some";"of some ten thousand men";"men";"man";"1";"";"Innes, Arthur Donald";"l4";"innes-1902";"HISTORY";"c";"c";"G";"mann";"Weak";"Consonant-Stem";"M/N";"l4";"l_l4";"c_lmod"
"salt:/ppcmbe2/innes-1902-2#sTok4624";"any";"any";"for any ships 0 that *T*-1 could make their way out of French ports";"ships";"ship";"1";"";"Innes, Arthur Donald";"l4";"innes-1902";"HISTORY";"c";"c";"G";"scip";"Strong";"A-Stem";"N";"l4";"l_l4";"c_lmod"
"salt:/ppcmbe2/innes-1902-2#sTok6944";"no";"no";"To decide on the course 0 *T*-1 next to be followed was no easy matter .";"matter";"matter";"";"1";"Innes, Arthur Donald";"l4";"innes-1902";"HISTORY";"c";"s";"R";"";"";"";"";"l4";"l_l4";"c_lmod"
"salt:/ppcmbe2/innes-1902-2#sTok8558";"any";"any";"He never played any man *ICH*-1 false except Omichund ,";"man";"man";"";"1";"Innes, Arthur Donald";"l4";"innes-1902";"HISTORY";"c";"c";"G";"mann";"Weak";"Consonant-Stem";"M/N";"l4";"l_l4";"c_lmod"
"salt:/ppcmbe2/johnson-1759-2#sTok292";"some";"some";"*T*-2 set some milk and fruits before them";"milk";"milk";"";"1";"Johnson, Samuel";"l1";"johnson-1759";"FICTION";"u";"s";"G";"meolc";"Strong";"I-Stem";"F";"l1";"i_l1";"c_lmod"
"salt:/ppcmbe2/johnson-1759-2#sTok797";"every";"every";"every man happy";"man";"man";"";"1";"Johnson, Samuel";"l1";"johnson-1759";"FICTION";"c";"c";"G";"mann";"Weak";"Consonant-Stem";"M/N";"l1";"i_l1";"c_lmod"
"salt:/ppcmbe2/johnson-1759-2#sTok1025";"some";"some";"for some days";"days";"day";"1";"";"Johnson, Samuel";"l1";"johnson-1759";"FICTION";"c";"a";"G";"dæg";"Strong";"A-Stem";"M";"l1";"i_l1";"c_lmod"
"salt:/ppcmbe2/johnson-1759-2#sTok1440";"every";"every";"every hand showered liberality";"hand";"hand";"";"1";"Johnson, Samuel";"l1";"johnson-1759";"FICTION";"c";"c";"G";"hand";"Strong";"U-Stem";"F";"l1";"i_l1";"c_lmod"
"salt:/ppcmbe2/johnson-1759-2#sTok1446";"every";"every";"every heart melted with benevolence";"heart";"heart";"";"1";"Johnson, Samuel";"l1";"johnson-1759";"FICTION";"c";"c";"G";"heorte";"Weak";"N-Stem";"F";"l1";"i_l1";"c_lmod"
"salt:/ppcmbe2/johnson-1759-2#sTok1601";"Every";"every";"\" Every man , said Imlac , may by examining his own mind guess what 0 *T*-1 passes in the minds of others :";"man";"man";"";"1";"Johnson, Samuel";"l1";"johnson-1759";"FICTION";"c";"c";"G";"mann";"Weak";"Consonant-Stem";"M/N";"l1";"i_l1";"c_lmod"
"salt:/ppcmbe2/johnson-1759-2#sTok1969";"Every";"every";"Every man is placed in the present condition by causes which 0 *T*-1 acted without his foresight , and with which 0 *T*-2 he did not always willingly co-operate ;";"man";"man";"";"1";"Johnson, Samuel";"l1";"johnson-1759";"FICTION";"c";"c";"G";"mann";"Weak";"Consonant-Stem";"M/N";"l1";"i_l1";"c_lmod"
"salt:/ppcmbe2/johnson-1759-2#sTok2546";"all";"all";"of all evils";"evils";"evil";"1";"";"Johnson, Samuel";"l1";"johnson-1759";"FICTION";"u";"a";"G";"yfel";"Strong";"A-Stem";"N";"l1";"i_l1";"c_lmod"
"salt:/ppcmbe2/johnson-1759-2#sTok3321";"any";"any";"*T*-2 any man could reason so forcibly without feeling the cogency of his own arguments";"man";"man";"";"1";"Johnson, Samuel";"l1";"johnson-1759";"FICTION";"c";"c";"G";"mann";"Weak";"Consonant-Stem";"M/N";"l1";"i_l1";"c_lmod"
"salt:/ppcmbe2/johnson-1759-2#sTok5281";"all";"all";"from all apparent evil";"evil";"evil";"";"1";"Johnson, Samuel";"l1";"johnson-1759";"FICTION";"u";"a";"G";"yfel";"Strong";"A-Stem";"N";"l1";"i_l1";"c_lmod"
"salt:/ppcmbe2/johnson-1759-2#sTok6277";"no";"no";"*T*-1 no man shall be wretched but by his own fault";"man";"man";"";"1";"Johnson, Samuel";"l1";"johnson-1759";"FICTION";"c";"c";"G";"mann";"Weak";"Consonant-Stem";"M/N";"l1";"i_l1";"c_lmod"
"salt:/ppcmbe2/johnson-1759-2#sTok6384";"every";"every";"*T*-1 every heart is originally impressed";"heart";"heart";"";"1";"Johnson, Samuel";"l1";"johnson-1759";"FICTION";"c";"c";"G";"heorte";"Weak";"N-Stem";"F";"l1";"i_l1";"c_lmod"
"salt:/ppcmbe2/johnson-1759-2#sTok7474";"every";"every";"almost every man who 0 *T*-1 stood high in his employment hated all the rest";"man";"man";"";"1";"Johnson, Samuel";"l1";"johnson-1759";"FICTION";"c";"c";"G";"mann";"Weak";"Consonant-Stem";"M/N";"l1";"i_l1";"c_lmod"
"salt:/ppcmbe2/johnson-1759-2#sTok7548";"every";"every";"and every eye was searching for a fault .";"eye";"eye";"";"1";"Johnson, Samuel";"l1";"johnson-1759";"FICTION";"c";"c";"G";"eage";"Strong";"A-Stem";"M";"l1";"i_l1";"c_lmod"
"salt:/ppcmbe2/johnson-1759-2#sTok7761";"many";"many";"of many houses";"houses";"house";"1";"";"Johnson, Samuel";"l1";"johnson-1759";"FICTION";"c";"c";"G";"hus";"Strong";"A-Stem";"N";"l1";"i_l1";"c_lmod"
"salt:/ppcmbe2/johnson-1759-2#sTok8380";"every";"every";"and every day is lost in contriving for the morrow .";"day";"day";"";"1";"Johnson, Samuel";"l1";"johnson-1759";"FICTION";"c";"a";"G";"dæg";"Strong";"A-Stem";"M";"l1";"i_l1";"c_lmod"
"salt:/ppcmbe2/johnson-1759-2#sTok9163";"Many";"many";"Many other evils infest private life .";"evils";"evil";"1";"";"Johnson, Samuel";"l1";"johnson-1759";"FICTION";"u";"a";"G";"yfel";"Strong";"A-Stem";"N";"l1";"i_l1";"c_lmod"
"salt:/ppcmbe2/johnson-1759-2#sTok9224";"some";"some";"some wives perverse";"wives";"wife";"1";"";"Johnson, Samuel";"l1";"johnson-1759";"FICTION";"c";"c";"G";"wif";"Strong";"A-Stem";"N";"l1";"i_l1";"c_lmod"
"salt:/ppcmbe2/johnson-1759-2#sTok9707";"any";"any";"any man acts in a wider compass";"man";"man";"";"1";"Johnson, Samuel";"l1";"johnson-1759";"FICTION";"c";"c";"G";"mann";"Weak";"Consonant-Stem";"M/N";"l1";"i_l1";"c_lmod"
"salt:/ppcmbe2/johnson-1759-2#sTok9954";"any";"any";"any man , however magnanimous by nature , or exalted by condition , will be able to persist for ever in fixed and inexorable justice of distribution";"man";"man";"";"1";"Johnson, Samuel";"l1";"johnson-1759";"FICTION";"c";"c";"G";"mann";"Weak";"Consonant-Stem";"M/N";"l1";"i_l1";"c_lmod"
"salt:/ppcmbe2/johnson-1759-2#sTok11926";"all";"all";"\" Surely all these evils may be avoided by that deliberation and delay which 0 *T*-1 prudence prescribes to irrevocable choice .";"evils";"evil";"1";"";"Johnson, Samuel";"l1";"johnson-1759";"FICTION";"u";"a";"G";"yfel";"Strong";"A-Stem";"N";"l1";"i_l1";"c_lmod"
"salt:/ppcmbe2/johnson-176x-2#sTok56";"any";"any";"to reserve four places for Dr Bell of Westminster , any night on which 0 You intend *T*-3 to appear , before Friday";"night";"night";"";"1";"Johnson, Samuel";"l2";"johnson-176x";"LET PRIV";"c";"a";"G";"niht";"Strong";"A-Stem";"N";"l2";"j_l2";"c_lmod"
"salt:/ppcmbe2/johnson-176x-2#sTok359";"some";"some";"in some wet day";"day";"day";"";"1";"Johnson, Samuel";"l2";"johnson-176x";"LET PRIV";"c";"a";"G";"dæg";"Strong";"A-Stem";"M";"l2";"j_l2";"c_lmod"
"salt:/ppcmbe2/johnson-176x-2#sTok3222";"many";"many";"I wish you , my Dear , many happy years .";"years";"year";"1";"";"Johnson, Samuel";"l2";"johnson-176x";"LET PRIV";"c";"a";"G";"gear";"Strong";"A-Stem";"N";"l2";"j_l2";"c_lmod"
"salt:/ppcmbe2/johnson-176x-2#sTok3381";"No";"no";"No man loves to frustrate expectations which 0 *T*-1 have been formed in his favour ;";"man";"man";"";"1";"Johnson, Samuel";"l2";"johnson-176x";"LET PRIV";"c";"c";"G";"mann";"Weak";"Consonant-Stem";"M/N";"l2";"j_l2";"c_lmod"
"salt:/ppcmbe2/johnson-176x-2#sTok3991";"any";"any";"*T*-2 perhaps any man at his $first appearance ever gained before";"man";"man";"";"1";"Johnson, Samuel";"l2";"johnson-176x";"LET PRIV";"c";"c";"G";"mann";"Weak";"Consonant-Stem";"M/N";"l2";"j_l2";"c_lmod"
"salt:/ppcmbe2/johnson-176x-2#sTok4483";"every";"every";"How 0 *T*-2 he lived therefore every man has an interest in *ICH*-1 knowing .";"man";"man";"";"1";"Johnson, Samuel";"l2";"johnson-176x";"LET PRIV";"c";"c";"G";"mann";"Weak";"Consonant-Stem";"M/N";"l2";"j_l2";"c_lmod"
"salt:/ppcmbe2/johnson-176x-2#sTok5019";"no";"no";"no man is good but as 0 he wishes the good of others";"man";"man";"";"1";"Johnson, Samuel";"l2";"johnson-176x";"LET PRIV";"c";"c";"G";"mann";"Weak";"Consonant-Stem";"M/N";"l2";"j_l2";"c_lmod"
"salt:/ppcmbe2/johnson-176x-2#sTok5033";"no";"no";"and as 0 no man is good but as 0 he wishes the good of others , no man *ICH*-1 can be good in the highest degree , who 0 *T*-2 wishes not to others the largest measures of the greatest good .";"man";"man";"";"1";"Johnson, Samuel";"l2";"johnson-176x";"LET PRIV";"c";"c";"G";"mann";"Weak";"Consonant-Stem";"M/N";"l2";"j_l2";"c_lmod"
"salt:/ppcmbe2/johnson-176x-2#sTok5135";"no";"no";"no other man wishes *T*-3 to resemble";"man";"man";"";"1";"Johnson, Samuel";"l2";"johnson-176x";"LET PRIV";"c";"c";"G";"mann";"Weak";"Consonant-Stem";"M/N";"l2";"j_l2";"c_lmod"
"salt:/ppcmbe2/johnson-176x-2#sTok8544";"some";"some";"for some days";"days";"day";"1";"";"Johnson, Samuel";"l2";"johnson-176x";"LET PRIV";"c";"a";"G";"dæg";"Strong";"A-Stem";"M";"l2";"j_l2";"c_lmod"
"salt:/ppcmbe2/johnson-176x-2#sTok9187";"no";"no";"I have no right to say Ispa veni";"right";"right";"";"1";"Johnson, Samuel";"l2";"johnson-176x";"LET PRIV";"c";"a";"G";"riht";"Strong";"A-Stem";"N";"l2";"j_l2";"c_lmod"
"salt:/ppcmbe2/johnson-176x-2#sTok12179";"every";"every";"You may write every day to this place ,";"day";"day";"";"1";"Johnson, Samuel";"l2";"johnson-176x";"LET PRIV";"c";"a";"G";"dæg";"Strong";"A-Stem";"M";"l2";"j_l2";"c_lmod"
"salt:/ppcmbe2/johnson-176x-2#sTok12343";"no";"no";"no name , no great interest , nor perhaps any other merit , than that of being on the right side";"name";"name";"";"1";"Johnson, Samuel";"l2";"johnson-176x";"LET PRIV";"c";"a";"G";"nama";"Weak";"N-Stem";"M";"l2";"j_l2";"c_lmod"
"salt:/ppcmbe2/johnson-1775-1#sTok237";"every";"every";"every man will go from your table more of a friend than 0 0 *T*-1 he came";"man";"man";"";"1";"Johnson, Samuel";"l2";"johnson-1775";"LET PRIV";"c";"c";"G";"mann";"Weak";"Consonant-Stem";"M/N";"l2";"j_l2";"c_lmod"
"salt:/ppcmbe2/johnson-1775-1#sTok1150";"any";"any";"than any man whom 0 *T*-2 I know so little";"man";"man";"";"1";"Johnson, Samuel";"l2";"johnson-1775";"LET PRIV";"c";"c";"G";"mann";"Weak";"Consonant-Stem";"M/N";"l2";"j_l2";"c_lmod"
"salt:/ppcmbe2/johnson-1775-1#sTok1615";"no";"no";"But the china which 0 *T*-2 is ultimately designed for another , I have no right *ICH*-1 to refuse ,";"right";"right";"";"1";"Johnson, Samuel";"l2";"johnson-1775";"LET PRIV";"c";"a";"G";"riht";"Strong";"A-Stem";"N";"l2";"j_l2";"c_lmod"
"salt:/ppcmbe2/johnson-1775-1#sTok2139";"No";"no";"No man has a claim to credit upon his own word , when 0 better evidence , if 0 he had it , may be easily produced .";"man";"man";"";"1";"Johnson, Samuel";"l2";"johnson-1775";"LET PRIV";"c";"c";"G";"mann";"Weak";"Consonant-Stem";"M/N";"l2";"j_l2";"c_lmod"
"salt:/ppcmbe2/johnson-1775-1#sTok2405";"no";"no";"no man , not a <font> Doctor , <$$font> can <font> practice physick <$$font> but by <font> licence <$$font> particularly granted";"man";"man";"";"1";"Johnson, Samuel";"l2";"johnson-1775";"LET PRIV";"c";"c";"G";"mann";"Weak";"Consonant-Stem";"M/N";"l2";"j_l2";"c_lmod"
"salt:/ppcmbe2/johnson-1775-1#sTok2770";"no";"no";"I could get no books for my friends in Scotland";"books";"book";"1";"";"Johnson, Samuel";"l2";"johnson-1775";"LET PRIV";"c";"c";"G";"boc";"Weak";"Consonant-Stem";"F";"l2";"j_l2";"c_lmod"
"salt:/ppcmbe2/johnson-1775-1#sTok5437";"some";"some";"for some days";"days";"day";"1";"";"Johnson, Samuel";"l2";"johnson-1775";"LET PRIV";"c";"a";"G";"dæg";"Strong";"A-Stem";"M";"l2";"j_l2";"c_lmod"
"salt:/ppcmbe2/johnson-1775-1#sTok8394";"no";"no";"there is no lasting evil 0 *T*-2 to be feared";"evil";"evil";"";"1";"Johnson, Samuel";"l2";"johnson-1775";"LET PRIV";"u";"a";"G";"yfel";"Strong";"A-Stem";"N";"l2";"j_l2";"c_lmod"
"salt:/ppcmbe2/johnson-1775-1#sTok9189";"any";"any";"for any day sooner";"day";"day";"";"1";"Johnson, Samuel";"l2";"johnson-1775";"LET PRIV";"c";"a";"G";"dæg";"Strong";"A-Stem";"M";"l2";"j_l2";"c_lmod"
"salt:/ppcmbe2/johnson-1775-1#sTok11791";"every";"every";"I go every day to Stowhill :";"day";"day";"";"1";"Johnson, Samuel";"l2";"johnson-1775";"LET PRIV";"c";"a";"G";"dæg";"Strong";"A-Stem";"M";"l2";"j_l2";"c_lmod"
"salt:/ppcmbe2/johnstone-1786-2#sTok4004";"all";"all";"*T*-1 all our future days will flow";"days";"day";"1";"";"Johnstone, James";"l2";"johnstone-1786";"DRAMA COMEDY";"c";"a";"G";"dæg";"Strong";"A-Stem";"M";"l2";"j_l2";"c_lmod"
"salt:/ppcmbe2/johnstone-1786-2#sTok6333";"all";"all";"with all my heart";"heart";"heart";"";"1";"Johnstone, James";"l2";"johnstone-1786";"DRAMA COMEDY";"c";"c";"G";"heorte";"Weak";"N-Stem";"F";"l2";"j_l2";"c_lmod"
"salt:/ppcmbe2/johnstone-1786-2#sTok8225";"each";"each";"on each hand";"hand";"hand";"";"1";"Johnstone, James";"l2";"johnstone-1786";"DRAMA COMEDY";"c";"c";"G";"hand";"Strong";"U-Stem";"F";"l2";"j_l2";"c_lmod"
"salt:/ppcmbe2/johnstone-1786-2#sTok9575";"many";"many";"many years and many wounds";"years";"year";"1";"";"Johnstone, James";"l2";"johnstone-1786";"DRAMA COMEDY";"c";"a";"G";"gear";"Strong";"A-Stem";"N";"l2";"j_l2";"c_lmod"
"salt:/ppcmbe2/johnstone-1786-2#sTok13220";"every";"every";"every eye would penetrate the thin disguise";"eye";"eye";"";"1";"Johnstone, James";"l2";"johnstone-1786";"DRAMA COMEDY";"c";"c";"G";"eage";"Strong";"A-Stem";"M";"l2";"j_l2";"c_lmod"
"salt:/ppcmbe2/justice-1739-2#sTok2047";"some";"some";"*T*-1 offered him some Milk , which 0 he accepted of *T*-2";"Milk";"milk";"";"1";"Justice, Elizabeth";"l1";"justice-1739";"TRAVELOGUE";"u";"s";"G";"meolc";"Strong";"I-Stem";"F";"l1";"i_l1";"c_lmod"
"salt:/ppcmbe2/justice-1739-2#sTok2260";"all";"all";"*T*-1 all the large Ships *ICH*-2 lay ; which , 0 *T*-3 by Reason of their Bigness , $can $not {TEXT:cannot} get up to <font> Petersburgh";"Ships";"ship";"1";"";"Justice, Elizabeth";"l1";"justice-1739";"TRAVELOGUE";"c";"c";"G";"scip";"Strong";"A-Stem";"N";"l1";"i_l1";"c_lmod"
"salt:/ppcmbe2/justice-1739-2#sTok4929";"some";"some";"some Salt";"Salt";"salt";"";"1";"Justice, Elizabeth";"l1";"justice-1739";"TRAVELOGUE";"u";"s";"G";"sealt";"Strong";"A-Stem";"N";"l1";"i_l1";"c_lmod"
"salt:/ppcmbe2/justice-1739-2#sTok6147";"every";"every";"every Day , drawn over it";"Day";"day";"";"1";"Justice, Elizabeth";"l1";"justice-1739";"TRAVELOGUE";"c";"a";"G";"dæg";"Strong";"A-Stem";"M";"l1";"i_l1";"c_lmod"
"salt:/ppcmbe2/justice-1739-2#sTok6479";"many";"many";"for many Years";"Years";"year";"1";"";"Justice, Elizabeth";"l1";"justice-1739";"TRAVELOGUE";"c";"a";"G";"gear";"Strong";"A-Stem";"N";"l1";"i_l1";"c_lmod"
"salt:/ppcmbe2/justice-1739-2#sTok6834";"all";"all";"*T*-2 keeps out all Manner of Air";"Manner";"manner";"";"1";"Justice, Elizabeth";"l1";"justice-1739";"TRAVELOGUE";"u";"a";"R";"";"";"";"";"l1";"i_l1";"c_lmod"
"salt:/ppcmbe2/justice-1739-2#sTok7520";"several";"several";"of their several Houses";"Houses";"house";"1";"";"Justice, Elizabeth";"l1";"justice-1739";"TRAVELOGUE";"c";"c";"G";"hus";"Strong";"A-Stem";"N";"l1";"i_l1";"c_lmod"
"salt:/ppcmbe2/justice-1739-2#sTok8810";"each";"each";"And they , at this Time , repeat the same for the Soul of the Emperor <font> Peter <$$font> , each Night and Day , at a Monastery 0 that *T*-1 is about Two Miles from <font> Petersburgh : <$$font>";"Night";"night";"";"1";"Justice, Elizabeth";"l1";"justice-1739";"TRAVELOGUE";"c";"a";"G";"niht";"Strong";"A-Stem";"N";"l1";"i_l1";"c_lmod"
"salt:/ppcmbe2/justice-1739-2#sTok12023";"some";"some";"upon some particular Days";"Days";"day";"1";"";"Justice, Elizabeth";"l1";"justice-1739";"TRAVELOGUE";"c";"a";"G";"dæg";"Strong";"A-Stem";"M";"l1";"i_l1";"c_lmod"
"salt:/ppcmbe2/justice-1739-2#sTok12132";"all";"all";"all Manner of Birds near it";"Manner";"manner";"";"1";"Justice, Elizabeth";"l1";"justice-1739";"TRAVELOGUE";"u";"a";"R";"";"";"";"";"l1";"i_l1";"c_lmod"
"salt:/ppcmbe2/justice-1739-2#sTok12727";"several";"several";"with several fine Stones";"Stones";"stone";"1";"";"Justice, Elizabeth";"l1";"justice-1739";"TRAVELOGUE";"u";"c";"G";"stan";"Strong";"A-Stem";"M";"l1";"i_l1";"c_lmod"
"salt:/ppcmbe2/justice-1739-2#sTok13116";"every";"every";"There is , on the King's Birth-Day , at Mr. <font> Roundeau <$$font> 's , every Year , both a splendid Entertainment , and a Ball ; to which 0 *T*-2 the <font> English <$$font> are invited .";"Year";"year";"";"1";"Justice, Elizabeth";"l1";"justice-1739";"TRAVELOGUE";"c";"a";"G";"gear";"Strong";"A-Stem";"N";"l1";"i_l1";"c_lmod"
"salt:/ppcmbe2/keimer-1718-2#sTok116";"some";"some";"some Years younger than $myself";"Years";"year";"1";"";"Keimer, Samuel";"l1";"keimer-1718";"BIOGR AUTO";"c";"a";"G";"gear";"Strong";"A-Stem";"N";"l1";"i_l1";"c_lmod"
"salt:/ppcmbe2/keimer-1718-2#sTok1379";"all";"all";"from all Sin";"Sin";"sin";"";"1";"Keimer, Samuel";"l1";"keimer-1718";"BIOGR AUTO";"c";"a";"G";"syn";"Strong";"O-Stem";"F";"l1";"i_l1";"c_lmod"
"salt:/ppcmbe2/keimer-1718-2#sTok1470";"some";"some";"on some Books writ <font> Pro <$$font> and <font> Con <$$font> by several of the Presbyterian and Independent Perswasion upon the Subject of <font> Justification by Faith <$$font> , occasion'd by a Sermon preach'd by <font> Daniel Williams <$$font> , at <font> Pinners-Hall <$$font> , in which Controversy 0 *T*-2 the Disputants made such wretched Work of it as 0 0 *T*-3 tended more *ICH*-4 to puzzle and confound a serious Enquirer , than to give him any true Light into Gospel-Mysteries";"Books";"book";"1";"";"Keimer, Samuel";"l1";"keimer-1718";"BIOGR AUTO";"c";"c";"G";"boc";"Weak";"Consonant-Stem";"F";"l1";"i_l1";"c_lmod"
"salt:/ppcmbe2/keimer-1718-2#sTok1640";"half";"half";"for half a Day";"Day";"day";"";"1";"Keimer, Samuel";"l1";"keimer-1718";"BIOGR AUTO";"c";"a";"G";"dæg";"Strong";"A-Stem";"M";"l1";"i_l1";"c_lmod"
"salt:/ppcmbe2/keimer-1718-2#sTok2061";"several";"several";"There were several Men <font> English <$$font> and <font> French <$$font> , who 0 *T*-2 sat at a Table , taking down in writing what 0 *T*-3 was spoken and *T*-2 afterwards read it to the Assembly present .";"Men";"man";"1";"";"Keimer, Samuel";"l1";"keimer-1718";"BIOGR AUTO";"c";"c";"G";"mann";"Weak";"Consonant-Stem";"M/N";"l1";"i_l1";"c_lmod"
"salt:/ppcmbe2/keimer-1718-2#sTok2306";"several";"several";"for several Years";"Years";"year";"1";"";"Keimer, Samuel";"l1";"keimer-1718";"BIOGR AUTO";"c";"a";"G";"gear";"Strong";"A-Stem";"N";"l1";"i_l1";"c_lmod"
"salt:/ppcmbe2/keimer-1718-2#sTok2837";"all";"all";"and being willing to be inform'd rightly in those Things which 0 *T*-1 concern'd my eternal Welfare , I read all the Books 0 0 *T*-2 I could get 0 that *T*-3 treated on Religious Subjects ,";"Books";"book";"1";"";"Keimer, Samuel";"l1";"keimer-1718";"BIOGR AUTO";"c";"c";"G";"boc";"Weak";"Consonant-Stem";"F";"l1";"i_l1";"c_lmod"
"salt:/ppcmbe2/keimer-1718-2#sTok2868";"some";"some";"and amongst <P_8> the rest , I had in my Search , got some destructive Books of those False Teachers , who 0 *T*-1 hold , That God has elected such a particular Number , and reprobated all the rest , who 0 *T*-3 must avoidably perish .";"Books";"book";"1";"";"Keimer, Samuel";"l1";"keimer-1718";"BIOGR AUTO";"c";"c";"G";"boc";"Weak";"Consonant-Stem";"F";"l1";"i_l1";"c_lmod"
"salt:/ppcmbe2/keimer-1718-2#sTok3025";"no";"no";"in no manner of Stead";"manner";"manner";"";"1";"Keimer, Samuel";"l1";"keimer-1718";"BIOGR AUTO";"u";"a";"R";"";"";"";"";"l1";"i_l1";"c_lmod"
"salt:/ppcmbe2/keimer-1718-2#sTok8496";"every";"every";"I accomplish every Day my Strength in thy Infirmities .";"Day";"day";"";"1";"Keimer, Samuel";"l1";"keimer-1718";"BIOGR AUTO";"c";"a";"G";"dæg";"Strong";"A-Stem";"M";"l1";"i_l1";"c_lmod"
"salt:/ppcmbe2/keimer-1718-2#sTok9530";"All";"all";"Thou King of Heaven and Earth , All Might is in thy Hand";"Might";"might";"";"1";"Keimer, Samuel";"l1";"keimer-1718";"BIOGR AUTO";"u";"a";"G";"meaht";"Strong";"O-Stem";"F";"l1";"i_l1";"c_lmod"
"salt:/ppcmbe2/keimer-1718-2#sTok10210";"all";"all";"with all their Might";"Might";"might";"";"1";"Keimer, Samuel";"l1";"keimer-1718";"BIOGR AUTO";"u";"a";"G";"meaht";"Strong";"O-Stem";"F";"l1";"i_l1";"c_lmod"
"salt:/ppcmbe2/keimer-1718-2#sTok11560";"several";"several";"upon several Men , Women and Children";"Men";"man";"1";"";"Keimer, Samuel";"l1";"keimer-1718";"BIOGR AUTO";"c";"c";"G";"mann";"Weak";"Consonant-Stem";"M/N";"l1";"i_l1";"c_lmod"
"salt:/ppcmbe2/keimer-1718-2#sTok12003";"all";"all";"for all your Sins past to this Day";"Sins";"sin";"1";"";"Keimer, Samuel";"l1";"keimer-1718";"BIOGR AUTO";"c";"a";"G";"syn";"Strong";"O-Stem";"F";"l1";"i_l1";"c_lmod"
"salt:/ppcmbe2/keimer-1718-2#sTok12152";"all";"all";"all our Sins were pardon'd";"Sins";"sin";"1";"";"Keimer, Samuel";"l1";"keimer-1718";"BIOGR AUTO";"c";"a";"G";"syn";"Strong";"O-Stem";"F";"l1";"i_l1";"c_lmod"
"salt:/ppcmbe2/keimer-1718-2#sTok15071";"every";"every";"we must read over one of <font> David <$$font> 's Psalms , every Day , or Night which 0 I took care *T*-1 to do for several Days successively";"Day";"day";"";"1";"Keimer, Samuel";"l1";"keimer-1718";"BIOGR AUTO";"c";"a";"G";"dæg";"Strong";"A-Stem";"M";"l1";"i_l1";"c_lmod"
"salt:/ppcmbe2/keimer-1718-2#sTok15085";"several";"several";"for several Days";"Days";"day";"1";"";"Keimer, Samuel";"l1";"keimer-1718";"BIOGR AUTO";"c";"a";"G";"dæg";"Strong";"A-Stem";"M";"l1";"i_l1";"c_lmod"
"salt:/ppcmbe2/keimer-1718-2#sTok16995";"many";"many";"he had been blind many Years";"Years";"year";"1";"";"Keimer, Samuel";"l1";"keimer-1718";"BIOGR AUTO";"c";"a";"G";"gear";"Strong";"A-Stem";"N";"l1";"i_l1";"c_lmod"
"salt:/ppcmbe2/keimer-1718-2#sTok17404";"all";"all";"healing all manner of Diseases";"manner";"manner";"";"1";"Keimer, Samuel";"l1";"keimer-1718";"BIOGR AUTO";"u";"a";"R";"";"";"";"";"l1";"i_l1";"c_lmod"
"salt:/ppcmbe2/keimer-1718-2#sTok17647";"all";"all";"healing all manner of Diseases";"manner";"manner";"";"1";"Keimer, Samuel";"l1";"keimer-1718";"BIOGR AUTO";"u";"a";"R";"";"";"";"";"l1";"i_l1";"c_lmod"
"salt:/ppcmbe2/keimer-1718-2#sTok18491";"many";"many";"having been many Years very crooked";"Years";"year";"1";"";"Keimer, Samuel";"l1";"keimer-1718";"BIOGR AUTO";"c";"a";"G";"gear";"Strong";"A-Stem";"N";"l1";"i_l1";"c_lmod"
"salt:/ppcmbe2/keimer-1718-2#sTok18630";"several";"several";"in the several Countries 0 0 they came to *T*-2";"Countries";"country";"1";"";"Keimer, Samuel";"l1";"keimer-1718";"BIOGR AUTO";"c";"c";"R";"";"";"";"";"l1";"i_l1";"c_lmod"
"salt:/ppcmbe2/keimer-1718-2#sTok19266";"all";"all";"with all thy Might";"Might";"might";"";"1";"Keimer, Samuel";"l1";"keimer-1718";"BIOGR AUTO";"u";"a";"G";"meaht";"Strong";"O-Stem";"F";"l1";"i_l1";"c_lmod"
"salt:/ppcmbe2/keimer-1718-2#sTok19781";"several";"several";"having wrote several Books in their Behalf , <font> viz. Moderation a Virtue <$$font> , and <font> Moderation still a Virtue <$$font> , in Answer to <font> Charles Lesly";"Books";"book";"1";"";"Keimer, Samuel";"l1";"keimer-1718";"BIOGR AUTO";"c";"c";"G";"boc";"Weak";"Consonant-Stem";"F";"l1";"i_l1";"c_lmod"
"salt:/ppcmbe2/kimber-1742-1#sTok415";"no";"no";"and *con* so could have no Right to come in before the Queen of <font> Scots <$$font> , but what <font> 0 *T*-1 Henry's <$$font> Will gave them , which Will 0 *T*-2 was equally in favour of <font> Elizabeth's <$$font> coming before them , notwithstanding <P_258.C1> her having been declared *-3 illegitimate , as well as her Sister <font> Mary <$$font> , who 0 *T*-4 succeeded by Virtue of the same Will .";"Right";"right";"";"1";"Kimber, Isaac";"l1";"kimber-1742";"HISTORY";"c";"a";"G";"riht";"Strong";"A-Stem";"N";"l1";"i_l1";"c_lmod"
"salt:/ppcmbe2/kimber-1742-1#sTok2005";"all";"all";"and *con* by another Act suppress'd all the Religious Houses which <font> 0 *T*-1 Mary <$$font> had founded ,";"Houses";"house";"1";"";"Kimber, Isaac";"l1";"kimber-1742";"HISTORY";"c";"c";"G";"hus";"Strong";"A-Stem";"N";"l1";"i_l1";"c_lmod"
"salt:/ppcmbe2/kimber-1742-1#sTok3006";"many";"many";"many Years after";"Years";"year";"1";"";"Kimber, Isaac";"l1";"kimber-1742";"HISTORY";"c";"a";"G";"gear";"Strong";"A-Stem";"N";"l1";"i_l1";"c_lmod"
"salt:/ppcmbe2/kimber-1742-1#sTok3114";"no";"no";"she had no Right ever to take them";"Right";"right";"";"1";"Kimber, Isaac";"l1";"kimber-1742";"HISTORY";"c";"a";"G";"riht";"Strong";"A-Stem";"N";"l1";"i_l1";"c_lmod"
"salt:/ppcmbe2/kimber-1742-1#sTok4178";"many";"many";"for many Years";"Years";"year";"1";"";"Kimber, Isaac";"l1";"kimber-1742";"HISTORY";"c";"a";"G";"gear";"Strong";"A-Stem";"N";"l1";"i_l1";"c_lmod"
"salt:/ppcmbe2/kimber-1742-1#sTok4645";"some";"some";"for some Years";"Years";"year";"1";"";"Kimber, Isaac";"l1";"kimber-1742";"HISTORY";"c";"a";"G";"gear";"Strong";"A-Stem";"N";"l1";"i_l1";"c_lmod"
"salt:/ppcmbe2/kimber-1742-1#sTok4780";"many";"many";"*T*-1 Queen <font> Elizabeth <$$font> kept her a Prisoner many Years";"Years";"year";"1";"";"Kimber, Isaac";"l1";"kimber-1742";"HISTORY";"c";"a";"G";"gear";"Strong";"A-Stem";"N";"l1";"i_l1";"c_lmod"
"salt:/ppcmbe2/kimber-1742-1#sTok5179";"several";"several";"At the Beginning of the Year 1569 , several great Men , of the Queen's Council , who 0 *T*-1 were Friends to the Queen of <font> Scots <$$font> , and *T*-1 wanted either to have her on the Throne , or declar'd <font> Elizabeth's <$$font> presumptive Heir , conspir'd to get Secretary <font> Cecil *ICH*-3 <$$font> remov'd , whom 0 they knew *T*-4 to be an Enemy to all such Designs , and *T*-4 to be heartily in his Mistress's Interest .";"Men";"man";"1";"";"Kimber, Isaac";"l1";"kimber-1742";"HISTORY";"c";"c";"G";"mann";"Weak";"Consonant-Stem";"M/N";"l1";"i_l1";"c_lmod"
"salt:/ppcmbe2/kimber-1742-1#sTok6983";"all";"all";"suppressing all the antient Rights and Privileges of those Provinces";"Rights";"right";"1";"";"Kimber, Isaac";"l1";"kimber-1742";"HISTORY";"c";"a";"G";"riht";"Strong";"A-Stem";"N";"l1";"i_l1";"c_lmod"
"salt:/ppcmbe2/kimber-1742-1#sTok7197";"Some";"some";"Some Years after";"Years";"year";"1";"";"Kimber, Isaac";"l1";"kimber-1742";"HISTORY";"c";"a";"G";"gear";"Strong";"A-Stem";"N";"l1";"i_l1";"c_lmod"
"salt:/ppcmbe2/kimber-1742-1#sTok11031";"all";"all";"drawing all the Ships in his other Ports together";"Ships";"ship";"1";"";"Kimber, Isaac";"l1";"kimber-1742";"HISTORY";"c";"c";"G";"scip";"Strong";"A-Stem";"N";"l1";"i_l1";"c_lmod"
"salt:/ppcmbe2/kimber-1742-1#sTok11069";"many";"many";"many Ships lost";"Ships";"ship";"1";"";"Kimber, Isaac";"l1";"kimber-1742";"HISTORY";"c";"c";"G";"scip";"Strong";"A-Stem";"N";"l1";"i_l1";"c_lmod"
"salt:/ppcmbe2/kinglake-1844-2#sTok515";"all";"all";"of all the lands 0 0 *T*-3 I know <paren> you will see in a minute how 0 *T*-4 I connect this piece of prose with the Isle of Cyprus";"lands";"land";"1";"";"Kinglake, Alexander William";"l3";"kinglake-1844";"TRAVELOGUE";"u";"a";"G";"land";"Strong";"A-Stem";"N";"l3";"k_l3";"c_lmod"
"salt:/ppcmbe2/kinglake-1844-2#sTok3133";"Many";"many";"Many years of Lady Hester's early womanhood had been passed with Lady Chatham , at Burton Pynsent ,";"years";"year";"1";"";"Kinglake, Alexander William";"l3";"kinglake-1844";"TRAVELOGUE";"c";"a";"G";"gear";"Strong";"A-Stem";"N";"l3";"k_l3";"c_lmod"
"salt:/ppcmbe2/kinglake-1844-2#sTok8234";"many";"many";"during many years";"years";"year";"1";"";"Kinglake, Alexander William";"l3";"kinglake-1844";"TRAVELOGUE";"c";"a";"G";"gear";"Strong";"A-Stem";"N";"l3";"k_l3";"c_lmod"
"salt:/ppcmbe2/kinglake-1844-2#sTok10520";"no";"no";"no man so attractive to the Orientals - no man who 0 *T*-2 can negotiate with them half so effectively , as a good , honest , open-hearted , and positive naval officer of the old school";"man";"man";"";"1";"Kinglake, Alexander William";"l3";"kinglake-1844";"TRAVELOGUE";"c";"c";"G";"mann";"Weak";"Consonant-Stem";"M/N";"l3";"k_l3";"c_lmod"
"salt:/ppcmbe2/kinglake-1844-2#sTok10528";"no";"no";"no man who 0 *T*-2 can negotiate with them half so effectively , as a good , honest , open-hearted , and positive naval officer of the old school";"man";"man";"";"1";"Kinglake, Alexander William";"l3";"kinglake-1844";"TRAVELOGUE";"c";"c";"G";"mann";"Weak";"Consonant-Stem";"M/N";"l3";"k_l3";"c_lmod"
"salt:/ppcmbe2/kingsley-1897-2#sTok616";"no";"no";"no country and no ruler";"country";"country";"";"1";"Kingsley, Mary Henrietta";"l4";"kingsley-1897";"TRAVELOGUE";"c";"c";"R";"";"";"";"";"l4";"l_l4";"c_lmod"
"salt:/ppcmbe2/kingsley-1897-2#sTok834";"no";"no";"no white man has ever looked on the great Peak of Cameroon without a desire arising in his mind to ascend it and * know in detail the highest point on the western side of the <P_550> continent , and indeed one of the highest points in all Africa";"man";"man";"";"1";"Kingsley, Mary Henrietta";"l4";"kingsley-1897";"TRAVELOGUE";"c";"c";"G";"mann";"Weak";"Consonant-Stem";"M/N";"l4";"l_l4";"c_lmod"
"salt:/ppcmbe2/kingsley-1897-2#sTok2571";"some";"some";"for some days";"days";"day";"1";"";"Kingsley, Mary Henrietta";"l4";"kingsley-1897";"TRAVELOGUE";"c";"a";"G";"dæg";"Strong";"A-Stem";"M";"l4";"l_l4";"c_lmod"
"salt:/ppcmbe2/kingsley-1897-2#sTok12576";"all";"all";"*T*-1 has been very low in his mind all day";"day";"day";"";"1";"Kingsley, Mary Henrietta";"l4";"kingsley-1897";"TRAVELOGUE";"c";"a";"G";"dæg";"Strong";"A-Stem";"M";"l4";"l_l4";"c_lmod"
"salt:/ppcmbe2/kirkland-1774-2#sTok1384";"every";"every";"*T*-2 upon reflection , <P_57> every man who 0 *T*-3 practices midwifery will be well acquainted ; as 0 they are common , and such as 0 0 *T*-4 must have happened within the notice of those , who 0 *T*-5 have been engaged in a considerable share of practice";"man";"man";"";"1";"Kirkland, Thomas";"l1";"kirkland-1774";"SCIENCE MEDICINE";"c";"c";"G";"mann";"Weak";"Consonant-Stem";"M/N";"l1";"i_l1";"c_lmod"
"salt:/ppcmbe2/kirkland-1774-2#sTok2148";"all";"all";"being engaged all the next day";"day";"day";"";"1";"Kirkland, Thomas";"l1";"kirkland-1774";"SCIENCE MEDICINE";"c";"a";"G";"dæg";"Strong";"A-Stem";"M";"l1";"i_l1";"c_lmod"
"salt:/ppcmbe2/kirkland-1774-2#sTok2810";"many";"many";"many years ago";"years";"year";"1";"";"Kirkland, Thomas";"l1";"kirkland-1774";"SCIENCE MEDICINE";"c";"a";"G";"gear";"Strong";"A-Stem";"N";"l1";"i_l1";"c_lmod"
"salt:/ppcmbe2/kirkland-1774-2#sTok4382";"several";"several";"the putrefaction is several days";"days";"day";"1";"";"Kirkland, Thomas";"l1";"kirkland-1774";"SCIENCE MEDICINE";"c";"a";"G";"dæg";"Strong";"A-Stem";"M";"l1";"i_l1";"c_lmod"
"salt:/ppcmbe2/kirkland-1774-2#sTok5800";"Many";"many";"Many books indeed tells us , that when 0 the <font> uterus <$$font> is inflamed , there is a sensation of weight and tumour , and a continual burning , throbbing pain *ICH*-2 , in the region of the <font> uterus <$$font> , extending to the adjacent parts ;";"books";"book";"1";"";"Kirkland, Thomas";"l1";"kirkland-1774";"SCIENCE MEDICINE";"c";"c";"G";"boc";"Weak";"Consonant-Stem";"F";"l1";"i_l1";"c_lmod"
"salt:/ppcmbe2/kirkland-1774-2#sTok9488";"both";"both";"in both her eyes";"eyes";"eye";"1";"";"Kirkland, Thomas";"l1";"kirkland-1774";"SCIENCE MEDICINE";"c";"c";"G";"eage";"Strong";"A-Stem";"M";"l1";"i_l1";"c_lmod"
"salt:/ppcmbe2/knox-1786-2#sTok2411";"several";"several";"several country people with a boat and net";"country";"country";"";"1";"Knox, John";"l2";"knox-1786";"TRAVELOGUE";"c";"c";"R";"";"";"";"";"l2";"j_l2";"c_lmod"
"salt:/ppcmbe2/knox-1786-2#sTok2426";"some";"some";"Near this lake *exp* are some natural woods , consisting chiefly of dwarf-oak , now a valuable article on account of the bark , which 0 *T*-2 sells at one shilling per stone .";"woods";"wood";"1";"";"Knox, John";"l2";"knox-1786";"TRAVELOGUE";"u";"s";"G";"wudu";"Strong";"U-Stem";"M";"l2";"j_l2";"c_lmod"
"salt:/ppcmbe2/knox-1786-2#sTok4834";"no";"no";"*T*-1 there is no land";"land";"land";"";"1";"Knox, John";"l2";"knox-1786";"TRAVELOGUE";"u";"a";"G";"land";"Strong";"A-Stem";"N";"l2";"j_l2";"c_lmod"
"salt:/ppcmbe2/knox-1786-2#sTok5309";"every";"every";"*T*-2 produce a considerable return every twenty-five years , when 0 *T*-3 the timber is cut down for the bark , as well as for charcoal";"years";"year";"1";"";"Knox, John";"l2";"knox-1786";"TRAVELOGUE";"c";"a";"G";"gear";"Strong";"A-Stem";"N";"l2";"j_l2";"c_lmod"
"salt:/ppcmbe2/knox-1786-2#sTok5904";"every";"every";"it grows to maturity , every second or third year , when 0 *T*-1 it is cut down";"year";"year";"";"1";"Knox, John";"l2";"knox-1786";"TRAVELOGUE";"c";"a";"G";"gear";"Strong";"A-Stem";"N";"l2";"j_l2";"c_lmod"
"salt:/ppcmbe2/knox-1786-2#sTok6465";"any";"any";"in any other country";"country";"country";"";"1";"Knox, John";"l2";"knox-1786";"TRAVELOGUE";"c";"c";"R";"";"";"";"";"l2";"j_l2";"c_lmod"
"salt:/ppcmbe2/knox-1786-2#sTok7014";"all";"all";"to all fish of that species";"fish";"fish";"";"1";"Knox, John";"l2";"knox-1786";"TRAVELOGUE";"u";"c";"G";"fisc";"Strong";"A-Stem";"M";"l2";"j_l2";"c_lmod"
"salt:/ppcmbe2/knox-1786-2#sTok7188";"Some";"some";"Some years ago";"years";"year";"1";"";"Knox, John";"l2";"knox-1786";"TRAVELOGUE";"c";"a";"G";"gear";"Strong";"A-Stem";"N";"l2";"j_l2";"c_lmod"
"salt:/ppcmbe2/knox-1786-2#sTok10445";"some";"some";"I would enjoy some days , at least , of that fine season";"days";"day";"1";"";"Knox, John";"l2";"knox-1786";"TRAVELOGUE";"c";"a";"G";"dæg";"Strong";"A-Stem";"M";"l2";"j_l2";"c_lmod"
"salt:/ppcmbe2/knox-1786-2#sTok12341";"some";"some";"some small horses";"horses";"horse";"1";"";"Knox, John";"l2";"knox-1786";"TRAVELOGUE";"c";"c";"G";"hors";"Strong";"A-Stem";"N";"l2";"j_l2";"c_lmod"
"salt:/ppcmbe2/knox-1786-2#sTok12394";"some";"some";"but near the shores , there is some good arable land , especially on the west side ;";"land";"land";"";"1";"Knox, John";"l2";"knox-1786";"TRAVELOGUE";"u";"a";"G";"land";"Strong";"A-Stem";"N";"l2";"j_l2";"c_lmod"
"salt:/ppcmbe2/knox-1786-2#sTok12945";"some";"some";"removing some great stones 0 that *T*-2 choak {COM:sic} up the south passage";"stones";"stone";"1";"";"Knox, John";"l2";"knox-1786";"TRAVELOGUE";"u";"c";"G";"stan";"Strong";"A-Stem";"M";"l2";"j_l2";"c_lmod"
"salt:/ppcmbe2/knyveton-1752-actually-gray-1937-2#sTok3974";"some";"some";"*con* would shortly have some work for me";"work";"work";"";"1";"Knyveton, John";"l1";"knyveton-1752-actually-gray-1937";"DIARY PRIV";"u";"a";"G";"weorc";"Strong";"A-Stem";"N";"l1";"i_l1";"c_lmod"
"salt:/ppcmbe2/knyveton-1752-actually-gray-1937-2#sTok6348";"little";"little";"Being Sunday little work was done save that essential to securing the ship , the men lying about on deck mending their clothes and shaving ,";"work";"work";"";"1";"Knyveton, John";"l1";"knyveton-1752-actually-gray-1937";"DIARY PRIV";"u";"a";"G";"weorc";"Strong";"A-Stem";"N";"l1";"i_l1";"c_lmod"
"salt:/ppcmbe2/knyveton-1752-actually-gray-1937-2#sTok7634";"any";"any";"to lose any men , being already short handed";"men";"man";"1";"";"Knyveton, John";"l1";"knyveton-1752-actually-gray-1937";"DIARY PRIV";"c";"c";"G";"mann";"Weak";"Consonant-Stem";"M/N";"l1";"i_l1";"c_lmod"
"salt:/ppcmbe2/knyveton-1752-actually-gray-1937-2#sTok8349";"no";"no";"no Man but a Woman";"Man";"man";"";"1";"Knyveton, John";"l1";"knyveton-1752-actually-gray-1937";"DIARY PRIV";"c";"c";"G";"mann";"Weak";"Consonant-Stem";"M/N";"l1";"i_l1";"c_lmod"
"salt:/ppcmbe2/knyveton-1752-actually-gray-1937-2#sTok9352";"every";"every";"by every ship in the Squadron";"ship";"ship";"";"1";"Knyveton, John";"l1";"knyveton-1752-actually-gray-1937";"DIARY PRIV";"c";"c";"G";"scip";"Strong";"A-Stem";"N";"l1";"i_l1";"c_lmod"
"salt:/ppcmbe2/knyveton-1752-actually-gray-1937-2#sTok10735";"some";"some";"to find them some light work before 0 the Lieutenants drove them to such place as the Spars where 0 *T*-2 they would likely die";"work";"work";"";"1";"Knyveton, John";"l1";"knyveton-1752-actually-gray-1937";"DIARY PRIV";"u";"a";"G";"weorc";"Strong";"A-Stem";"N";"l1";"i_l1";"c_lmod"
"salt:/ppcmbe2/knyveton-1752-actually-gray-1937-2#sTok10904";"no";"no";"Still no ships *ICH*-1 seen but those of our Squadron .";"ships";"ship";"1";"";"Knyveton, John";"l1";"knyveton-1752-actually-gray-1937";"DIARY PRIV";"c";"c";"G";"scip";"Strong";"A-Stem";"N";"l1";"i_l1";"c_lmod"
"salt:/ppcmbe2/knyveton-1752-actually-gray-1937-2#sTok11749";"all";"all";"And so we did Fly before the Wind and the seas all that day , none save the Watch venturing on deck , and the air growing very heavy below ; and so all through the night , I endeav'ring to sleep but unable ; being summoned at dawn by Ned Tollit to the Cockpit , where 0 *T*-2 I did find two sailors Battered to Insensibility by the Waves , they having been swept against the Barge by a Heavy Sea .";"day";"day";"";"1";"Knyveton, John";"l1";"knyveton-1752-actually-gray-1937";"DIARY PRIV";"c";"a";"G";"dæg";"Strong";"A-Stem";"M";"l1";"i_l1";"c_lmod"
"salt:/ppcmbe2/knyveton-1752-actually-gray-1937-2#sTok11986";"no";"no";"no cloth therefore in the wound";"cloth";"cloth";"";"1";"Knyveton, John";"l1";"knyveton-1752-actually-gray-1937";"DIARY PRIV";"u";"s";"G";"claþ";"Strong";"A-Stem";"M";"l1";"i_l1";"c_lmod"
"salt:/ppcmbe2/lancaster1-1806-1#sTok155";"some";"some";"and , while 0 he is counting fifteen , every one must climb up some tree , so high , as to be out of the reach of his cane ;";"tree";"tree";"";"1";"Lancaster, Joseph";"l2";"lancaster1-1806";"EDUC TREAT";"c";"c";"G";"treow";"Strong";"A-Stem";"N";"l2";"j_l2";"c_lmod"
"salt:/ppcmbe2/lancaster1-1806-1#sTok2794";"Some";"some";"Some years ago";"years";"year";"1";"";"Lancaster, Joseph";"l2";"lancaster1-1806";"EDUC TREAT";"c";"a";"G";"gear";"Strong";"A-Stem";"N";"l2";"j_l2";"c_lmod"
"salt:/ppcmbe2/lancaster1-1806-1#sTok5206";"no";"no";"We , of course , use no books for this class of children";"books";"book";"1";"";"Lancaster, Joseph";"l2";"lancaster1-1806";"EDUC TREAT";"c";"c";"G";"boc";"Weak";"Consonant-Stem";"F";"l2";"j_l2";"c_lmod"
"salt:/ppcmbe2/lancaster1-1806-1#sTok8992";"each";"each";"to each name";"name";"name";"";"1";"Lancaster, Joseph";"l2";"lancaster1-1806";"EDUC TREAT";"c";"a";"G";"nama";"Weak";"N-Stem";"M";"l2";"j_l2";"c_lmod"
"salt:/ppcmbe2/lancaster1-1806-1#sTok11815";"every";"every";"This is done every day , till 0 the whole class has performed their lesson both ways .";"day";"day";"";"1";"Lancaster, Joseph";"l2";"lancaster1-1806";"EDUC TREAT";"c";"a";"G";"dæg";"Strong";"A-Stem";"M";"l2";"j_l2";"c_lmod"
"salt:/ppcmbe2/lancaster2-1794-2#sTok717";"all";"all";"*T*-1 must buy all their butter and milk vitiated with the usual adulterations";"butter";"butter";"";"1";"Lancaster, Thomas";"l2";"lancaster2-1794";"EDUC TREAT";"u";"s";"G";"butere";"Weak";"N-Stem";"F";"l2";"j_l2";"c_lmod"
"salt:/ppcmbe2/lancaster2-1794-2#sTok7965";"some";"some";"of some <font> virtue <$$font> in his <font> conduct";"virtue";"virtue";"";"1";"Lancaster, Thomas";"l2";"lancaster2-1794";"EDUC TREAT";"u";"a";"R";"";"";"";"";"l2";"j_l2";"c_lmod"
"salt:/ppcmbe2/lancaster2-1794-2#sTok8079";"many";"many";"There are many valuable works on this subject , by some of our best divines , as Bishop <font> Williams , Mr. Lewis <$$font> , Archbishop <font> Wake <$$font> , and Archbishop <font> Secker <$$font> ; some of which 0 *T*-2 are very proper 0 *T*-4 to be committed <P_66> to memory , and others to be attentively perused .";"works";"work";"1";"";"Lancaster, Thomas";"l2";"lancaster2-1794";"EDUC TREAT";"u";"a";"G";"weorc";"Strong";"A-Stem";"N";"l2";"j_l2";"c_lmod"
"salt:/ppcmbe2/lancaster2-1794-2#sTok8185";"every";"every";"of <font> every <$$font> day";"day";"day";"";"1";"Lancaster, Thomas";"l2";"lancaster2-1794";"EDUC TREAT";"c";"a";"G";"dæg";"Strong";"A-Stem";"M";"l2";"j_l2";"c_lmod"
"salt:/ppcmbe2/lawrence-1908-2#sTok3817";"some";"some";"to some work which 0 *T*-1 will help the procession somehow";"work";"work";"";"1";"Lawrence, David Herbert";"l4";"lawrence-1908";"LET PRIV";"u";"a";"G";"weorc";"Strong";"A-Stem";"N";"l4";"l_l4";"c_lmod"
"salt:/ppcmbe2/lawrence-1908-2#sTok6289";"every";"every";"In every love affair";"love";"love";"";"1";"Lawrence, David Herbert";"l4";"lawrence-1908";"LET PRIV";"u";"a";"G";"lufu";"Strong";"O-Stem";"F";"l4";"l_l4";"c_lmod"
"salt:/ppcmbe2/lawrence-1908-2#sTok7109";"some";"some";"there is some blood in them .";"blood";"blood";"";"1";"Lawrence, David Herbert";"l4";"lawrence-1908";"LET PRIV";"u";"s";"G";"blod";"Strong";"A-Stem";"N";"l4";"l_l4";"c_lmod"
"salt:/ppcmbe2/lawrence-1908-2#sTok8050";"half";"half";"and *con* have eaten half a fruit pie .";"fruit";"fruit";"";"1";"Lawrence, David Herbert";"l4";"lawrence-1908";"LET PRIV";"c";"s";"R";"";"";"";"";"l4";"l_l4";"c_lmod"
"salt:/ppcmbe2/lawrence-1908-2#sTok8372";"no";"no";"I have no men friends";"men";"man";"1";"";"Lawrence, David Herbert";"l4";"lawrence-1908";"LET PRIV";"c";"c";"G";"mann";"Weak";"Consonant-Stem";"M/N";"l4";"l_l4";"c_lmod"
"salt:/ppcmbe2/lawrence-1908-2#sTok8779";"Any";"any";"Any man might say exactly the same .";"man";"man";"";"1";"Lawrence, David Herbert";"l4";"lawrence-1908";"LET PRIV";"c";"c";"G";"mann";"Weak";"Consonant-Stem";"M/N";"l4";"l_l4";"c_lmod"
"salt:/ppcmbe2/lawrence-1908-2#sTok10027";"all";"all";"we shall be out all day , returning to the Haggs <paren> a farm , the home of my friends <$$paren> - where , 0 *T*-1 in the low parlour , I shall read Verlaine to the girls <paren> in French -";"day";"day";"";"1";"Lawrence, David Herbert";"l4";"lawrence-1908";"LET PRIV";"c";"a";"G";"dæg";"Strong";"A-Stem";"M";"l4";"l_l4";"c_lmod"
"salt:/ppcmbe2/lawrence-1908-2#sTok11071";"Any";"any";"Any day will suit us .";"day";"day";"";"1";"Lawrence, David Herbert";"l4";"lawrence-1908";"LET PRIV";"c";"a";"G";"dæg";"Strong";"A-Stem";"M";"l4";"l_l4";"c_lmod"
"salt:/ppcmbe2/lawrence-1908-2#sTok12553";"some";"some";"There were some bonny harvest days then .";"days";"day";"1";"";"Lawrence, David Herbert";"l4";"lawrence-1908";"LET PRIV";"c";"a";"G";"dæg";"Strong";"A-Stem";"M";"l4";"l_l4";"c_lmod"
"salt:/ppcmbe2/layard-1894-2#sTok5929";"several";"several";"by several men bearing loads of provisions - bread , meat , fowls , rice , eggs , butter , tea , and firewood - enough to feed a regiment";"men";"man";"1";"";"Layard, Sir Austen Henry";"l4";"layard-1894";"TRAVELOGUE";"c";"c";"G";"mann";"Weak";"Consonant-Stem";"M/N";"l4";"l_l4";"c_lmod"
"salt:/ppcmbe2/layard-1894-2#sTok8327";"some";"some";"for some days";"days";"day";"1";"";"Layard, Sir Austen Henry";"l4";"layard-1894";"TRAVELOGUE";"c";"a";"G";"dæg";"Strong";"A-Stem";"M";"l4";"l_l4";"c_lmod"
"salt:/ppcmbe2/layard-1894-2#sTok9625";"some";"some";"*T*-1 some men were gathered round a bright fire";"men";"man";"1";"";"Layard, Sir Austen Henry";"l4";"layard-1894";"TRAVELOGUE";"c";"c";"G";"mann";"Weak";"Consonant-Stem";"M/N";"l4";"l_l4";"c_lmod"
"salt:/ppcmbe2/layard-1894-2#sTok10935";"all";"all";"for all manner of offences and crimes";"manner";"manner";"";"1";"Layard, Sir Austen Henry";"l4";"layard-1894";"TRAVELOGUE";"u";"a";"R";"";"";"";"";"l4";"l_l4";"c_lmod"
"salt:/ppcmbe2/layard-1894-2#sTok11196";"many";"many";"for many years";"years";"year";"1";"";"Layard, Sir Austen Henry";"l4";"layard-1894";"TRAVELOGUE";"c";"a";"G";"gear";"Strong";"A-Stem";"N";"l4";"l_l4";"c_lmod"
"salt:/ppcmbe2/layard-1894-2#sTok11592";"several";"several";"for several days";"days";"day";"1";"";"Layard, Sir Austen Henry";"l4";"layard-1894";"TRAVELOGUE";"c";"a";"G";"dæg";"Strong";"A-Stem";"M";"l4";"l_l4";"c_lmod"
"salt:/ppcmbe2/layer-1723-2#sTok448";"all";"all";"with all your Might";"Might";"might";"";"1";"n/a";"l1";"layer-1723";"PROC TRIAL";"u";"a";"G";"meaht";"Strong";"O-Stem";"F";"l1";"i_l1";"c_lmod"
"salt:/ppcmbe2/layer-1723-2#sTok1347";"several";"several";"ready , raise , and retain several Men , to the Jurors unknown";"Men";"man";"1";"";"n/a";"l1";"layer-1723";"PROC TRIAL";"c";"c";"G";"mann";"Weak";"Consonant-Stem";"M/N";"l1";"i_l1";"c_lmod"
"salt:/ppcmbe2/layer-1723-2#sTok2247";"any";"any";"to any other Matters of Hardship";"Matters";"matter";"1";"";"n/a";"l1";"layer-1723";"PROC TRIAL";"c";"s";"R";"";"";"";"";"l1";"i_l1";"c_lmod"
"salt:/ppcmbe2/layer-1723-2#sTok3296";"all";"all";"on all Hands";"Hands";"hand";"1";"";"n/a";"l1";"layer-1723";"PROC TRIAL";"c";"c";"G";"hand";"Strong";"U-Stem";"F";"l1";"i_l1";"c_lmod"
"salt:/ppcmbe2/layer-1723-2#sTok3765";"all";"all";"and all manner of Bonds";"manner";"manner";"";"1";"n/a";"l1";"layer-1723";"PROC TRIAL";"u";"a";"R";"";"";"";"";"l1";"i_l1";"c_lmod"
"salt:/ppcmbe2/layer-1723-2#sTok6012";"any";"any";"in any authentick Book either <font> Greek <$$font> or <font> Latin";"Book";"book";"";"1";"n/a";"l1";"layer-1723";"PROC TRIAL";"c";"c";"G";"boc";"Weak";"Consonant-Stem";"F";"l1";"i_l1";"c_lmod"
"salt:/ppcmbe2/layer-1723-2#sTok9486";"No";"no";"No Man will pretend to say , 0 he may not be Christen'd by that Name ,";"Man";"man";"";"1";"n/a";"l1";"layer-1723";"PROC TRIAL";"c";"c";"G";"mann";"Weak";"Consonant-Stem";"M/N";"l1";"i_l1";"c_lmod"
"salt:/ppcmbe2/layer-1723-2#sTok14377";"several";"several";"he was indulged several Days .";"Days";"day";"1";"";"n/a";"l1";"layer-1723";"PROC TRIAL";"c";"a";"G";"dæg";"Strong";"A-Stem";"M";"l1";"i_l1";"c_lmod"
"salt:/ppcmbe2/layer-1723-2#sTok15814";"no";"no";"Thursday <$$font> and <font> Friday <$$font> were no <font> Westminster-Hall <$$font> Days , for which reason 0 *T*-2 we could not have the Prisoner brought up before this Day";"Days";"day";"1";"";"n/a";"l1";"layer-1723";"PROC TRIAL";"c";"a";"G";"dæg";"Strong";"A-Stem";"M";"l1";"i_l1";"c_lmod"
"salt:/ppcmbe2/layer-1723-2#sTok16914";"some";"some";"of some matter which 0 *T*-2 has been , strictly speaking , his defence";"matter";"matter";"";"1";"n/a";"l1";"layer-1723";"PROC TRIAL";"c";"s";"R";"";"";"";"";"l1";"i_l1";"c_lmod"
"salt:/ppcmbe2/layer-1723-2#sTok18486";"any";"any";"in any Book either great or small";"Book";"book";"";"1";"n/a";"l1";"layer-1723";"PROC TRIAL";"c";"c";"G";"boc";"Weak";"Consonant-Stem";"F";"l1";"i_l1";"c_lmod"
"salt:/ppcmbe2/layer-1723-2#sTok18509";"all";"all";"all the Books of Authority are otherwise ;";"Books";"book";"1";"";"n/a";"l1";"layer-1723";"PROC TRIAL";"c";"c";"G";"boc";"Weak";"Consonant-Stem";"F";"l1";"i_l1";"c_lmod"
"salt:/ppcmbe2/layer-1723-2#sTok19857";"no";"no";"he can lay no new Matter before the Court";"Matter";"matter";"";"1";"n/a";"l1";"layer-1723";"PROC TRIAL";"c";"s";"R";"";"";"";"";"l1";"i_l1";"c_lmod"
"salt:/ppcmbe2/layer-1723-2#sTok20788";"any";"any";"My Lord , I defy any Man to shew any single Step taken in carrying on this Cause , but what 0 *T*-1 is perfectly right and justifiable .";"Man";"man";"";"1";"n/a";"l1";"layer-1723";"PROC TRIAL";"c";"c";"G";"mann";"Weak";"Consonant-Stem";"M/N";"l1";"i_l1";"c_lmod"
"salt:/ppcmbe2/layer-1723-2#sTok25288";"any";"any";"any Man doth not appear";"Man";"man";"";"1";"n/a";"l1";"layer-1723";"PROC TRIAL";"c";"c";"G";"mann";"Weak";"Consonant-Stem";"M/N";"l1";"i_l1";"c_lmod"
"salt:/ppcmbe2/layer-1723-2#sTok25795";"no";"no";"you have no Right to do it .";"Right";"right";"";"1";"n/a";"l1";"layer-1723";"PROC TRIAL";"c";"a";"G";"riht";"Strong";"A-Stem";"N";"l1";"i_l1";"c_lmod"
"salt:/ppcmbe2/layer-1723-2#sTok26559";"every";"every";"*T*-2 is every Day done at the <font> Old Bailey";"Day";"day";"";"1";"n/a";"l1";"layer-1723";"PROC TRIAL";"c";"a";"G";"dæg";"Strong";"A-Stem";"M";"l1";"i_l1";"c_lmod"
"salt:/ppcmbe2/layer-1723-2#sTok31056";"several";"several";"at several other Days and Times";"Days";"day";"1";"";"n/a";"l1";"layer-1723";"PROC TRIAL";"c";"a";"G";"dæg";"Strong";"A-Stem";"M";"l1";"i_l1";"c_lmod"
"salt:/ppcmbe2/layer-1723-2#sTok31156";"several";"several";"at several other Days and Times";"Days";"day";"1";"";"n/a";"l1";"layer-1723";"PROC TRIAL";"c";"a";"G";"dæg";"Strong";"A-Stem";"M";"l1";"i_l1";"c_lmod"
"salt:/ppcmbe2/layer-1723-2#sTok31500";"several";"several";"the said <font> Christopher Layer , <$$font> to perfect his said Treason , on the said 25th Day of <font> August <$$font> , at <font> Layton-Stone <$$font> aforesaid maliciously and traiterously did raise , levy , and retain several Men , to the Jury unknown , to take up Arms and * levy War within this Kingdom , against our said Soveraign Lord the King";"Men";"man";"1";"";"n/a";"l1";"layer-1723";"PROC TRIAL";"c";"c";"G";"mann";"Weak";"Consonant-Stem";"M/N";"l1";"i_l1";"c_lmod"
"salt:/ppcmbe2/layer-1723-2#sTok32781";"several";"several";"of several Great Men";"Men";"man";"1";"";"n/a";"l1";"layer-1723";"PROC TRIAL";"c";"c";"G";"mann";"Weak";"Consonant-Stem";"M/N";"l1";"i_l1";"c_lmod"
"salt:/ppcmbe2/layer-1723-2#sTok35576";"several";"several";"and likewise *con* named the several other Great Men , hinted at * in the Scheme , whose Persons 0 *T*-1 were to be Seized , and of whom 0 he had made up his Collection *T*-2 in pursuance of the Plan ;";"Men";"man";"1";"";"n/a";"l1";"layer-1723";"PROC TRIAL";"c";"c";"G";"mann";"Weak";"Consonant-Stem";"M/N";"l1";"i_l1";"c_lmod"
"salt:/ppcmbe2/layer-1723-2#sTok36564";"all";"all";"They staid there all Night ,";"Night";"night";"";"1";"n/a";"l1";"layer-1723";"PROC TRIAL";"c";"a";"G";"niht";"Strong";"A-Stem";"N";"l1";"i_l1";"c_lmod"
"salt:/ppcmbe2/layer-1723-2#sTok39134";"some";"some";"Gentlemen , there are some other Matters and Papers , which 0 it will be proper *T*-2 to offer to your Consideration ;";"Matters";"matter";"1";"";"n/a";"l1";"layer-1723";"PROC TRIAL";"c";"s";"R";"";"";"";"";"l1";"i_l1";"c_lmod"
"salt:/ppcmbe2/layer-1723-2#sTok39731";"any";"any";"*T*-1 could any Man have expected from a Rebellion in the Heart of the Kingdom , but Plunder and Rapine , and Murder , a total Suspension of all Civil Right";"Man";"man";"";"1";"n/a";"l1";"layer-1723";"PROC TRIAL";"c";"c";"G";"mann";"Weak";"Consonant-Stem";"M/N";"l1";"i_l1";"c_lmod"
"salt:/ppcmbe2/layer-1723-2#sTok39757";"all";"all";"of all Civil Right";"Right";"right";"";"1";"n/a";"l1";"layer-1723";"PROC TRIAL";"c";"a";"G";"riht";"Strong";"A-Stem";"N";"l1";"i_l1";"c_lmod"
"salt:/ppcmbe2/layer-1723-2#sTok43543";"any";"any";"Can any Man imagine , if 0 there was nothing else 0 *T*-3 to explain them , that *ICH*-1 these Notes were there for nothing";"Man";"man";"";"1";"n/a";"l1";"layer-1723";"PROC TRIAL";"c";"c";"G";"mann";"Weak";"Consonant-Stem";"M/N";"l1";"i_l1";"c_lmod"
"salt:/ppcmbe2/layer-1723-2#sTok45578";"Every";"every";"Every Man is bound in Justice to give Evidence if required ,";"Man";"man";"";"1";"n/a";"l1";"layer-1723";"PROC TRIAL";"c";"c";"G";"mann";"Weak";"Consonant-Stem";"M/N";"l1";"i_l1";"c_lmod"
"salt:/ppcmbe2/layer-1723-2#sTok47140";"no";"no";"no Man ever yet made a Discovery but with the Hopes of Pardon";"Man";"man";"";"1";"n/a";"l1";"layer-1723";"PROC TRIAL";"c";"c";"G";"mann";"Weak";"Consonant-Stem";"M/N";"l1";"i_l1";"c_lmod"
"salt:/ppcmbe2/layer-1723-2#sTok47362";"any";"any";"to any Matter which 0 *T*-1 only affects his Credit , and *T*-1 is no Objection to his Competency";"Matter";"matter";"";"1";"n/a";"l1";"layer-1723";"PROC TRIAL";"c";"s";"R";"";"";"";"";"l1";"i_l1";"c_lmod"
"salt:/ppcmbe2/layer-1723-2#sTok48043";"several";"several";"several Years before";"Years";"year";"1";"";"n/a";"l1";"layer-1723";"PROC TRIAL";"c";"a";"G";"gear";"Strong";"A-Stem";"N";"l1";"i_l1";"c_lmod"
"salt:/ppcmbe2/layer-1723-2#sTok49051";"some";"some";"or some other great Man";"Man";"man";"";"1";"n/a";"l1";"layer-1723";"PROC TRIAL";"c";"c";"G";"mann";"Weak";"Consonant-Stem";"M/N";"l1";"i_l1";"c_lmod"
"salt:/ppcmbe2/layer-1723-2#sTok49177";"some";"some";"or some other great Man";"Man";"man";"";"1";"n/a";"l1";"layer-1723";"PROC TRIAL";"c";"c";"G";"mann";"Weak";"Consonant-Stem";"M/N";"l1";"i_l1";"c_lmod"
"salt:/ppcmbe2/layer-1723-2#sTok49714";"some";"some";"there was some great Man 0 that *T*-2 did not want Wit , Courage or Resolution , and *T*-2 was at the head of this Affair , who 0 *T*-3 wou'd at a proper time give me an Order to effect something further about it";"Man";"man";"";"1";"n/a";"l1";"layer-1723";"PROC TRIAL";"c";"c";"G";"mann";"Weak";"Consonant-Stem";"M/N";"l1";"i_l1";"c_lmod"
"salt:/ppcmbe2/layer-1723-2#sTok54019";"all";"all";"We staid there all Night ,";"Night";"night";"";"1";"n/a";"l1";"layer-1723";"PROC TRIAL";"c";"a";"G";"niht";"Strong";"A-Stem";"N";"l1";"i_l1";"c_lmod"
"salt:/ppcmbe2/layer-1723-2#sTok54137";"any";"any";"<font> Lynch . <$$font> I $do $n't {TEXT:don't} remember any other Name but <font> My Lord . <$$font>";"Name";"name";"";"1";"n/a";"l1";"layer-1723";"PROC TRIAL";"c";"a";"G";"nama";"Weak";"N-Stem";"M";"l1";"i_l1";"c_lmod"
"salt:/ppcmbe2/layer-1723-2#sTok54175";"any";"any";"in any other manner";"manner";"manner";"";"1";"n/a";"l1";"layer-1723";"PROC TRIAL";"u";"a";"R";"";"";"";"";"l1";"i_l1";"c_lmod"
"salt:/ppcmbe2/layer-1723-2#sTok55991";"every";"every";"*T*-1 every Day I saw him";"Day";"day";"";"1";"n/a";"l1";"layer-1723";"PROC TRIAL";"c";"a";"G";"dæg";"Strong";"A-Stem";"M";"l1";"i_l1";"c_lmod"
"salt:/ppcmbe2/layer-1723-2#sTok56039";"every";"every";"I ask'd every Day when 0 *T*-4 I should be introduced to him";"Day";"day";"";"1";"n/a";"l1";"layer-1723";"PROC TRIAL";"c";"a";"G";"dæg";"Strong";"A-Stem";"M";"l1";"i_l1";"c_lmod"
"salt:/ppcmbe2/layer-1723-2#sTok56149";"several";"several";"several Years ago";"Years";"year";"1";"";"n/a";"l1";"layer-1723";"PROC TRIAL";"c";"a";"G";"gear";"Strong";"A-Stem";"N";"l1";"i_l1";"c_lmod"
"salt:/ppcmbe2/layer-1723-2#sTok58727";"No";"no";"No matter";"matter";"matter";"";"1";"n/a";"l1";"layer-1723";"PROC TRIAL";"c";"s";"R";"";"";"";"";"l1";"i_l1";"c_lmod"
"salt:/ppcmbe2/layer-1723-2#sTok61568";"many";"many";"*T*-1 had been in the Service many Years";"Years";"year";"1";"";"n/a";"l1";"layer-1723";"PROC TRIAL";"c";"a";"G";"gear";"Strong";"A-Stem";"N";"l1";"i_l1";"c_lmod"
"salt:/ppcmbe2/leathes-1913-2#sTok2104";"all";"all";"but even a good system derives all its virtue from the persons who 0 *T*-1 work it .";"virtue";"virtue";"";"1";"Leathes, Stanley";"l4";"leathes-1913";"EDUC TREAT";"u";"a";"R";"";"";"";"";"l4";"l_l4";"c_lmod"
"salt:/ppcmbe2/leathes-1913-2#sTok2326";"many";"many";"for many years";"years";"year";"1";"";"Leathes, Stanley";"l4";"leathes-1913";"EDUC TREAT";"c";"a";"G";"gear";"Strong";"A-Stem";"N";"l4";"l_l4";"c_lmod"
"salt:/ppcmbe2/leathes-1913-2#sTok3504";"all";"all";"in all the lesson work of schools";"work";"work";"";"1";"Leathes, Stanley";"l4";"leathes-1913";"EDUC TREAT";"u";"a";"G";"weorc";"Strong";"A-Stem";"N";"l4";"l_l4";"c_lmod"
"salt:/ppcmbe2/leathes-1913-2#sTok5317";"Every";"every";"Every matter which 0 *T*-1 is worth understanding at all must be approached by many different trains of reasoning .";"matter";"matter";"";"1";"Leathes, Stanley";"l4";"leathes-1913";"EDUC TREAT";"c";"s";"R";"";"";"";"";"l4";"l_l4";"c_lmod"
"salt:/ppcmbe2/leathes-1913-2#sTok6076";"no";"no";"in education at any rate , Mathematics have no fruit , unless 0 their bearing upon the practical things of life is made *-2 clear";"fruit";"fruit";"";"1";"Leathes, Stanley";"l4";"leathes-1913";"EDUC TREAT";"c";"s";"R";"";"";"";"";"l4";"l_l4";"c_lmod"
"salt:/ppcmbe2/leathes-1913-2#sTok6173";"many";"many";"many years afterwards";"years";"year";"1";"";"Leathes, Stanley";"l4";"leathes-1913";"EDUC TREAT";"c";"a";"G";"gear";"Strong";"A-Stem";"N";"l4";"l_l4";"c_lmod"
"salt:/ppcmbe2/leathes-1913-2#sTok6590";"all";"all";"and all the motley folk who 0 *T*-1 have been , first and last , poured into that ancient bottle";"folk";"folk";"1";"";"Leathes, Stanley";"l4";"leathes-1913";"EDUC TREAT";"u";"c";"G";"folc";"Strong";"A-Stem";"N";"l4";"l_l4";"c_lmod"
"salt:/ppcmbe2/leathes-1913-2#sTok9114";"all";"all";"all men of learning recognised a <P_29> common duty to education";"men";"man";"1";"";"Leathes, Stanley";"l4";"leathes-1913";"EDUC TREAT";"c";"c";"G";"mann";"Weak";"Consonant-Stem";"M/N";"l4";"l_l4";"c_lmod"
"salt:/ppcmbe2/leathes-1913-2#sTok9560";"any";"any";"of any conspicuous man";"man";"man";"";"1";"Leathes, Stanley";"l4";"leathes-1913";"EDUC TREAT";"c";"c";"G";"mann";"Weak";"Consonant-Stem";"M/N";"l4";"l_l4";"c_lmod"
"salt:/ppcmbe2/leathes-1913-2#sTok10179";"all";"all";"of all sensible men";"men";"man";"1";"";"Leathes, Stanley";"l4";"leathes-1913";"EDUC TREAT";"c";"c";"G";"mann";"Weak";"Consonant-Stem";"M/N";"l4";"l_l4";"c_lmod"
"salt:/ppcmbe2/leathes-1913-2#sTok11430";"every";"every";"every tree";"tree";"tree";"";"1";"Leathes, Stanley";"l4";"leathes-1913";"EDUC TREAT";"c";"c";"G";"treow";"Strong";"A-Stem";"N";"l4";"l_l4";"c_lmod"
"salt:/ppcmbe2/lefevre-1843-2#sTok1062";"some";"some";"I could find some good folks at home who 0 *T*-1 would take me in their suite";"folks";"folk";"1";"";"Lefevre, George William, Sir";"l3";"lefevre-1843";"BIOGR AUTO";"u";"c";"G";"folc";"Strong";"A-Stem";"N";"l3";"k_l3";"c_lmod"
"salt:/ppcmbe2/lefevre-1843-2#sTok2331";"no";"no";"Dr. C- could find no gold in strawberry roots ;";"gold";"gold";"";"1";"Lefevre, George William, Sir";"l3";"lefevre-1843";"BIOGR AUTO";"u";"s";"G";"gold";"Strong";"A-Stem";"N";"l3";"k_l3";"c_lmod"
"salt:/ppcmbe2/lefevre-1843-2#sTok3898";"both";"both";"cocking both eyes";"eyes";"eye";"1";"";"Lefevre, George William, Sir";"l3";"lefevre-1843";"BIOGR AUTO";"c";"c";"G";"eage";"Strong";"A-Stem";"M";"l3";"k_l3";"c_lmod"
"salt:/ppcmbe2/liddon-1889-2#sTok6158";"Some";"some";"Some men appear to think that a single power of the soul may be told off , like a domestic servant or a soldier , when sent on a particular errand , to discharge the duty of praise .";"men";"man";"1";"";"Liddell, Henry Parry";"l4";"liddon-1889";"SERMON";"c";"c";"G";"mann";"Weak";"Consonant-Stem";"M/N";"l4";"l_l4";"c_lmod"
"salt:/ppcmbe2/liddon-1889-2#sTok7138";"many";"many";"by many other names";"names";"name";"1";"";"Liddell, Henry Parry";"l4";"liddon-1889";"SERMON";"c";"a";"G";"nama";"Weak";"N-Stem";"M";"l4";"l_l4";"c_lmod"
"salt:/ppcmbe2/liddon-1889-2#sTok7899";"every";"every";"*T*-2 every <P_31> creature is manifest";"creature";"creature";"";"1";"Liddell, Henry Parry";"l4";"liddon-1889";"SERMON";"c";"c";"R";"";"";"";"";"l4";"l_l4";"c_lmod"
"salt:/ppcmbe2/liddon-1889-2#sTok8193";"no";"no";"*T*-2 could plead no personal rights in arrest of His Will";"rights";"right";"1";"";"Liddell, Henry Parry";"l4";"liddon-1889";"SERMON";"c";"a";"G";"riht";"Strong";"A-Stem";"N";"l4";"l_l4";"c_lmod"
"salt:/ppcmbe2/liddon-1889-2#sTok10357";"any";"any";"It is not any grace or excellence peculiar to her mind or character .";"grace";"grace";"";"1";"Liddell, Henry Parry";"l4";"liddon-1889";"SERMON";"u";"a";"R";"";"";"";"";"l4";"l_l4";"c_lmod"
"salt:/ppcmbe2/liddon-1889-2#sTok11100";"all";"all";"with all His creatures";"creatures";"creature";"1";"";"Liddell, Henry Parry";"l4";"liddon-1889";"SERMON";"c";"c";"R";"";"";"";"";"l4";"l_l4";"c_lmod"
"salt:/ppcmbe2/liddon-1889-2#sTok11201";"all";"all";"with all his brethren";"brethren";"brother";"1";"";"Liddell, Henry Parry";"l4";"liddon-1889";"SERMON";"c";"c";"G";"broþor";"Irregular";"Stem in -r";"M";"l4";"l_l4";"c_lmod"
"salt:/ppcmbe2/lind-1753-1#sTok749";"every";"every";"every other day or so";"day";"day";"";"1";"Lind, James";"l1";"lind-1753";"SCIENCE MEDICINE";"c";"a";"G";"dæg";"Strong";"A-Stem";"M";"l1";"i_l1";"c_lmod"
"salt:/ppcmbe2/lind-1753-1#sTok764";"some";"some";"adding some diuretic salts";"salts";"salt";"1";"";"Lind, James";"l1";"lind-1753";"SCIENCE MEDICINE";"u";"s";"G";"sealt";"Strong";"A-Stem";"N";"l1";"i_l1";"c_lmod"
"salt:/ppcmbe2/lind-1753-1#sTok3805";"some";"some";"of some light steel mineral water";"water";"water";"";"1";"Lind, James";"l1";"lind-1753";"SCIENCE MEDICINE";"u";"s";"G";"wæter";"Strong";"A-Stem";"N";"l1";"i_l1";"c_lmod"
"salt:/ppcmbe2/lind-1753-1#sTok4129";"every";"every";"A bottle of decoction of the woods must be drank every day at the same time .";"day";"day";"";"1";"Lind, James";"l1";"lind-1753";"SCIENCE MEDICINE";"c";"a";"G";"dæg";"Strong";"A-Stem";"M";"l1";"i_l1";"c_lmod"
"salt:/ppcmbe2/lind-1753-1#sTok5715";"few";"few";"for a few days";"days";"day";"1";"";"Lind, James";"l1";"lind-1753";"SCIENCE MEDICINE";"c";"a";"G";"dæg";"Strong";"A-Stem";"M";"l1";"i_l1";"c_lmod"
"salt:/ppcmbe2/lind-1753-1#sTok6342";"all";"all";"of <P_273> all substances";"substances";"substance";"1";"";"Lind, James";"l1";"lind-1753";"SCIENCE MEDICINE";"c";"s";"R";"";"";"";"";"l1";"i_l1";"c_lmod"
"salt:/ppcmbe2/lind-1753-1#sTok9175";"All";"all";"All animal substances have naturally a tendency to corruption in too moist an air .";"substances";"substance";"1";"";"Lind, James";"l1";"lind-1753";"SCIENCE MEDICINE";"c";"s";"R";"";"";"";"";"l1";"i_l1";"c_lmod"
"salt:/ppcmbe2/lingard-1823-2#sTok1325";"no";"no";"on catholic principles , Elizabeth had no \" hereditary right to the crown";"right";"right";"";"1";"Lingard, John";"l3";"";"HISTORY";"c";"a";"G";"riht";"Strong";"A-Stem";"N";"l3";"k_l3";"c_lmod"
"salt:/ppcmbe2/lingard-1823-2#sTok1463";"all";"all";"1=o=. to forbid all manner of sermons , that the preachers might not excite their hearers to resistance";"manner";"manner";"";"1";"Lingard, John";"l3";"";"HISTORY";"u";"a";"R";"";"";"";"";"l3";"k_l3";"c_lmod"
"salt:/ppcmbe2/lingard-1823-2#sTok3679";"each";"each";"on each day";"day";"day";"";"1";"Lingard, John";"l3";"";"HISTORY";"c";"a";"G";"dæg";"Strong";"A-Stem";"M";"l3";"k_l3";"c_lmod"
"salt:/ppcmbe2/lingard-1823-2#sTok5109";"all";"all";"if 0 Henry , or the king and queen of Scotland , should make any attempt *ICH*-4 by arms directly or indirectly against the territories or subjects of Elizabeth ; or Elizabeth against the territories or subjects of the other contracting parties , the former should from that moment forfeit all right to the retention";"right";"right";"";"1";"Lingard, John";"l3";"";"HISTORY";"c";"a";"G";"riht";"Strong";"A-Stem";"N";"l3";"k_l3";"c_lmod"
"salt:/ppcmbe2/lingard-1823-2#sTok6935";"many";"many";"for many years";"years";"year";"1";"";"Lingard, John";"l3";"";"HISTORY";"c";"a";"G";"gear";"Strong";"A-Stem";"N";"l3";"k_l3";"c_lmod"
"salt:/ppcmbe2/lingard-1823-2#sTok7346";"No";"no";"No blood was shed .";"blood";"blood";"";"1";"Lingard, John";"l3";"";"HISTORY";"u";"s";"G";"blod";"Strong";"A-Stem";"N";"l3";"k_l3";"c_lmod"
"salt:/ppcmbe2/lingard-1823-2#sTok7595";"some";"some";"For some days";"days";"day";"1";"";"Lingard, John";"l3";"";"HISTORY";"c";"a";"G";"dæg";"Strong";"A-Stem";"M";"l3";"k_l3";"c_lmod"
"salt:/ppcmbe2/lingard-1823-2#sTok7930";"no";"no";"a foreign power had no right *T*-1 to interfere";"right";"right";"";"1";"Lingard, John";"l3";"";"HISTORY";"c";"a";"G";"riht";"Strong";"A-Stem";"N";"l3";"k_l3";"c_lmod"
"salt:/ppcmbe2/long-1866-1#sTok177";"some";"some";"in some matters";"matters";"matter";"1";"";"Long, George";"l4";"long-1866";"HISTORY";"c";"s";"R";"";"";"";"";"l4";"l_l4";"c_lmod"
"salt:/ppcmbe2/long-1866-1#sTok468";"many";"many";"When 0 the senate had passed the decree that no ally of the Romans should be kept in slavery and that the governors of the provinces should look after this matter , the governor of Sicily P. Licinius Nerva released many men from servitude after inquiring into their case .";"men";"man";"1";"";"Long, George";"l4";"long-1866";"HISTORY";"c";"c";"G";"mann";"Weak";"Consonant-Stem";"M/N";"l4";"l_l4";"c_lmod"
"salt:/ppcmbe2/long-1866-1#sTok481";"few";"few";"In a few days";"days";"day";"1";"";"Long, George";"l4";"long-1866";"HISTORY";"c";"a";"G";"dæg";"Strong";"A-Stem";"M";"l4";"l_l4";"c_lmod"
"salt:/ppcmbe2/long-1866-1#sTok972";"many";"many";"He had killed many free men ,";"men";"man";"1";"";"Long, George";"l4";"long-1866";"HISTORY";"c";"c";"G";"mann";"Weak";"Consonant-Stem";"M/N";"l4";"l_l4";"c_lmod"
"salt:/ppcmbe2/long-1866-1#sTok1405";"few";"few";"in a few days";"days";"day";"1";"";"Long, George";"l4";"long-1866";"HISTORY";"c";"a";"G";"dæg";"Strong";"A-Stem";"M";"l4";"l_l4";"c_lmod"
"salt:/ppcmbe2/long-1866-1#sTok1688";"no";"no";"no enemy should be killed , if 0 he threw down his arms";"enemy";"enemy";"";"1";"Long, George";"l4";"long-1866";"HISTORY";"c";"c";"R";"";"";"";"";"l4";"l_l4";"c_lmod"
"salt:/ppcmbe2/long-1866-1#sTok1770";"all";"all";"of all the open country";"country";"country";"";"1";"Long, George";"l4";"long-1866";"HISTORY";"c";"c";"R";"";"";"";"";"l4";"l_l4";"c_lmod"
"salt:/ppcmbe2/long-1866-1#sTok2356";"every";"every";"and every man did just what 0 *T*-1 he liked .";"man";"man";"";"1";"Long, George";"l4";"long-1866";"HISTORY";"c";"c";"G";"mann";"Weak";"Consonant-Stem";"M/N";"l4";"l_l4";"c_lmod"
"salt:/ppcmbe2/long-1866-1#sTok2418";"all";"all";"of all the lands of their former masters , whose bad treatment 0 *T*-1 they did not forget";"lands";"land";"1";"";"Long, George";"l4";"long-1866";"HISTORY";"u";"a";"G";"land";"Strong";"A-Stem";"N";"l4";"l_l4";"c_lmod"
"salt:/ppcmbe2/long-1866-1#sTok5641";"all";"all";"and by his own inquiry and care he settled all disputed matters in which 0 *T*-1 they were interested ,";"matters";"matter";"1";"";"Long, George";"l4";"long-1866";"HISTORY";"c";"s";"R";"";"";"";"";"l4";"l_l4";"c_lmod"
"salt:/ppcmbe2/long-1866-1#sTok7998";"all";"all";"When 0 he spoke , he had all his matter at command ,";"matter";"matter";"";"1";"Long, George";"l4";"long-1866";"HISTORY";"c";"s";"R";"";"";"";"";"l4";"l_l4";"c_lmod"
"salt:/ppcmbe2/long-1866-1#sTok8455";"few";"few";"a few years before";"years";"year";"1";"";"Long, George";"l4";"long-1866";"HISTORY";"c";"a";"G";"gear";"Strong";"A-Stem";"N";"l4";"l_l4";"c_lmod"
"salt:/ppcmbe2/long-1866-1#sTok8534";"any";"any";"or any other right which 0 *T*-4 comes under the head of Servitus";"right";"right";"";"1";"Long, George";"l4";"long-1866";"HISTORY";"c";"a";"G";"riht";"Strong";"A-Stem";"N";"l4";"l_l4";"c_lmod"
"salt:/ppcmbe2/loudon-1806-2#sTok848";"every";"every";"sowing a certain portion every year with corn and grass seeds , letting it remain under the last for three or more years , and then breaking it up again";"year";"year";"";"1";"Loudon, John Claudius";"l2";"loudon-1806";"HANDB OTHER";"c";"a";"G";"gear";"Strong";"A-Stem";"N";"l2";"j_l2";"c_lmod"
"salt:/ppcmbe2/loudon-1806-2#sTok981";"every";"every";"this will consequently afford so much fresh soil *ICH*-1 every year , upon which 0 *T*-2 such crops as 0 0 *T*-4 answer best on new land , as onions , carrots , and indeed most garden crops , may be raised .";"year";"year";"";"1";"Loudon, John Claudius";"l2";"loudon-1806";"HANDB OTHER";"c";"a";"G";"gear";"Strong";"A-Stem";"N";"l2";"j_l2";"c_lmod"
"salt:/ppcmbe2/loudon-1806-2#sTok1081";"every";"every";"*T*-1 a large portion of fresh surface soil would every year be obtained";"year";"year";"";"1";"Loudon, John Claudius";"l2";"loudon-1806";"HANDB OTHER";"c";"a";"G";"gear";"Strong";"A-Stem";"N";"l2";"j_l2";"c_lmod"
"salt:/ppcmbe2/loudon-1806-2#sTok1856";"several";"several";"for several years";"years";"year";"1";"";"Loudon, John Claudius";"l2";"loudon-1806";"HANDB OTHER";"c";"a";"G";"gear";"Strong";"A-Stem";"N";"l2";"j_l2";"c_lmod"
"salt:/ppcmbe2/loudon-1806-2#sTok3125";"any";"any";"taking up any tree which 0 *T*-5 has been frequently removed";"tree";"tree";"";"1";"Loudon, John Claudius";"l2";"loudon-1806";"HANDB OTHER";"c";"c";"G";"treow";"Strong";"A-Stem";"N";"l2";"j_l2";"c_lmod"
"salt:/ppcmbe2/loudon-1806-2#sTok3293";"Some";"some";"Some trees *ICH*-2 require most of their young wood to be cut off , as the currant";"trees";"tree";"1";"";"Loudon, John Claudius";"l2";"loudon-1806";"HANDB OTHER";"c";"c";"G";"treow";"Strong";"A-Stem";"N";"l2";"j_l2";"c_lmod"
"salt:/ppcmbe2/loudon-1806-2#sTok4194";"every";"every";"and every year those branches so turned down have borne immense quantities of fruit ,";"year";"year";"";"1";"Loudon, John Claudius";"l2";"loudon-1806";"HANDB OTHER";"c";"a";"G";"gear";"Strong";"A-Stem";"N";"l2";"j_l2";"c_lmod"
"salt:/ppcmbe2/loudon-1806-2#sTok4808";"every";"every";"Manure used in agriculture doubles itself every year ; whereas 0 that used in gardens makes scarcely any returns :";"year";"year";"";"1";"Loudon, John Claudius";"l2";"loudon-1806";"HANDB OTHER";"c";"a";"G";"gear";"Strong";"A-Stem";"N";"l2";"j_l2";"c_lmod"
"salt:/ppcmbe2/loudon-1806-2#sTok5005";"every";"every";"In all well regulated home or family farms there is every year a certain portion of ground allotted for turnips , potatoes , or other drill crops ;";"year";"year";"";"1";"Loudon, John Claudius";"l2";"loudon-1806";"HANDB OTHER";"c";"a";"G";"gear";"Strong";"A-Stem";"N";"l2";"j_l2";"c_lmod"
"salt:/ppcmbe2/loudon-1806-2#sTok6193";"all";"all";"*T*-1 I comprehend all unfastened trees";"trees";"tree";"1";"";"Loudon, John Claudius";"l2";"loudon-1806";"HANDB OTHER";"c";"c";"G";"treow";"Strong";"A-Stem";"N";"l2";"j_l2";"c_lmod"
"salt:/ppcmbe2/loudon-1806-2#sTok6364";"every";"every";"In this way , when 0 a new garden was made , a tolerable supply of fruit might be had every year after the third ; it being well known , that apples on paradise stocks , and pears on quince stocks , will frequently bear the second year after grafting , and very generally the third :";"year";"year";"";"1";"Loudon, John Claudius";"l2";"loudon-1806";"HANDB OTHER";"c";"a";"G";"gear";"Strong";"A-Stem";"N";"l2";"j_l2";"c_lmod"
"salt:/ppcmbe2/loudon-1806-2#sTok8171";"every";"every";"once every year";"year";"year";"";"1";"Loudon, John Claudius";"l2";"loudon-1806";"HANDB OTHER";"c";"a";"G";"gear";"Strong";"A-Stem";"N";"l2";"j_l2";"c_lmod"
"salt:/ppcmbe2/loudon-1806-2#sTok8185";"several";"several";"for several years";"years";"year";"1";"";"Loudon, John Claudius";"l2";"loudon-1806";"HANDB OTHER";"c";"a";"G";"gear";"Strong";"A-Stem";"N";"l2";"j_l2";"c_lmod"
"salt:/ppcmbe2/loudon-1806-2#sTok8479";"some";"some";"*-1 to last some years";"years";"year";"1";"";"Loudon, John Claudius";"l2";"loudon-1806";"HANDB OTHER";"c";"a";"G";"gear";"Strong";"A-Stem";"N";"l2";"j_l2";"c_lmod"
"salt:/ppcmbe2/loudon-1806-2#sTok8692";"some";"some";"during some years afterwards";"years";"year";"1";"";"Loudon, John Claudius";"l2";"loudon-1806";"HANDB OTHER";"c";"a";"G";"gear";"Strong";"A-Stem";"N";"l2";"j_l2";"c_lmod"
"salt:/ppcmbe2/loudon-1806-2#sTok8998";"few";"few";"within these few years past";"years";"year";"1";"";"Loudon, John Claudius";"l2";"loudon-1806";"HANDB OTHER";"c";"a";"G";"gear";"Strong";"A-Stem";"N";"l2";"j_l2";"c_lmod"
"salt:/ppcmbe2/loudon-1806-2#sTok9201";"several";"several";"in the several books of designs 0 that *T*-2 have been published";"books";"book";"1";"";"Loudon, John Claudius";"l2";"loudon-1806";"HANDB OTHER";"c";"c";"G";"boc";"Weak";"Consonant-Stem";"F";"l2";"j_l2";"c_lmod"
"salt:/ppcmbe2/loudon-1806-2#sTok11123";"some";"some";"in some particular houses where 0 *T*-1 a good deal of room could be obtained";"houses";"house";"1";"";"Loudon, John Claudius";"l2";"loudon-1806";"HANDB OTHER";"c";"c";"G";"hus";"Strong";"A-Stem";"N";"l2";"j_l2";"c_lmod"
"salt:/ppcmbe2/lyell-1830-1#sTok694";"several";"several";"for several thousand years";"years";"year";"1";"";"Lyell, Charles";"l3";"lyell-1830";"SCIENCE OTHER";"c";"a";"G";"gear";"Strong";"A-Stem";"N";"l3";"k_l3";"c_lmod"
"salt:/ppcmbe2/lyell-1830-1#sTok1365";"some";"some";"by some <font> plastic virtue <$$font> residing in the interior of the earth";"virtue";"virtue";"";"1";"Lyell, Charles";"l3";"lyell-1830";"SCIENCE OTHER";"u";"a";"R";"";"";"";"";"l3";"k_l3";"c_lmod"
"salt:/ppcmbe2/lyell-1830-1#sTok2984";"every";"every";"every year some new igneous rocks are produced in the bowels of the earth";"year";"year";"";"1";"Lyell, Charles";"l3";"lyell-1830";"SCIENCE OTHER";"c";"a";"G";"gear";"Strong";"A-Stem";"N";"l3";"k_l3";"c_lmod"
"salt:/ppcmbe2/lyell-1830-1#sTok3810";"Every";"every";"Every year some part of them are broken and shattered by earthquakes";"year";"year";"";"1";"Lyell, Charles";"l3";"lyell-1830";"SCIENCE OTHER";"c";"a";"G";"gear";"Strong";"A-Stem";"N";"l3";"k_l3";"c_lmod"
"salt:/ppcmbe2/lyell-1830-1#sTok6829";"no";"no";"If 0 it could have been shown , that a certain combination of circumstances would at some future period produce a crisis in the subterranean action , we should certainly have had no right to oppose our experience for the last three thousand years as an argument against the probability of such occurrences in past ages ;";"right";"right";"";"1";"Lyell, Charles";"l3";"lyell-1830";"SCIENCE OTHER";"c";"a";"G";"riht";"Strong";"A-Stem";"N";"l3";"k_l3";"c_lmod"
"salt:/ppcmbe2/macaulay-1833-2#sTok359";"several";"several";"during several years";"years";"year";"1";"";"Thomas Babington Macaulay, baron Macaulay";"l3";"macaulay-1833";"HISTORY";"c";"a";"G";"gear";"Strong";"A-Stem";"N";"l3";"k_l3";"c_lmod"
"salt:/ppcmbe2/macaulay-1833-2#sTok626";"All";"all";"All the gold of the West , and all the spices of the East";"gold";"gold";"";"1";"Thomas Babington Macaulay, baron Macaulay";"l3";"macaulay-1833";"HISTORY";"u";"s";"G";"gold";"Strong";"A-Stem";"N";"l3";"k_l3";"c_lmod"
"salt:/ppcmbe2/macaulay-1833-2#sTok650";"many";"many";"During many years of war";"years";"year";"1";"";"Thomas Babington Macaulay, baron Macaulay";"l3";"macaulay-1833";"HISTORY";"c";"a";"G";"gear";"Strong";"A-Stem";"N";"l3";"k_l3";"c_lmod"
"salt:/ppcmbe2/macaulay-1833-2#sTok1146";"every";"every";"*T*-3 it was every day necessary to meet by some new expedient the varying tactics of a barbarous enemy";"day";"day";"";"1";"Thomas Babington Macaulay, baron Macaulay";"l3";"macaulay-1833";"HISTORY";"c";"a";"G";"dæg";"Strong";"A-Stem";"M";"l3";"k_l3";"c_lmod"
"salt:/ppcmbe2/macaulay-1833-2#sTok2497";"every";"every";"Bravoes and discarded serving-men , with swords at their sides , swaggered every day through the most public streets and squares of the capital , disturbing the public peace , and setting at defiance the ministers of justice .";"day";"day";"";"1";"Thomas Babington Macaulay, baron Macaulay";"l3";"macaulay-1833";"HISTORY";"c";"a";"G";"dæg";"Strong";"A-Stem";"M";"l3";"k_l3";"c_lmod"
"salt:/ppcmbe2/macaulay-1833-2#sTok3541";"some";"some";"with some temporary evil";"evil";"evil";"";"1";"Thomas Babington Macaulay, baron Macaulay";"l3";"macaulay-1833";"HISTORY";"u";"a";"G";"yfel";"Strong";"A-Stem";"N";"l3";"k_l3";"c_lmod"
"salt:/ppcmbe2/macaulay-1833-2#sTok3807";"all";"all";"to all neighbouring countries";"countries";"country";"1";"";"Thomas Babington Macaulay, baron Macaulay";"l3";"macaulay-1833";"HISTORY";"c";"c";"R";"";"";"";"";"l3";"k_l3";"c_lmod"
"salt:/ppcmbe2/macaulay-1833-2#sTok4807";"some";"some";"some years later";"years";"year";"1";"";"Thomas Babington Macaulay, baron Macaulay";"l3";"macaulay-1833";"HISTORY";"c";"a";"G";"gear";"Strong";"A-Stem";"N";"l3";"k_l3";"c_lmod"
"salt:/ppcmbe2/macaulay-1833-2#sTok5291";"many";"many";"during many years";"years";"year";"1";"";"Thomas Babington Macaulay, baron Macaulay";"l3";"macaulay-1833";"HISTORY";"c";"a";"G";"gear";"Strong";"A-Stem";"N";"l3";"k_l3";"c_lmod"
"salt:/ppcmbe2/macaulay-1833-2#sTok6267";"every";"every";"the Austrian ambassador , a surly , pompous , niggardly German , made himself and his country more and more unpopular every day";"day";"day";"";"1";"Thomas Babington Macaulay, baron Macaulay";"l3";"macaulay-1833";"HISTORY";"c";"a";"G";"dæg";"Strong";"A-Stem";"M";"l3";"k_l3";"c_lmod"
"salt:/ppcmbe2/macaulay-1833-2#sTok6427";"no";"no";"no man dared *T*-3 to approach";"man";"man";"";"1";"Thomas Babington Macaulay, baron Macaulay";"l3";"macaulay-1833";"HISTORY";"c";"c";"G";"mann";"Weak";"Consonant-Stem";"M/N";"l3";"k_l3";"c_lmod"
"salt:/ppcmbe2/macaulay-1833-2#sTok9686";"several";"several";"through several years";"years";"year";"1";"";"Thomas Babington Macaulay, baron Macaulay";"l3";"macaulay-1833";"HISTORY";"c";"a";"G";"gear";"Strong";"A-Stem";"N";"l3";"k_l3";"c_lmod"
"salt:/ppcmbe2/macaulay-1833-2#sTok10183";"all";"all";"The King sate {COM:sic} eating and drinking all night ,";"night";"night";"";"1";"Thomas Babington Macaulay, baron Macaulay";"l3";"macaulay-1833";"HISTORY";"c";"a";"G";"niht";"Strong";"A-Stem";"N";"l3";"k_l3";"c_lmod"
"salt:/ppcmbe2/macaulay-1833-2#sTok10191";"all";"all";"*con* lay in bed all day ,";"day";"day";"";"1";"Thomas Babington Macaulay, baron Macaulay";"l3";"macaulay-1833";"HISTORY";"c";"a";"G";"dæg";"Strong";"A-Stem";"M";"l3";"k_l3";"c_lmod"
"salt:/ppcmbe2/macaulay-1843-2#sTok4";"many";"many";"many years before her birth";"years";"year";"1";"";"Thomas Babington Macaulay, baron Macaulay";"l3";"macaulay-1843";"BIOGR OTHER";"c";"a";"G";"gear";"Strong";"A-Stem";"N";"l3";"k_l3";"c_lmod"
"salt:/ppcmbe2/macaulay-1843-2#sTok96";"all";"all";"to all the lands of the family";"lands";"land";"1";"";"Thomas Babington Macaulay, baron Macaulay";"l3";"macaulay-1843";"BIOGR OTHER";"u";"a";"G";"land";"Strong";"A-Stem";"N";"l3";"k_l3";"c_lmod"
"salt:/ppcmbe2/macaulay-1843-2#sTok317";"all";"all";"all the virtues and all the vices";"virtues";"virtue";"1";"";"Thomas Babington Macaulay, baron Macaulay";"l3";"macaulay-1843";"BIOGR OTHER";"u";"a";"R";"";"";"";"";"l3";"k_l3";"c_lmod"
"salt:/ppcmbe2/macaulay-1843-2#sTok871";"all";"all";"His professional engagements occupied him all day .";"day";"day";"";"1";"Thomas Babington Macaulay, baron Macaulay";"l3";"macaulay-1843";"BIOGR OTHER";"c";"a";"G";"dæg";"Strong";"A-Stem";"M";"l3";"k_l3";"c_lmod"
"salt:/ppcmbe2/macaulay-1843-2#sTok1790";"all";"all";"of all the men of letters and artists whom 0 Frances Burney had an opportunity of *T*-2 seeing and hearing";"men";"man";"1";"";"Thomas Babington Macaulay, baron Macaulay";"l3";"macaulay-1843";"BIOGR OTHER";"c";"c";"G";"mann";"Weak";"Consonant-Stem";"M/N";"l3";"k_l3";"c_lmod"
"salt:/ppcmbe2/macaulay-1843-2#sTok3230";"no";"no";"no man *ICH*-3 ever made an ill figure who 0 *T*-2 understood his own talents";"man";"man";"";"1";"Thomas Babington Macaulay, baron Macaulay";"l3";"macaulay-1843";"BIOGR OTHER";"c";"c";"G";"mann";"Weak";"Consonant-Stem";"M/N";"l3";"k_l3";"c_lmod"
"salt:/ppcmbe2/macaulay-1843-2#sTok3258";"Every";"every";"Every day brings with it fresh illustrations of this weighty saying ;";"day";"day";"";"1";"Thomas Babington Macaulay, baron Macaulay";"l3";"macaulay-1843";"BIOGR OTHER";"c";"a";"G";"dæg";"Strong";"A-Stem";"M";"l3";"k_l3";"c_lmod"
"salt:/ppcmbe2/macaulay-1843-2#sTok6609";"no";"no";"Her father's inexcusable neglect of his duty happily caused her no worse evil than the loss of twelve or fifteen hundred pounds .";"evil";"evil";"";"1";"Thomas Babington Macaulay, baron Macaulay";"l3";"macaulay-1843";"BIOGR OTHER";"u";"a";"G";"yfel";"Strong";"A-Stem";"N";"l3";"k_l3";"c_lmod"
"salt:/ppcmbe2/macaulay-1843-2#sTok6651";"Some";"some";"Some days passed before 0 anything was heard of the book .";"days";"day";"1";"";"Thomas Babington Macaulay, baron Macaulay";"l3";"macaulay-1843";"BIOGR OTHER";"c";"a";"G";"dæg";"Strong";"A-Stem";"M";"l3";"k_l3";"c_lmod"
"salt:/ppcmbe2/macaulay-1843-2#sTok8433";"any";"any";"as any man of his time";"man";"man";"";"1";"Thomas Babington Macaulay, baron Macaulay";"l3";"macaulay-1843";"BIOGR OTHER";"c";"c";"G";"mann";"Weak";"Consonant-Stem";"M/N";"l3";"k_l3";"c_lmod"
"salt:/ppcmbe2/macaulay-1849-2#sTok631";"no";"no";"In no other country";"country";"country";"";"1";"Thomas Babington Macaulay, baron Macaulay";"l3";"macaulay-1849";"HISTORY";"c";"c";"R";"";"";"";"";"l3";"k_l3";"c_lmod"
"salt:/ppcmbe2/macaulay-1849-2#sTok849";"any";"any";"of any man who 0 *T*-1 could by diligence and thrift realise a good estate , or who 0 *T*-2 could attract notice by his valour in a battle or a siege";"man";"man";"";"1";"Thomas Babington Macaulay, baron Macaulay";"l3";"macaulay-1849";"HISTORY";"c";"c";"G";"mann";"Weak";"Consonant-Stem";"M/N";"l3";"k_l3";"c_lmod"
"salt:/ppcmbe2/macaulay-1849-2#sTok1097";"some";"some";"in some other countries";"countries";"country";"1";"";"Thomas Babington Macaulay, baron Macaulay";"l3";"macaulay-1849";"HISTORY";"c";"c";"R";"";"";"";"";"l3";"k_l3";"c_lmod"
"salt:/ppcmbe2/macaulay-1849-2#sTok1339";"any";"any";"in any other country";"country";"country";"";"1";"Thomas Babington Macaulay, baron Macaulay";"l3";"macaulay-1849";"HISTORY";"c";"c";"R";"";"";"";"";"l3";"k_l3";"c_lmod"
"salt:/ppcmbe2/macaulay-1849-2#sTok1578";"all";"all";"to all the men and women of the House of Tudor";"men";"man";"1";"";"Thomas Babington Macaulay, baron Macaulay";"l3";"macaulay-1849";"HISTORY";"c";"c";"G";"mann";"Weak";"Consonant-Stem";"M/N";"l3";"k_l3";"c_lmod"
"salt:/ppcmbe2/macaulay-1849-2#sTok5231";"no";"no";"in no country 0 that *T*-1 is called *-2 Roman Catholic";"country";"country";"";"1";"Thomas Babington Macaulay, baron Macaulay";"l3";"macaulay-1849";"HISTORY";"c";"c";"R";"";"";"";"";"l3";"k_l3";"c_lmod"
"salt:/ppcmbe2/macaulay-1849-2#sTok6997";"any";"any";"on any two days";"days";"day";"1";"";"Thomas Babington Macaulay, baron Macaulay";"l3";"macaulay-1849";"HISTORY";"c";"a";"G";"dæg";"Strong";"A-Stem";"M";"l3";"k_l3";"c_lmod"
"salt:/ppcmbe2/macaulay-1849-2#sTok7341";"many";"many";"many men of doubtful , and some of hateful , character";"men";"man";"1";"";"Thomas Babington Macaulay, baron Macaulay";"l3";"macaulay-1849";"HISTORY";"c";"c";"G";"mann";"Weak";"Consonant-Stem";"M/N";"l3";"k_l3";"c_lmod"
"salt:/ppcmbe2/macaulay-1849-2#sTok9339";"some";"some";"during some years";"years";"year";"1";"";"Thomas Babington Macaulay, baron Macaulay";"l3";"macaulay-1849";"HISTORY";"c";"a";"G";"gear";"Strong";"A-Stem";"N";"l3";"k_l3";"c_lmod"
"salt:/ppcmbe2/macaulay-1849-2#sTok9737";"many";"many";"by many years";"years";"year";"1";"";"Thomas Babington Macaulay, baron Macaulay";"l3";"macaulay-1849";"HISTORY";"c";"a";"G";"gear";"Strong";"A-Stem";"N";"l3";"k_l3";"c_lmod"
"salt:/ppcmbe2/macaulay-1849-2#sTok10375";"many";"many";"with many men of generous natures";"men";"man";"1";"";"Thomas Babington Macaulay, baron Macaulay";"l3";"macaulay-1849";"HISTORY";"c";"c";"G";"mann";"Weak";"Consonant-Stem";"M/N";"l3";"k_l3";"c_lmod"
"salt:/ppcmbe2/macquarie-1815-2#sTok2108";"all";"all";"We halt all this day at Cox's River on account of keeping the day holy .";"day";"day";"";"1";"Macquarie, Lachlan";"l3";"macquarie-1815";"TRAVELOGUE";"c";"a";"G";"dæg";"Strong";"A-Stem";"M";"l3";"k_l3";"c_lmod"
"salt:/ppcmbe2/macquarie-1815-2#sTok2475";"some";"some";"and *con* had some very fine fish out of the river for dinner .";"fish";"fish";"";"1";"Macquarie, Lachlan";"l3";"macquarie-1815";"TRAVELOGUE";"u";"c";"G";"fisc";"Strong";"A-Stem";"M";"l3";"k_l3";"c_lmod"
"salt:/ppcmbe2/macquarie-1815-2#sTok3802";"any";"any";"in any country 0 0 *T*-2 I have yet visited";"country";"country";"";"1";"Macquarie, Lachlan";"l3";"macquarie-1815";"TRAVELOGUE";"c";"c";"R";"";"";"";"";"l3";"k_l3";"c_lmod"
"salt:/ppcmbe2/macquarie-1815-2#sTok5451";"all";"all";"but all excellent pasture land";"land";"land";"";"1";"Macquarie, Lachlan";"l3";"macquarie-1815";"TRAVELOGUE";"u";"a";"G";"land";"Strong";"A-Stem";"N";"l3";"k_l3";"c_lmod"
"salt:/ppcmbe2/macquarie-1815-2#sTok5933";"both";"both";"with both her hands";"hands";"hand";"1";"";"Macquarie, Lachlan";"l3";"macquarie-1815";"TRAVELOGUE";"c";"c";"G";"hand";"Strong";"U-Stem";"F";"l3";"k_l3";"c_lmod"
"salt:/ppcmbe2/macquarie-1815-2#sTok6649";"some";"some";"to catch some fish with lines";"fish";"fish";"";"1";"Macquarie, Lachlan";"l3";"macquarie-1815";"TRAVELOGUE";"u";"c";"G";"fisc";"Strong";"A-Stem";"M";"l3";"k_l3";"c_lmod"
"salt:/ppcmbe2/macquarie-1815-2#sTok7184";"some";"some";"some days before";"days";"day";"1";"";"Macquarie, Lachlan";"l3";"macquarie-1815";"TRAVELOGUE";"c";"a";"G";"dæg";"Strong";"A-Stem";"M";"l3";"k_l3";"c_lmod"
"salt:/ppcmbe2/macquarie-1815-2#sTok7921";"all";"all";"We had a very thick heavy fog *ICH*-1 here all this day , which 0 *T*-2 seemed to threaten rain ,";"day";"day";"";"1";"Macquarie, Lachlan";"l3";"macquarie-1815";"TRAVELOGUE";"c";"a";"G";"dæg";"Strong";"A-Stem";"M";"l3";"k_l3";"c_lmod"
"salt:/ppcmbe2/macquarie-1815-2#sTok10273";"all";"all";"for he continued a little stiff all day";"day";"day";"";"1";"Macquarie, Lachlan";"l3";"macquarie-1815";"TRAVELOGUE";"c";"a";"G";"dæg";"Strong";"A-Stem";"M";"l3";"k_l3";"c_lmod"
"salt:/ppcmbe2/macquarie-1815-2#sTok10291";"no";"no";"I had no other horse 0 *T*-1 to ride however ,";"horse";"horse";"";"1";"Macquarie, Lachlan";"l3";"macquarie-1815";"TRAVELOGUE";"c";"c";"G";"hors";"Strong";"A-Stem";"N";"l3";"k_l3";"c_lmod"
"salt:/ppcmbe2/macquarie-1815-2#sTok11247";"some";"some";"through some very fine grazing country tollerably well watered";"country";"country";"";"1";"Macquarie, Lachlan";"l3";"macquarie-1815";"TRAVELOGUE";"c";"c";"R";"";"";"";"";"l3";"k_l3";"c_lmod"
"salt:/ppcmbe2/mathews-1875-2#sTok1464";"all";"all";"only he has not been home all night .";"night";"night";"";"1";"Mathews, Charles James";"l4";"mathews-1875";"DRAMA COMEDY";"c";"a";"G";"niht";"Strong";"A-Stem";"N";"l4";"l_l4";"c_lmod"
"salt:/ppcmbe2/mathews-1875-2#sTok2010";"all";"all";"rantipoling about all night";"night";"night";"";"1";"Mathews, Charles James";"l4";"mathews-1875";"DRAMA COMEDY";"c";"a";"G";"niht";"Strong";"A-Stem";"N";"l4";"l_l4";"c_lmod"
"salt:/ppcmbe2/mathews-1875-2#sTok3707";"all";"all";"and you are picking pockets all day long .";"day";"day";"";"1";"Mathews, Charles James";"l4";"mathews-1875";"DRAMA COMEDY";"c";"a";"G";"dæg";"Strong";"A-Stem";"M";"l4";"l_l4";"c_lmod"
"salt:/ppcmbe2/mathews-1875-2#sTok5935";"all";"all";"$I $'ve {TEXT:I've} been out all night";"night";"night";"";"1";"Mathews, Charles James";"l4";"mathews-1875";"DRAMA COMEDY";"c";"a";"G";"niht";"Strong";"A-Stem";"N";"l4";"l_l4";"c_lmod"
"salt:/ppcmbe2/mathews-1875-2#sTok7540";"some";"some";"there are some men who , 0 *T*-2 though turned fifty , carry their years so lightly that 0";"men";"man";"1";"";"Mathews, Charles James";"l4";"mathews-1875";"DRAMA COMEDY";"c";"c";"G";"mann";"Weak";"Consonant-Stem";"M/N";"l4";"l_l4";"c_lmod"
"salt:/ppcmbe2/mathews-1875-2#sTok7559";"no";"no";"no matter - you are virtually doomed to widowhood";"matter";"matter";"";"1";"Mathews, Charles James";"l4";"mathews-1875";"DRAMA COMEDY";"c";"s";"R";"";"";"";"";"l4";"l_l4";"c_lmod"
"salt:/ppcmbe2/mathews-1875-2#sTok8734";"every";"every";"every man shall assume the costume most opposed to his natural character";"man";"man";"";"1";"Mathews, Charles James";"l4";"mathews-1875";"DRAMA COMEDY";"c";"c";"G";"mann";"Weak";"Consonant-Stem";"M/N";"l4";"l_l4";"c_lmod"
"salt:/ppcmbe2/mathews-1875-2#sTok11333";"all";"all";"to leave 'em out all night";"night";"night";"";"1";"Mathews, Charles James";"l4";"mathews-1875";"DRAMA COMEDY";"c";"a";"G";"niht";"Strong";"A-Stem";"N";"l4";"l_l4";"c_lmod"
"salt:/ppcmbe2/maurice-1857-2#sTok332";"any";"any";"of any day";"day";"day";"";"1";"Maurice, Frederick Denison";"l3";"maurice-1857";"SERMON";"c";"a";"G";"dæg";"Strong";"A-Stem";"M";"l3";"k_l3";"c_lmod"
"salt:/ppcmbe2/maurice-1857-2#sTok3102";"no";"no";"*T*-2 no eye but God could see";"eye";"eye";"";"1";"Maurice, Frederick Denison";"l3";"maurice-1857";"SERMON";"c";"c";"G";"eage";"Strong";"A-Stem";"M";"l3";"k_l3";"c_lmod"
"salt:/ppcmbe2/maurice-1857-2#sTok3890";"each";"each";"of each man";"man";"man";"";"1";"Maurice, Frederick Denison";"l3";"maurice-1857";"SERMON";"c";"c";"G";"mann";"Weak";"Consonant-Stem";"M/N";"l3";"k_l3";"c_lmod"
"salt:/ppcmbe2/maurice-1857-2#sTok5387";"all";"all";"*T*-1 is all Mercy , Forgiveness of enemies , Patience";"Mercy";"mercy";"";"1";"Maurice, Frederick Denison";"l3";"maurice-1857";"SERMON";"u";"a";"R";"";"";"";"";"l3";"k_l3";"c_lmod"
"salt:/ppcmbe2/maurice-1857-2#sTok5451";"some";"some";"*T*-3 it may be costing some poor <P_341> or rich man , bred among people whose language 0 *T*-5 was half made up of curses , to obey the precept \" Swear not at all";"man";"man";"";"1";"Maurice, Frederick Denison";"l3";"maurice-1857";"SERMON";"c";"c";"G";"mann";"Weak";"Consonant-Stem";"M/N";"l3";"k_l3";"c_lmod"
"salt:/ppcmbe2/maurice-1857-2#sTok6054";"Each";"each";"Each day , as 0 your aims become lower , your difficulty in pursuing these aims will be greater .";"day";"day";"";"1";"Maurice, Frederick Denison";"l3";"maurice-1857";"SERMON";"c";"a";"G";"dæg";"Strong";"A-Stem";"M";"l3";"k_l3";"c_lmod"
"salt:/ppcmbe2/maurice-1857-2#sTok6357";"any";"any";"*T*-1 any man has ever practised";"man";"man";"";"1";"Maurice, Frederick Denison";"l3";"maurice-1857";"SERMON";"c";"c";"G";"mann";"Weak";"Consonant-Stem";"M/N";"l3";"k_l3";"c_lmod"
"salt:/ppcmbe2/maurice-1857-2#sTok6376";"all";"all";"*T*-2 has made all men in His image";"men";"man";"1";"";"Maurice, Frederick Denison";"l3";"maurice-1857";"SERMON";"c";"c";"G";"mann";"Weak";"Consonant-Stem";"M/N";"l3";"k_l3";"c_lmod"
"salt:/ppcmbe2/maurice-1857-2#sTok6422";"any";"any";"*T*-2 for any man to fall";"man";"man";"";"1";"Maurice, Frederick Denison";"l3";"maurice-1857";"SERMON";"c";"c";"G";"mann";"Weak";"Consonant-Stem";"M/N";"l3";"k_l3";"c_lmod"
"salt:/ppcmbe2/maurice-1857-2#sTok6431";"every";"every";"to every man";"man";"man";"";"1";"Maurice, Frederick Denison";"l3";"maurice-1857";"SERMON";"c";"c";"G";"mann";"Weak";"Consonant-Stem";"M/N";"l3";"k_l3";"c_lmod"
"salt:/ppcmbe2/maurice-1857-2#sTok6444";"no";"no";"*T*-4 no man is a stranger";"man";"man";"";"1";"Maurice, Frederick Denison";"l3";"maurice-1857";"SERMON";"c";"c";"G";"mann";"Weak";"Consonant-Stem";"M/N";"l3";"k_l3";"c_lmod"
"salt:/ppcmbe2/maxwell-1747-1#sTok107";"Every";"every";"For , 2 . Every Man or Woman , who 0 *T*-1 has only a House and a Yeard , and Money 0 *T*-2 to buy one single Hive , who 0 *T*-3 knows how *T*-4 to manage these laborious and profitable Creatures , and who 0 *T*-5 will adhibite due Care , may , after a few Years , raise a considerable Sum yearly out of this very Article alone ;";"Man";"man";"";"1";"Maxwell, Robert";"l1";"maxwell-1747";"HANDB OTHER";"c";"c";"G";"mann";"Weak";"Consonant-Stem";"M/N";"l1";"i_l1";"c_lmod"
"salt:/ppcmbe2/maxwell-1747-1#sTok2073";"any";"any";"and yet I could never find any Man who 0 *T*-1 could satisfy me what 0 *T*-2 it was :";"Man";"man";"";"1";"Maxwell, Robert";"l1";"maxwell-1747";"HANDB OTHER";"c";"c";"G";"mann";"Weak";"Consonant-Stem";"M/N";"l1";"i_l1";"c_lmod"
"salt:/ppcmbe2/maxwell-1747-1#sTok2763";"all";"all";"all living Creatures were created Male and Female";"Creatures";"creature";"1";"";"Maxwell, Robert";"l1";"maxwell-1747";"HANDB OTHER";"c";"c";"R";"";"";"";"";"l1";"i_l1";"c_lmod"
"salt:/ppcmbe2/maxwell-1747-1#sTok2783";"all";"all";"of all living Creatures";"Creatures";"creature";"1";"";"Maxwell, Robert";"l1";"maxwell-1747";"HANDB OTHER";"c";"c";"R";"";"";"";"";"l1";"i_l1";"c_lmod"
"salt:/ppcmbe2/maxwell-1747-1#sTok5293";"several";"several";"for several Years to run";"Years";"year";"1";"";"Maxwell, Robert";"l1";"maxwell-1747";"HANDB OTHER";"c";"a";"G";"gear";"Strong";"A-Stem";"N";"l1";"i_l1";"c_lmod"
"salt:/ppcmbe2/maxwell-1747-1#sTok7052";"few";"few";"A few Days since";"Days";"day";"1";"";"Maxwell, Robert";"l1";"maxwell-1747";"HANDB OTHER";"c";"a";"G";"dæg";"Strong";"A-Stem";"M";"l1";"i_l1";"c_lmod"
"salt:/ppcmbe2/maxwell-1747-1#sTok7936";"no";"no";"there is no Water , but at a great Distance";"Water";"water";"";"1";"Maxwell, Robert";"l1";"maxwell-1747";"HANDB OTHER";"u";"s";"G";"wæter";"Strong";"A-Stem";"N";"l1";"i_l1";"c_lmod"
"salt:/ppcmbe2/maxwell-1747-1#sTok8849";"little";"little";"the Flowers in our Country yielding little Honey so early";"Honey";"honey";"";"1";"Maxwell, Robert";"l1";"maxwell-1747";"HANDB OTHER";"u";"s";"G";"hunig";"Strong";"A-Stem";"N";"l1";"i_l1";"c_lmod"
"salt:/ppcmbe2/maxwell-1747-1#sTok10754";"no";"no";"no Honey is to be had among the Flowers abroad";"Honey";"honey";"";"1";"Maxwell, Robert";"l1";"maxwell-1747";"HANDB OTHER";"u";"s";"G";"hunig";"Strong";"A-Stem";"N";"l1";"i_l1";"c_lmod"
"salt:/ppcmbe2/maxwell-1747-1#sTok10974";"some";"some";"for some Days";"Days";"day";"1";"";"Maxwell, Robert";"l1";"maxwell-1747";"HANDB OTHER";"c";"a";"G";"dæg";"Strong";"A-Stem";"M";"l1";"i_l1";"c_lmod"
"salt:/ppcmbe2/maxwell-1747-1#sTok11325";"several";"several";"for several Nights together";"Nights";"night";"1";"";"Maxwell, Robert";"l1";"maxwell-1747";"HANDB OTHER";"c";"a";"G";"niht";"Strong";"A-Stem";"N";"l1";"i_l1";"c_lmod"
"salt:/ppcmbe2/maxwell-1747-1#sTok11600";"some";"some";"for some Days";"Days";"day";"1";"";"Maxwell, Robert";"l1";"maxwell-1747";"HANDB OTHER";"c";"a";"G";"dæg";"Strong";"A-Stem";"M";"l1";"i_l1";"c_lmod"
"salt:/ppcmbe2/maxwell-1747-1#sTok11840";"little";"little";"and little Honey";"Honey";"honey";"";"1";"Maxwell, Robert";"l1";"maxwell-1747";"HANDB OTHER";"u";"s";"G";"hunig";"Strong";"A-Stem";"N";"l1";"i_l1";"c_lmod"
"salt:/ppcmbe2/maxwell-1747-1#sTok12685";"all";"all";"all the Year round";"Year";"year";"";"1";"Maxwell, Robert";"l1";"maxwell-1747";"HANDB OTHER";"c";"a";"G";"gear";"Strong";"A-Stem";"N";"l1";"i_l1";"c_lmod"
"salt:/ppcmbe2/maxwell-1747-1#sTok12850";"every";"every";"once every Day";"Day";"day";"";"1";"Maxwell, Robert";"l1";"maxwell-1747";"HANDB OTHER";"c";"a";"G";"dæg";"Strong";"A-Stem";"M";"l1";"i_l1";"c_lmod"
"salt:/ppcmbe2/maxwell-1747-1#sTok12932";"all";"all";"all the Year round";"Year";"year";"";"1";"Maxwell, Robert";"l1";"maxwell-1747";"HANDB OTHER";"c";"a";"G";"gear";"Strong";"A-Stem";"N";"l1";"i_l1";"c_lmod"
"salt:/ppcmbe2/maxwell-1747-1#sTok12953";"every";"every";"but now they do it every Day ; which 0 *T*-1 is the Cause why 0 *T*-2 I have taken Notice of it here .";"Day";"day";"";"1";"Maxwell, Robert";"l1";"maxwell-1747";"HANDB OTHER";"c";"a";"G";"dæg";"Strong";"A-Stem";"M";"l1";"i_l1";"c_lmod"
"salt:/ppcmbe2/maxwell-1747-1#sTok13040";"several";"several";"for several Days";"Days";"day";"1";"";"Maxwell, Robert";"l1";"maxwell-1747";"HANDB OTHER";"c";"a";"G";"dæg";"Strong";"A-Stem";"M";"l1";"i_l1";"c_lmod"
"salt:/ppcmbe2/meredith-188x-2#sTok3534";"all";"all";"on all hands";"hands";"hand";"1";"";"Meredith, George";"l4";"meredith-188x";"LET PRIV";"c";"c";"G";"hand";"Strong";"U-Stem";"F";"l4";"l_l4";"c_lmod"
"salt:/ppcmbe2/meredith-188x-2#sTok5373";"some";"some";"for some days";"days";"day";"1";"";"Meredith, George";"l4";"meredith-188x";"LET PRIV";"c";"a";"G";"dæg";"Strong";"A-Stem";"M";"l4";"l_l4";"c_lmod"
"salt:/ppcmbe2/meredith-188x-2#sTok5409";"no";"no";"How 0 *T*-2 it will be when 0 my poor sufferer is near , I have no heart *ICH*-1 to forecast .";"heart";"heart";"";"1";"Meredith, George";"l4";"meredith-188x";"LET PRIV";"c";"c";"G";"heorte";"Weak";"N-Stem";"F";"l4";"l_l4";"c_lmod"
"salt:/ppcmbe2/meredith-188x-2#sTok6743";"all";"all";"and *con* does all the work of domestic accounts ;";"work";"work";"";"1";"Meredith, George";"l4";"meredith-188x";"LET PRIV";"u";"a";"G";"weorc";"Strong";"A-Stem";"N";"l4";"l_l4";"c_lmod"
"salt:/ppcmbe2/meredith-188x-2#sTok9378";"all";"all";"with all my heart";"heart";"heart";"";"1";"Meredith, George";"l4";"meredith-188x";"LET PRIV";"c";"c";"G";"heorte";"Weak";"N-Stem";"F";"l4";"l_l4";"c_lmod"
"salt:/ppcmbe2/meredith-188x-2#sTok10703";"some";"some";"Perhaps you will some day come";"day";"day";"";"1";"Meredith, George";"l4";"meredith-188x";"LET PRIV";"c";"a";"G";"dæg";"Strong";"A-Stem";"M";"l4";"l_l4";"c_lmod"
"salt:/ppcmbe2/meredith-1895-1#sTok1412";"every";"every";"*T*-3 he had been stationed every day for a fortnight , indefatigably to watch for the passing of the earl , as 0 there seemed no other way to find him";"day";"day";"";"1";"Meredith, George";"l4";"meredith-1895";"FICTION";"c";"a";"G";"dæg";"Strong";"A-Stem";"M";"l4";"l_l4";"c_lmod"
"salt:/ppcmbe2/meredith-1895-1#sTok3742";"many";"many";"for many years";"years";"year";"1";"";"Meredith, George";"l4";"meredith-1895";"FICTION";"c";"a";"G";"gear";"Strong";"A-Stem";"N";"l4";"l_l4";"c_lmod"
"salt:/ppcmbe2/midshipman-1767-2#sTok2503";"no";"no";"and they make no manner of scruple to marry their nearest relations .";"manner";"manner";"";"1";"Anonymous midshipman";"l2";"midshipman-1767";"TRAVELOGUE";"u";"a";"R";"";"";"";"";"l2";"j_l2";"c_lmod"
"salt:/ppcmbe2/midshipman-1767-2#sTok2650";"all";"all";"and *con* sleep all night therein .";"night";"night";"";"1";"Anonymous midshipman";"l2";"midshipman-1767";"TRAVELOGUE";"c";"a";"G";"niht";"Strong";"A-Stem";"N";"l2";"j_l2";"c_lmod"
"salt:/ppcmbe2/midshipman-1767-2#sTok3114";"all";"all";"to all manner of vice";"manner";"manner";"";"1";"Anonymous midshipman";"l2";"midshipman-1767";"TRAVELOGUE";"u";"a";"R";"";"";"";"";"l2";"j_l2";"c_lmod"
"salt:/ppcmbe2/midshipman-1767-2#sTok3440";"any";"any";"to wear any gold or silver-lace";"gold";"gold";"";"1";"Anonymous midshipman";"l2";"midshipman-1767";"TRAVELOGUE";"u";"s";"G";"gold";"Strong";"A-Stem";"N";"l2";"j_l2";"c_lmod"
"salt:/ppcmbe2/midshipman-1767-2#sTok3835";"all";"all";"all hands having manned the ship";"hands";"hand";"1";"";"Anonymous midshipman";"l2";"midshipman-1767";"TRAVELOGUE";"c";"c";"G";"hand";"Strong";"U-Stem";"F";"l2";"j_l2";"c_lmod"
"salt:/ppcmbe2/midshipman-1767-2#sTok3991";"both";"both";"of both ships";"ships";"ship";"1";"";"Anonymous midshipman";"l2";"midshipman-1767";"TRAVELOGUE";"c";"c";"G";"scip";"Strong";"A-Stem";"N";"l2";"j_l2";"c_lmod"
"salt:/ppcmbe2/midshipman-1767-2#sTok5873";"every";"every";"from the day 0 0 *T*-1 they are born they bathe them in cold water every day , even when 0 it is covered with ice ;";"day";"day";"";"1";"Anonymous midshipman";"l2";"midshipman-1767";"TRAVELOGUE";"c";"a";"G";"dæg";"Strong";"A-Stem";"M";"l2";"j_l2";"c_lmod"
"salt:/ppcmbe2/midshipman-1767-2#sTok7242";"each";"each";"to each house";"house";"house";"";"1";"Anonymous midshipman";"l2";"midshipman-1767";"TRAVELOGUE";"c";"c";"G";"hus";"Strong";"A-Stem";"N";"l2";"j_l2";"c_lmod"
"salt:/ppcmbe2/midshipman-1767-2#sTok8087";"Every";"every";"Every day he employs himself in some kind of labour , often in husbandry";"day";"day";"";"1";"Anonymous midshipman";"l2";"midshipman-1767";"TRAVELOGUE";"c";"a";"G";"dæg";"Strong";"A-Stem";"M";"l2";"j_l2";"c_lmod"
"salt:/ppcmbe2/midshipman-1767-2#sTok8294";"all";"all";"of all men 0 that *T*-1 live in a state of society";"men";"man";"1";"";"Anonymous midshipman";"l2";"midshipman-1767";"TRAVELOGUE";"c";"c";"G";"mann";"Weak";"Consonant-Stem";"M/N";"l2";"j_l2";"c_lmod"
"salt:/ppcmbe2/midshipman-1767-2#sTok9056";"some";"some";"but they keep some little men as 0 0 *T*-1 we do dwarfs in Europe ,";"men";"man";"1";"";"Anonymous midshipman";"l2";"midshipman-1767";"TRAVELOGUE";"c";"c";"G";"mann";"Weak";"Consonant-Stem";"M/N";"l2";"j_l2";"c_lmod"
"salt:/ppcmbe2/midshipman-1767-2#sTok9117";"some";"some";"to reach her some fruit from the top of an {COM:sic} high tree";"fruit";"fruit";"";"1";"Anonymous midshipman";"l2";"midshipman-1767";"TRAVELOGUE";"c";"s";"R";"";"";"";"";"l2";"j_l2";"c_lmod"
"salt:/ppcmbe2/midshipman-1767-2#sTok10521";"every";"every";"to spend three months every year in making a tour thro' Patagonia , to see whether 0 any part of the government be deficient";"year";"year";"";"1";"Anonymous midshipman";"l2";"midshipman-1767";"TRAVELOGUE";"c";"a";"G";"gear";"Strong";"A-Stem";"N";"l2";"j_l2";"c_lmod"
"salt:/ppcmbe2/midshipman-1767-2#sTok11438";"all";"all";"all men are subject to prepossession";"men";"man";"1";"";"Anonymous midshipman";"l2";"midshipman-1767";"TRAVELOGUE";"c";"c";"G";"mann";"Weak";"Consonant-Stem";"M/N";"l2";"j_l2";"c_lmod"
"salt:/ppcmbe2/miles1-1873-2#sTok485";"many";"many";"many horses falling";"horses";"horse";"1";"";"Miles, Henry Downes";"l4";"miles1-1873";"HANDB OTHER";"c";"c";"G";"hors";"Strong";"A-Stem";"N";"l4";"l_l4";"c_lmod"
"salt:/ppcmbe2/miles1-1873-2#sTok1462";"both";"both";"of both the hands";"hands";"hand";"1";"";"Miles, Henry Downes";"l4";"miles1-1873";"HANDB OTHER";"c";"c";"G";"hand";"Strong";"U-Stem";"F";"l4";"l_l4";"c_lmod"
"salt:/ppcmbe2/miles1-1873-2#sTok1530";"both";"both";"with both hands";"hands";"hand";"1";"";"Miles, Henry Downes";"l4";"miles1-1873";"HANDB OTHER";"c";"c";"G";"hand";"Strong";"U-Stem";"F";"l4";"l_l4";"c_lmod"
"salt:/ppcmbe2/miles1-1873-2#sTok2313";"both";"both";"<font> Using both hands . <$$font>";"hands";"hand";"1";"";"Miles, Henry Downes";"l4";"miles1-1873";"HANDB OTHER";"c";"c";"G";"hand";"Strong";"U-Stem";"F";"l4";"l_l4";"c_lmod"
"salt:/ppcmbe2/miles1-1873-2#sTok2341";"each";"each";"of each hand";"hand";"hand";"";"1";"Miles, Henry Downes";"l4";"miles1-1873";"HANDB OTHER";"c";"c";"G";"hand";"Strong";"U-Stem";"F";"l4";"l_l4";"c_lmod"
"salt:/ppcmbe2/miles1-1873-2#sTok4105";"no";"no";"and , as to race riding , no man need hope to arrive at any perfection as a jockey , unless 0 from a boy he has been more or less in the habit of riding race-horses .";"man";"man";"";"1";"Miles, Henry Downes";"l4";"miles1-1873";"HANDB OTHER";"c";"c";"G";"mann";"Weak";"Consonant-Stem";"M/N";"l4";"l_l4";"c_lmod"
"salt:/ppcmbe2/miles1-1873-2#sTok4272";"no";"no";"*T*-1 no man can be a good horseman";"man";"man";"";"1";"Miles, Henry Downes";"l4";"miles1-1873";"HANDB OTHER";"c";"c";"G";"mann";"Weak";"Consonant-Stem";"M/N";"l4";"l_l4";"c_lmod"
"salt:/ppcmbe2/miles1-1873-2#sTok4486";"every";"every";"to every hound 0 0 he hears *T*-4 throw a tongue";"hound";"hound";"";"1";"Miles, Henry Downes";"l4";"miles1-1873";"HANDB OTHER";"c";"c";"G";"hund";"Strong";"A-Stem";"M";"l4";"l_l4";"c_lmod"
"salt:/ppcmbe2/miles1-1873-2#sTok4623";"no";"no";"no man but a huntsman , and no horse but a huntsman's";"man";"man";"";"1";"Miles, Henry Downes";"l4";"miles1-1873";"HANDB OTHER";"c";"c";"G";"mann";"Weak";"Consonant-Stem";"M/N";"l4";"l_l4";"c_lmod"
"salt:/ppcmbe2/miles1-1873-2#sTok4630";"no";"no";"and no horse but a huntsman's";"horse";"horse";"";"1";"Miles, Henry Downes";"l4";"miles1-1873";"HANDB OTHER";"c";"c";"G";"hors";"Strong";"A-Stem";"N";"l4";"l_l4";"c_lmod"
"salt:/ppcmbe2/miles1-1873-2#sTok4647";"no";"no";"no matter how awkward 0 *T*-1 the fence to get out , he has no time to pick a safer place .";"matter";"matter";"";"1";"Miles, Henry Downes";"l4";"miles1-1873";"HANDB OTHER";"c";"s";"R";"";"";"";"";"l4";"l_l4";"c_lmod"
"salt:/ppcmbe2/miles1-1873-2#sTok5010";"no";"no";"*T*-2 the rider has \" no hands at all";"hands";"hand";"1";"";"Miles, Henry Downes";"l4";"miles1-1873";"HANDB OTHER";"c";"c";"G";"hand";"Strong";"U-Stem";"F";"l4";"l_l4";"c_lmod"
"salt:/ppcmbe2/miles1-1873-2#sTok5098";"any";"any";"any man in the habit of riding would be anxious to acquire so necessary a part of horsemanship as good hands";"man";"man";"";"1";"Miles, Henry Downes";"l4";"miles1-1873";"HANDB OTHER";"c";"c";"G";"mann";"Weak";"Consonant-Stem";"M/N";"l4";"l_l4";"c_lmod"
"salt:/ppcmbe2/miles1-1873-2#sTok5400";"all";"all";"We would recommend all men with bad hands to use martingales ; not exactly to keep the horse's head down , but to counteract the effect of their hands getting up , which 0 *T*-1 is nearly always the practice with bad riders .";"men";"man";"1";"";"Miles, Henry Downes";"l4";"miles1-1873";"HANDB OTHER";"c";"c";"G";"mann";"Weak";"Consonant-Stem";"M/N";"l4";"l_l4";"c_lmod"
"salt:/ppcmbe2/miles1-1873-2#sTok5546";"no";"no";"*T*-2 no man has any pretentions to the character of a horseman";"man";"man";"";"1";"Miles, Henry Downes";"l4";"miles1-1873";"HANDB OTHER";"c";"c";"G";"mann";"Weak";"Consonant-Stem";"M/N";"l4";"l_l4";"c_lmod"
"salt:/ppcmbe2/miles1-1873-2#sTok5667";"no";"no";"*T*-1 no man wanting them can be";"man";"man";"";"1";"Miles, Henry Downes";"l4";"miles1-1873";"HANDB OTHER";"c";"c";"G";"mann";"Weak";"Consonant-Stem";"M/N";"l4";"l_l4";"c_lmod"
"salt:/ppcmbe2/miles1-1873-2#sTok5689";"no";"no";"*T*-2 want no hands to make them do their business handsomely";"hands";"hand";"1";"";"Miles, Henry Downes";"l4";"miles1-1873";"HANDB OTHER";"c";"c";"G";"hand";"Strong";"U-Stem";"F";"l4";"l_l4";"c_lmod"
"salt:/ppcmbe2/miles1-1873-2#sTok5710";"no";"no";"they wanted no hands 0 *T*-1 to make them go in such manner";"hands";"hand";"1";"";"Miles, Henry Downes";"l4";"miles1-1873";"HANDB OTHER";"c";"c";"G";"hand";"Strong";"U-Stem";"F";"l4";"l_l4";"c_lmod"
"salt:/ppcmbe2/miles1-1873-2#sTok5819";"many";"many";"wanting them , beats many a good horse before his time .";"horse";"horse";"";"1";"Miles, Henry Downes";"l4";"miles1-1873";"HANDB OTHER";"c";"c";"G";"hors";"Strong";"A-Stem";"N";"l4";"l_l4";"c_lmod"
"salt:/ppcmbe2/miles1-1873-2#sTok7036";"no";"no";"no horse can go properly with hounds if 0 he pulls";"horse";"horse";"";"1";"Miles, Henry Downes";"l4";"miles1-1873";"HANDB OTHER";"c";"c";"G";"hors";"Strong";"A-Stem";"N";"l4";"l_l4";"c_lmod"
"salt:/ppcmbe2/miles1-1873-2#sTok7893";"any";"any";"of any man who 0 *T*-1 wishes to ride well to hounds , more particularly in the grass countries , where 0 *T*-2 the crowd of his fellow-sportsmen is one of the greatest difficulties 0 0 he has *T*-3 to encounter";"man";"man";"";"1";"Miles, Henry Downes";"l4";"miles1-1873";"HANDB OTHER";"c";"c";"G";"mann";"Weak";"Consonant-Stem";"M/N";"l4";"l_l4";"c_lmod"
"salt:/ppcmbe2/miles1-1873-2#sTok9620";"each";"each";"in each hand";"hand";"hand";"";"1";"Miles, Henry Downes";"l4";"miles1-1873";"HANDB OTHER";"c";"c";"G";"hand";"Strong";"U-Stem";"F";"l4";"l_l4";"c_lmod"
"salt:/ppcmbe2/miles2-1893-2#sTok819";"no";"no";"- your pedantic , infallible-recipe fellows are no men for my money .";"men";"man";"1";"";"Miles, William J.";"l4";"miles2-1893";"HANDB OTHER";"c";"c";"G";"mann";"Weak";"Consonant-Stem";"M/N";"l4";"l_l4";"c_lmod"
"salt:/ppcmbe2/miles2-1893-2#sTok880";"all";"all";"* do all the mechanical work of the stable";"work";"work";"";"1";"Miles, William J.";"l4";"miles2-1893";"HANDB OTHER";"u";"a";"G";"weorc";"Strong";"A-Stem";"N";"l4";"l_l4";"c_lmod"
"salt:/ppcmbe2/miles2-1893-2#sTok995";"all";"all";"and frequently *con* do all the hard work of these establishments .";"work";"work";"";"1";"Miles, William J.";"l4";"miles2-1893";"HANDB OTHER";"u";"a";"G";"weorc";"Strong";"A-Stem";"N";"l4";"l_l4";"c_lmod"
"salt:/ppcmbe2/miles2-1893-2#sTok1344";"any";"any";"to separate any extraneous matter";"matter";"matter";"";"1";"Miles, William J.";"l4";"miles2-1893";"HANDB OTHER";"c";"s";"R";"";"";"";"";"l4";"l_l4";"c_lmod"
"salt:/ppcmbe2/miles2-1893-2#sTok1366";"some";"some";"but we have known some horses who 0 *T*-1 would not feed until 0 they had drunk .";"horses";"horse";"1";"";"Miles, William J.";"l4";"miles2-1893";"HANDB OTHER";"c";"c";"G";"hors";"Strong";"A-Stem";"N";"l4";"l_l4";"c_lmod"
"salt:/ppcmbe2/miles2-1893-2#sTok1419";"each";"each";"of each horse";"horse";"horse";"";"1";"Miles, William J.";"l4";"miles2-1893";"HANDB OTHER";"c";"c";"G";"hors";"Strong";"A-Stem";"N";"l4";"l_l4";"c_lmod"
"salt:/ppcmbe2/miles2-1893-2#sTok2016";"any";"any";"than any book of its time";"book";"book";"";"1";"Miles, William J.";"l4";"miles2-1893";"HANDB OTHER";"c";"c";"G";"boc";"Weak";"Consonant-Stem";"F";"l4";"l_l4";"c_lmod"
"salt:/ppcmbe2/miles2-1893-2#sTok2798";"both";"both";"in both hands";"hands";"hand";"1";"";"Miles, William J.";"l4";"miles2-1893";"HANDB OTHER";"c";"c";"G";"hand";"Strong";"U-Stem";"F";"l4";"l_l4";"c_lmod"
"salt:/ppcmbe2/miles2-1893-2#sTok2983";"all";"all";"*T*-1 all horses so much enjoy";"horses";"horse";"1";"";"Miles, William J.";"l4";"miles2-1893";"HANDB OTHER";"c";"c";"G";"hors";"Strong";"A-Stem";"N";"l4";"l_l4";"c_lmod"
"salt:/ppcmbe2/miles2-1893-2#sTok4116";"some";"some";"With some horses";"horses";"horse";"1";"";"Miles, William J.";"l4";"miles2-1893";"HANDB OTHER";"c";"c";"G";"hors";"Strong";"A-Stem";"N";"l4";"l_l4";"c_lmod"
"salt:/ppcmbe2/miles2-1893-2#sTok4330";"many";"many";"for many years";"years";"year";"1";"";"Miles, William J.";"l4";"miles2-1893";"HANDB OTHER";"c";"a";"G";"gear";"Strong";"A-Stem";"N";"l4";"l_l4";"c_lmod"
"salt:/ppcmbe2/miles2-1893-2#sTok5324";"Some";"some";"Some horses require far more meat than others ,";"horses";"horse";"1";"";"Miles, William J.";"l4";"miles2-1893";"HANDB OTHER";"c";"c";"G";"hors";"Strong";"A-Stem";"N";"l4";"l_l4";"c_lmod"
"salt:/ppcmbe2/miles2-1893-2#sTok5951";"each";"each";"for each horse";"horse";"horse";"";"1";"Miles, William J.";"l4";"miles2-1893";"HANDB OTHER";"c";"c";"G";"hors";"Strong";"A-Stem";"N";"l4";"l_l4";"c_lmod"
"salt:/ppcmbe2/miles2-1893-2#sTok5984";"any";"any";"any horse should be allowed *T*-1 to eat";"horse";"horse";"";"1";"Miles, William J.";"l4";"miles2-1893";"HANDB OTHER";"c";"c";"G";"hors";"Strong";"A-Stem";"N";"l4";"l_l4";"c_lmod"
"salt:/ppcmbe2/miles2-1893-2#sTok6121";"any";"any";"*T*-1 can any horse *ICH*-2 possess vigour and sprightliness who 0 *T*-3 is allowed to swallow as much hay *ICH*-4 at a time as 0 0 *T*-5 he will eat , when 0 a large quantity of this species of food does not contain sufficient nutriment of itself to keep a horse in condition";"horse";"horse";"";"1";"Miles, William J.";"l4";"miles2-1893";"HANDB OTHER";"c";"c";"G";"hors";"Strong";"A-Stem";"N";"l4";"l_l4";"c_lmod"
"salt:/ppcmbe2/miles2-1893-2#sTok6691";"No";"no";"No horse can of course be expected to thrive and * stand his work upon such diet :";"horse";"horse";"";"1";"Miles, William J.";"l4";"miles2-1893";"HANDB OTHER";"c";"c";"G";"hors";"Strong";"A-Stem";"N";"l4";"l_l4";"c_lmod"
"salt:/ppcmbe2/miles2-1893-2#sTok6826";"some";"some";"but some horses of a foul habit of body will not endure <P_2,139.C1> being fed for any length of time on beans without exhibiting symptoms of heat of body somewhere - generally by greasy or cracked heels , or by scurf and surfeit .";"horses";"horse";"1";"";"Miles, William J.";"l4";"miles2-1893";"HANDB OTHER";"c";"c";"G";"hors";"Strong";"A-Stem";"N";"l4";"l_l4";"c_lmod"
"salt:/ppcmbe2/miles2-1893-2#sTok6937";"every";"every";"every day , or whenever 0 the state of his bowels requires it";"day";"day";"";"1";"Miles, William J.";"l4";"miles2-1893";"HANDB OTHER";"c";"a";"G";"dæg";"Strong";"A-Stem";"M";"l4";"l_l4";"c_lmod"
"salt:/ppcmbe2/miles2-1893-2#sTok7121";"any";"any";"any substance wholesome and strengthening";"substance";"substance";"";"1";"Miles, William J.";"l4";"miles2-1893";"HANDB OTHER";"c";"s";"R";"";"";"";"";"l4";"l_l4";"c_lmod"
"salt:/ppcmbe2/miles2-1893-2#sTok7501";"many";"many";"There are many horses 0 that *T*-3 will not stand hard work without beans being mingled with their food";"horses";"horse";"1";"";"Miles, William J.";"l4";"miles2-1893";"HANDB OTHER";"c";"c";"G";"hors";"Strong";"A-Stem";"N";"l4";"l_l4";"c_lmod"
"salt:/ppcmbe2/miles2-1893-2#sTok7974";"all";"all";"of all work";"work";"work";"";"1";"Miles, William J.";"l4";"miles2-1893";"HANDB OTHER";"u";"a";"G";"weorc";"Strong";"A-Stem";"N";"l4";"l_l4";"c_lmod"
"salt:/ppcmbe2/miles2-1893-2#sTok8270";"much";"much";"through much work";"work";"work";"";"1";"Miles, William J.";"l4";"miles2-1893";"HANDB OTHER";"u";"a";"G";"weorc";"Strong";"A-Stem";"N";"l4";"l_l4";"c_lmod"
"salt:/ppcmbe2/miles2-1893-2#sTok8321";"some";"some";"*T*-1 regards some horses";"horses";"horse";"1";"";"Miles, William J.";"l4";"miles2-1893";"HANDB OTHER";"c";"c";"G";"hors";"Strong";"A-Stem";"N";"l4";"l_l4";"c_lmod"
"salt:/ppcmbe2/miles2-1893-2#sTok8713";"some";"some";"*T*-2 some brother sportsman has perhaps given you notice";"brother";"brother";"";"1";"Miles, William J.";"l4";"miles2-1893";"HANDB OTHER";"c";"c";"G";"broþor";"Irregular";"Stem in -r";"M";"l4";"l_l4";"c_lmod"
"salt:/ppcmbe2/miles2-1893-2#sTok9583";"all";"all";"*T*-4 he may remain all night if not looked to *";"night";"night";"";"1";"Miles, William J.";"l4";"miles2-1893";"HANDB OTHER";"c";"a";"G";"niht";"Strong";"A-Stem";"N";"l4";"l_l4";"c_lmod"
"salt:/ppcmbe2/miles2-1893-2#sTok10479";"no";"no";"*T*-1 very many horses will eat , no matter how soiled 0 *T*-2 it may be";"matter";"matter";"";"1";"Miles, William J.";"l4";"miles2-1893";"HANDB OTHER";"c";"s";"R";"";"";"";"";"l4";"l_l4";"c_lmod"
"salt:/ppcmbe2/miles2-1893-2#sTok11384";"no";"no";"unless prevented by sickness , lameness , hard frost , or a previous severe hard day's work , no day should be missed";"day";"day";"";"1";"Miles, William J.";"l4";"miles2-1893";"HANDB OTHER";"c";"a";"G";"dæg";"Strong";"A-Stem";"M";"l4";"l_l4";"c_lmod"
"salt:/ppcmbe2/miles2-1893-2#sTok11433";"every";"every";"for every horse should have , at least two days in the week , such work or exercise 0 that *T*-1 will give him a moderate sweating .";"horse";"horse";"";"1";"Miles, William J.";"l4";"miles2-1893";"HANDB OTHER";"c";"c";"G";"hors";"Strong";"A-Stem";"N";"l4";"l_l4";"c_lmod"
"salt:/ppcmbe2/miles2-1893-2#sTok11626";"every";"every";"every day carrying his calf";"day";"day";"";"1";"Miles, William J.";"l4";"miles2-1893";"HANDB OTHER";"c";"a";"G";"dæg";"Strong";"A-Stem";"M";"l4";"l_l4";"c_lmod"
"salt:/ppcmbe2/mill-1854-2#sTok2923";"any";"any";"in any manner which 0 you might think *T*-1 useful";"manner";"manner";"";"1";"Mill, John Stuart";"l3";"mill-1854";"LET PRIV";"u";"a";"R";"";"";"";"";"l3";"k_l3";"c_lmod"
"salt:/ppcmbe2/mill-1854-2#sTok3267";"every";"every";"viz a 2 lb loaf every day from Monday to Friday";"day";"day";"";"1";"Mill, John Stuart";"l3";"mill-1854";"LET PRIV";"c";"a";"G";"dæg";"Strong";"A-Stem";"M";"l3";"k_l3";"c_lmod"
"salt:/ppcmbe2/mill-1854-2#sTok3651";"some";"some";"to some work on jurisprudence";"work";"work";"";"1";"Mill, John Stuart";"l3";"mill-1854";"LET PRIV";"u";"a";"G";"weorc";"Strong";"A-Stem";"N";"l3";"k_l3";"c_lmod"
"salt:/ppcmbe2/mill-1854-2#sTok4427";"every";"every";"Several times every day";"day";"day";"";"1";"Mill, John Stuart";"l3";"mill-1854";"LET PRIV";"c";"a";"G";"dæg";"Strong";"A-Stem";"M";"l3";"k_l3";"c_lmod"
"salt:/ppcmbe2/mill-1854-2#sTok5188";"each";"each";"of each night";"night";"night";"";"1";"Mill, John Stuart";"l3";"mill-1854";"LET PRIV";"c";"a";"G";"niht";"Strong";"A-Stem";"N";"l3";"k_l3";"c_lmod"
"salt:/ppcmbe2/mill-1854-2#sTok5976";"all";"all";"& all other years";"years";"year";"1";"";"Mill, John Stuart";"l3";"mill-1854";"LET PRIV";"c";"a";"G";"gear";"Strong";"A-Stem";"N";"l3";"k_l3";"c_lmod"
"salt:/ppcmbe2/mill-1854-2#sTok6537";"any";"any";"about any work of our own";"work";"work";"";"1";"Mill, John Stuart";"l3";"mill-1854";"LET PRIV";"u";"a";"G";"weorc";"Strong";"A-Stem";"N";"l3";"k_l3";"c_lmod"
"salt:/ppcmbe2/mill-1854-2#sTok6653";"every";"every";"*T*-1 I rejoice every day in knowing exactly her whereabout - all the objects about her both indoors & out";"day";"day";"";"1";"Mill, John Stuart";"l3";"mill-1854";"LET PRIV";"c";"a";"G";"dæg";"Strong";"A-Stem";"M";"l3";"k_l3";"c_lmod"
"salt:/ppcmbe2/mill-1854-2#sTok9803";"few";"few";"In the last few days";"days";"day";"1";"";"Mill, John Stuart";"l3";"mill-1854";"LET PRIV";"c";"a";"G";"dæg";"Strong";"A-Stem";"M";"l3";"k_l3";"c_lmod"
"salt:/ppcmbe2/mill-1854-2#sTok10493";"many";"many";"for many years";"years";"year";"1";"";"Mill, John Stuart";"l3";"mill-1854";"LET PRIV";"c";"a";"G";"gear";"Strong";"A-Stem";"N";"l3";"k_l3";"c_lmod"
"salt:/ppcmbe2/mill-1854-2#sTok11361";"all";"all";"all day & part of the evening";"day";"day";"";"1";"Mill, John Stuart";"l3";"mill-1854";"LET PRIV";"c";"a";"G";"dæg";"Strong";"A-Stem";"M";"l3";"k_l3";"c_lmod"
"salt:/ppcmbe2/mill-1871-2#sTok82";"every";"every";"and every other country";"country";"country";"";"1";"Mill, John Stuart";"l4";"mill-1871";"LET PRIV";"c";"c";"R";"";"";"";"";"l4";"l_l4";"c_lmod"
"salt:/ppcmbe2/mill-1871-2#sTok150";"every";"every";"a few days every succeeding year";"year";"year";"";"1";"Mill, John Stuart";"l4";"mill-1871";"LET PRIV";"c";"a";"G";"gear";"Strong";"A-Stem";"N";"l4";"l_l4";"c_lmod"
"salt:/ppcmbe2/mill-1871-2#sTok766";"several";"several";"several years ago";"years";"year";"1";"";"Mill, John Stuart";"l4";"mill-1871";"LET PRIV";"c";"a";"G";"gear";"Strong";"A-Stem";"N";"l4";"l_l4";"c_lmod"
"salt:/ppcmbe2/mill-1871-2#sTok2299";"no";"no";"no other country could do";"country";"country";"";"1";"Mill, John Stuart";"l4";"mill-1871";"LET PRIV";"c";"c";"R";"";"";"";"";"l4";"l_l4";"c_lmod"
"salt:/ppcmbe2/mill-1871-2#sTok2652";"both";"both";"in both countries";"countries";"country";"1";"";"Mill, John Stuart";"l4";"mill-1871";"LET PRIV";"c";"c";"R";"";"";"";"";"l4";"l_l4";"c_lmod"
"salt:/ppcmbe2/mill-1871-2#sTok3288";"few";"few";"*T*-1 moreover by the circumstances of his usurpation could get few honest men to serve him";"men";"man";"1";"";"Mill, John Stuart";"l4";"mill-1871";"LET PRIV";"c";"c";"G";"mann";"Weak";"Consonant-Stem";"M/N";"l4";"l_l4";"c_lmod"
"salt:/ppcmbe2/mill-1871-2#sTok5390";"every";"every";"*T*-1 every country necessarily carries on for itself";"country";"country";"";"1";"Mill, John Stuart";"l4";"mill-1871";"LET PRIV";"c";"c";"R";"";"";"";"";"l4";"l_l4";"c_lmod"
"salt:/ppcmbe2/mill-1871-2#sTok8816";"many";"many";"there are many books which 0 *T*-2 treat particular topics instructively or which 0 *T*-3 for one reason or another are worth reading";"books";"book";"1";"";"Mill, John Stuart";"l4";"mill-1871";"LET PRIV";"c";"c";"G";"boc";"Weak";"Consonant-Stem";"F";"l4";"l_l4";"c_lmod"
"salt:/ppcmbe2/mill-1871-2#sTok8958";"no";"no";"of no books so likely to be useful , both from their intrinsic merit and from their cosmopolitan character as some of Bentham's writings , especially those edited in French by Dumont , translations of which , or the original papers on which 0 *T*-2 they were founded , 0 *T*-1 are in the collected edition of Bentham's Works";"books";"book";"1";"";"Mill, John Stuart";"l4";"mill-1871";"LET PRIV";"c";"c";"G";"boc";"Weak";"Consonant-Stem";"F";"l4";"l_l4";"c_lmod"
"salt:/ppcmbe2/mill-1871-2#sTok9458";"some";"some";"dining with me some day 0 that *T*-1 you are in town";"day";"day";"";"1";"Mill, John Stuart";"l4";"mill-1871";"LET PRIV";"c";"a";"G";"dæg";"Strong";"A-Stem";"M";"l4";"l_l4";"c_lmod"
"salt:/ppcmbe2/mill-1871-2#sTok10979";"no";"no";"the London Executive Committee has no right to decide a point practically swamping the London Society , without referring to the members of that Society itself";"right";"right";"";"1";"Mill, John Stuart";"l4";"mill-1871";"LET PRIV";"c";"a";"G";"riht";"Strong";"A-Stem";"N";"l4";"l_l4";"c_lmod"
"salt:/ppcmbe2/montagu-1718-1#sTok2461";"some";"some";"or some other fine fur";"fur";"fur";"";"1";"Montagu, Mary Wortley";"l1";"montagu-1718";"LET PRIV";"u";"s";"R";"";"";"";"";"l1";"i_l1";"c_lmod"
"salt:/ppcmbe2/montagu-1718-1#sTok4261";"some";"some";"*T*-1 they burn some poor Rascian houses";"houses";"house";"1";"";"Montagu, Mary Wortley";"l1";"montagu-1718";"LET PRIV";"c";"c";"G";"hus";"Strong";"A-Stem";"N";"l1";"i_l1";"c_lmod"
"salt:/ppcmbe2/montagu-1718-1#sTok4487";"every";"every";"He sups with us every night ,";"night";"night";"";"1";"Montagu, Mary Wortley";"l1";"montagu-1718";"LET PRIV";"c";"a";"G";"niht";"Strong";"A-Stem";"N";"l1";"i_l1";"c_lmod"
"salt:/ppcmbe2/montagu-1718-1#sTok4751";"many";"many";"than many Christian men of quality";"men";"man";"1";"";"Montagu, Mary Wortley";"l1";"montagu-1718";"LET PRIV";"c";"c";"G";"mann";"Weak";"Consonant-Stem";"M/N";"l1";"i_l1";"c_lmod"
"salt:/ppcmbe2/montagu-1718-1#sTok5158";"every";"every";"and I was almost in tears <P_94> every day , to see their insolencies in the poor villages through which 0 *T*-1 we passed .";"day";"day";"";"1";"Montagu, Mary Wortley";"l1";"montagu-1718";"LET PRIV";"c";"a";"G";"dæg";"Strong";"A-Stem";"M";"l1";"i_l1";"c_lmod"
"salt:/ppcmbe2/montagu-1718-1#sTok5411";"all";"all";"with all my heart";"heart";"heart";"";"1";"Montagu, Mary Wortley";"l1";"montagu-1718";"LET PRIV";"c";"c";"G";"heorte";"Weak";"N-Stem";"F";"l1";"i_l1";"c_lmod"
"salt:/ppcmbe2/montagu-1718-1#sTok7268";"no";"no";"no book of travels could inform you of *T*-2 , as 0 $'t $is {TEXT:'tis} no less than death for a man to be found in one of these places";"book";"book";"";"1";"Montagu, Mary Wortley";"l1";"montagu-1718";"LET PRIV";"c";"c";"G";"boc";"Weak";"Consonant-Stem";"F";"l1";"i_l1";"c_lmod"
"salt:/ppcmbe2/montagu-1718-1#sTok7621";"no";"no";"Indeed the Janizaries had no mercy on their poverty , killing all the poultry and sheep 0 0 *T*-1 they could find , without asking to whom 0 *T*-2 they belonged ; while 0 the wretched owners durst not put in their claim for fear of being beaten .";"mercy";"mercy";"";"1";"Montagu, Mary Wortley";"l1";"montagu-1718";"LET PRIV";"u";"a";"R";"";"";"";"";"l1";"i_l1";"c_lmod"
"salt:/ppcmbe2/montagu-1718-1#sTok8594";"all";"all";"all the creatures of God are good";"creatures";"creature";"1";"";"Montagu, Mary Wortley";"l1";"montagu-1718";"LET PRIV";"c";"c";"R";"";"";"";"";"l1";"i_l1";"c_lmod"
"salt:/ppcmbe2/montagu-1718-1#sTok10007";"some";"some";"some few days before 0 I came hither";"days";"day";"1";"";"Montagu, Mary Wortley";"l1";"montagu-1718";"LET PRIV";"c";"a";"G";"dæg";"Strong";"A-Stem";"M";"l1";"i_l1";"c_lmod"
"salt:/ppcmbe2/montagu-1718-1#sTok10008";"few";"few";"some few days before 0 I came hither";"days";"day";"1";"";"Montagu, Mary Wortley";"l1";"montagu-1718";"LET PRIV";"c";"a";"G";"dæg";"Strong";"A-Stem";"M";"l1";"i_l1";"c_lmod"
"salt:/ppcmbe2/montagu-1718-1#sTok11605";"any";"any";"and in Asia , any man 0 that *T*-1 is rich , is forced to enroll himself a Janizary to secure his estate .";"man";"man";"";"1";"Montagu, Mary Wortley";"l1";"montagu-1718";"LET PRIV";"c";"c";"G";"mann";"Weak";"Consonant-Stem";"M/N";"l1";"i_l1";"c_lmod"
"salt:/ppcmbe2/montagu-1718-1#sTok11825";"every";"every";"every day does not present you with something new";"day";"day";"";"1";"Montagu, Mary Wortley";"l1";"montagu-1718";"LET PRIV";"c";"a";"G";"dæg";"Strong";"A-Stem";"M";"l1";"i_l1";"c_lmod"
"salt:/ppcmbe2/montefiore-1836-1#sTok197";"all";"all";"and all hands were immediately employed in arranging the sails , cable , &c.";"hands";"hand";"1";"";"Montefiore, Lady Judith, n&eacute;ee Cohen";"l3";"montefiore-1836";"TRAVELOGUE";"c";"c";"G";"hand";"Strong";"U-Stem";"F";"l3";"k_l3";"c_lmod"
"salt:/ppcmbe2/montefiore-1836-1#sTok1732";"little";"little";"Pompey's Pillar has little right to the name of the celebrated Roman";"right";"right";"";"1";"Montefiore, Lady Judith, n&eacute;ee Cohen";"l3";"montefiore-1836";"TRAVELOGUE";"c";"a";"G";"riht";"Strong";"A-Stem";"N";"l3";"k_l3";"c_lmod"
"salt:/ppcmbe2/montefiore-1836-1#sTok8974";"some";"some";"in some countries";"countries";"country";"1";"";"Montefiore, Lady Judith, n&eacute;ee Cohen";"l3";"montefiore-1836";"TRAVELOGUE";"c";"c";"R";"";"";"";"";"l3";"k_l3";"c_lmod"
"salt:/ppcmbe2/montefiore-1836-1#sTok12192";"Several";"several";"Several young men *ICH*-2 , he said , 0 *T*-1 who 0 *T*-3 had come from Europe , and *T*-3 had ridiculed the idea of restricting their appetites , fell victims to their indiscretion .";"men";"man";"1";"";"Montefiore, Lady Judith, n&eacute;ee Cohen";"l3";"montefiore-1836";"TRAVELOGUE";"c";"c";"G";"mann";"Weak";"Consonant-Stem";"M/N";"l3";"k_l3";"c_lmod"
"salt:/ppcmbe2/moore-181x-2#sTok508";"no";"no";"there was no such man as Homer";"man";"man";"";"1";"Moore, Thomas";"l3";"moore-181x";"DIARY PRIV";"c";"c";"G";"mann";"Weak";"Consonant-Stem";"M/N";"l3";"k_l3";"c_lmod"
"salt:/ppcmbe2/moore-181x-2#sTok740";"any";"any";"with ' any man or woman to whom 0 *T*-2 money was for a time useless ' , who 0 *T*-3 would venture +L 100 upon a literary speculation 0 0 *T*-4 he had in hand";"man";"man";"";"1";"Moore, Thomas";"l3";"moore-181x";"DIARY PRIV";"c";"c";"G";"mann";"Weak";"Consonant-Stem";"M/N";"l3";"k_l3";"c_lmod"
"salt:/ppcmbe2/moore-181x-2#sTok1953";"all";"all";"*T*-1 threw all the graces and courtesies of aristocratic ceremony round his republican court";"graces";"grace";"1";"";"Moore, Thomas";"l3";"moore-181x";"DIARY PRIV";"u";"a";"R";"";"";"";"";"l3";"k_l3";"c_lmod"
"salt:/ppcmbe2/moore-181x-2#sTok3270";"all";"all";"In the garden all day ;";"day";"day";"";"1";"Moore, Thomas";"l3";"moore-181x";"DIARY PRIV";"c";"a";"G";"dæg";"Strong";"A-Stem";"M";"l3";"k_l3";"c_lmod"
"salt:/ppcmbe2/moore-181x-2#sTok3748";"all";"all";"*pro* Pursued my task all day in the garden ,";"day";"day";"";"1";"Moore, Thomas";"l3";"moore-181x";"DIARY PRIV";"c";"a";"G";"dæg";"Strong";"A-Stem";"M";"l3";"k_l3";"c_lmod"
"salt:/ppcmbe2/moore-181x-2#sTok4679";"Few";"few";"Few men , once so talked of * , have ever produced so little sensation by their death .";"men";"man";"1";"";"Moore, Thomas";"l3";"moore-181x";"DIARY PRIV";"c";"c";"G";"mann";"Weak";"Consonant-Stem";"M/N";"l3";"k_l3";"c_lmod"
"salt:/ppcmbe2/moore-181x-2#sTok5900";"some";"some";"some years ago";"years";"year";"1";"";"Moore, Thomas";"l3";"moore-181x";"DIARY PRIV";"c";"a";"G";"gear";"Strong";"A-Stem";"N";"l3";"k_l3";"c_lmod"
"salt:/ppcmbe2/moore-181x-2#sTok6088";"some";"some";"some years ago";"years";"year";"1";"";"Moore, Thomas";"l3";"moore-181x";"DIARY PRIV";"c";"a";"G";"gear";"Strong";"A-Stem";"N";"l3";"k_l3";"c_lmod"
"salt:/ppcmbe2/moore-181x-2#sTok10255";"no";"no";"*T*-1 can give him no milk";"milk";"milk";"";"1";"Moore, Thomas";"l3";"moore-181x";"DIARY PRIV";"u";"s";"G";"meolc";"Strong";"I-Stem";"F";"l3";"k_l3";"c_lmod"
"salt:/ppcmbe2/moore-181x-2#sTok10395";"all";"all";"Poor Bessy on her legs all day , to get everything as nice as possible ;";"day";"day";"";"1";"Moore, Thomas";"l3";"moore-181x";"DIARY PRIV";"c";"a";"G";"dæg";"Strong";"A-Stem";"M";"l3";"k_l3";"c_lmod"
"salt:/ppcmbe2/moore-181x-2#sTok10537";"some";"some";"for some days";"days";"day";"1";"";"Moore, Thomas";"l3";"moore-181x";"DIARY PRIV";"c";"a";"G";"dæg";"Strong";"A-Stem";"M";"l3";"k_l3";"c_lmod"
"salt:/ppcmbe2/moore-181x-2#sTok11466";"both";"both";"most cordially giving me both his hands";"hands";"hand";"1";"";"Moore, Thomas";"l3";"moore-181x";"DIARY PRIV";"c";"c";"G";"hand";"Strong";"U-Stem";"F";"l3";"k_l3";"c_lmod"
"salt:/ppcmbe2/moore-181x-2#sTok13330";"all";"all";"*pro* Walked about all day shopping :";"day";"day";"";"1";"Moore, Thomas";"l3";"moore-181x";"DIARY PRIV";"c";"a";"G";"dæg";"Strong";"A-Stem";"M";"l3";"k_l3";"c_lmod"
"salt:/ppcmbe2/moore-181x-2#sTok13802";"all";"all";"all the last day exclaiming every instant , ' The suspense ! the suspense ! \" which 0 the physician who 0 *T*-2 attended him was doubtful whether 0 he meant *T*-1 to allude to religious doubts , or the success of a medicine which 0 *T*-3 he had taken , and on whose operation 0 *T*-4 his life depended";"day";"day";"";"1";"Moore, Thomas";"l3";"moore-181x";"DIARY PRIV";"c";"a";"G";"dæg";"Strong";"A-Stem";"M";"l3";"k_l3";"c_lmod"
"salt:/ppcmbe2/morris-172x-2#sTok1305";"some";"some";"for some years past";"years";"year";"1";"";"Morris, Dr. Claver";"l1";"morris-172x";"DIARY PRIV";"c";"a";"G";"gear";"Strong";"A-Stem";"N";"l1";"i_l1";"c_lmod"
"salt:/ppcmbe2/morris-172x-2#sTok2437";"all";"all";"coming from thence all night";"night";"night";"";"1";"Morris, Dr. Claver";"l1";"morris-172x";"DIARY PRIV";"c";"a";"G";"niht";"Strong";"A-Stem";"N";"l1";"i_l1";"c_lmod"
"salt:/ppcmbe2/morris-172x-2#sTok6064";"all";"all";"31 My Son was all this day extremely tormented with the Tooth-Ach ; which 0 *T*-1 hinder'd his intended Visit to little Master Coxe .";"day";"day";"";"1";"Morris, Dr. Claver";"l1";"morris-172x";"DIARY PRIV";"c";"a";"G";"dæg";"Strong";"A-Stem";"M";"l1";"i_l1";"c_lmod"
"salt:/ppcmbe2/morris-172x-2#sTok8881";"all";"all";"through all the Moods";"Moods";"mood";"1";"";"Morris, Dr. Claver";"l1";"morris-172x";"DIARY PRIV";"c";"a";"G";"mod";"Strong";"A-Stem";"N";"l1";"i_l1";"c_lmod"
"salt:/ppcmbe2/morris-172x-2#sTok9247";"no";"no";"that would $be no manner of Punishment to him";"manner";"manner";"";"1";"Morris, Dr. Claver";"l1";"morris-172x";"DIARY PRIV";"u";"a";"R";"";"";"";"";"l1";"i_l1";"c_lmod"
"salt:/ppcmbe2/morton-1813-2#sTok162";"no";"no";"for to know friends , as 0 times go , is no very easy matter .";"matter";"matter";"";"1";"Morton, Thomas";"l3";"morton-1813";"DRAMA COMEDY";"c";"s";"R";"";"";"";"";"l3";"k_l3";"c_lmod"
"salt:/ppcmbe2/morton-1813-2#sTok10448";"both";"both";"taking both their hands";"hands";"hand";"1";"";"Morton, Thomas";"l3";"morton-1813";"DRAMA COMEDY";"c";"c";"G";"hand";"Strong";"U-Stem";"F";"l3";"k_l3";"c_lmod"
"salt:/ppcmbe2/morton-1813-2#sTok10655";"all";"all";"<font> Broad. <$$font> Thee shall go to school all thy days , if 0 thee lik'st .";"days";"day";"1";"";"Morton, Thomas";"l3";"morton-1813";"DRAMA COMEDY";"c";"a";"G";"dæg";"Strong";"A-Stem";"M";"l3";"k_l3";"c_lmod"
"salt:/ppcmbe2/morton-1813-2#sTok11184";"some";"some";"for some folk";"folk";"folk";"1";"";"Morton, Thomas";"l3";"morton-1813";"DRAMA COMEDY";"u";"c";"G";"folc";"Strong";"A-Stem";"N";"l3";"k_l3";"c_lmod"
"salt:/ppcmbe2/newcome-new-1796-1#sTok178";"every";"every";"*T*-1 enlighteneth every man";"man";"man";"";"1";"Newcome, William";"l2";"newcome-new-1796";"BIBLE";"c";"c";"G";"mann";"Weak";"Consonant-Stem";"M/N";"l2";"j_l2";"c_lmod"
"salt:/ppcmbe2/newcome-new-1796-1#sTok424";"No";"no";"No man hath seen God at any time ;";"man";"man";"";"1";"Newcome, William";"l2";"newcome-new-1796";"BIBLE";"c";"c";"G";"mann";"Weak";"Consonant-Stem";"M/N";"l2";"j_l2";"c_lmod"
"salt:/ppcmbe2/newcome-new-1796-1#sTok1803";"Every";"every";"Every man at first setteth on good wine";"man";"man";"";"1";"Newcome, William";"l2";"newcome-new-1796";"BIBLE";"c";"c";"G";"mann";"Weak";"Consonant-Stem";"M/N";"l2";"j_l2";"c_lmod"
"salt:/ppcmbe2/newcome-new-1796-1#sTok1900";"many";"many";"and they remained there not many days .";"days";"day";"1";"";"Newcome, William";"l2";"newcome-new-1796";"BIBLE";"c";"a";"G";"dæg";"Strong";"A-Stem";"M";"l2";"j_l2";"c_lmod"
"salt:/ppcmbe2/newcome-new-1796-1#sTok2320";"no";"no";"for no man can do these miracles which 0 *T*-1 thou doest , unless 0 God be with him . \"";"man";"man";"";"1";"Newcome, William";"l2";"newcome-new-1796";"BIBLE";"c";"c";"G";"mann";"Weak";"Consonant-Stem";"M/N";"l2";"j_l2";"c_lmod"
"salt:/ppcmbe2/newcome-new-1796-1#sTok2662";"no";"no";"Now no man goeth up to heaven , but he who 0 *T*-1 came down from heaven , <font> even <$$font> the Son of man , who 0 *T*-2 was in heaven .";"man";"man";"";"1";"Newcome, William";"l2";"newcome-new-1796";"BIBLE";"c";"c";"G";"mann";"Weak";"Consonant-Stem";"M/N";"l2";"j_l2";"c_lmod"
"salt:/ppcmbe2/newcome-new-1796-1#sTok2985";"much";"much";"much water was there";"water";"water";"";"1";"Newcome, William";"l2";"newcome-new-1796";"BIBLE";"u";"s";"G";"wæter";"Strong";"A-Stem";"N";"l2";"j_l2";"c_lmod"
"salt:/ppcmbe2/newcome-new-1796-1#sTok3077";"all";"all";"and all <font> men <$$font> come to him . \"";"men";"man";"1";"";"Newcome, William";"l2";"newcome-new-1796";"BIBLE";"c";"c";"G";"mann";"Weak";"Consonant-Stem";"M/N";"l2";"j_l2";"c_lmod"
"salt:/ppcmbe2/newcome-new-1796-1#sTok5208";"no";"no";"Sir , I have no man *ICH*-1 , when 0 the water is troubled , 0 *T*-1 to put me into the pool";"man";"man";"";"1";"Newcome, William";"l2";"newcome-new-1796";"BIBLE";"c";"c";"G";"mann";"Weak";"Consonant-Stem";"M/N";"l2";"j_l2";"c_lmod"
"salt:/ppcmbe2/newcome-new-1796-1#sTok5710";"any";"any";"For neither doth the Father judge any man :";"man";"man";"";"1";"Newcome, William";"l2";"newcome-new-1796";"BIBLE";"c";"c";"G";"mann";"Weak";"Consonant-Stem";"M/N";"l2";"j_l2";"c_lmod"
"salt:/ppcmbe2/newcome-new-1796-1#sTok7790";"No";"no";"No man can come to me , unless 0 the Father , who 0 *T*-1 sent me , draw him :";"man";"man";"";"1";"Newcome, William";"l2";"newcome-new-1796";"BIBLE";"c";"c";"G";"mann";"Weak";"Consonant-Stem";"M/N";"l2";"j_l2";"c_lmod"
"salt:/ppcmbe2/newcome-new-1796-1#sTok7862";"any";"any";"any <font> man <$$font> hath seen the Father";"man";"man";"";"1";"Newcome, William";"l2";"newcome-new-1796";"BIBLE";"c";"c";"G";"mann";"Weak";"Consonant-Stem";"M/N";"l2";"j_l2";"c_lmod"
"salt:/ppcmbe2/newcome-new-1796-1#sTok7971";"any";"any";"any man eat of this bread";"man";"man";"";"1";"Newcome, William";"l2";"newcome-new-1796";"BIBLE";"c";"c";"G";"mann";"Weak";"Consonant-Stem";"M/N";"l2";"j_l2";"c_lmod"
"salt:/ppcmbe2/newcome-new-1796-1#sTok8676";"no";"no";"For no man doeth any thing in secret ,";"man";"man";"";"1";"Newcome, William";"l2";"newcome-new-1796";"BIBLE";"c";"c";"G";"mann";"Weak";"Consonant-Stem";"M/N";"l2";"j_l2";"c_lmod"
"salt:/ppcmbe2/newcome-new-1796-1#sTok8922";"no";"no";"However no man spake openly of him , for fear of the Jews .";"man";"man";"";"1";"Newcome, William";"l2";"newcome-new-1796";"BIBLE";"c";"c";"G";"mann";"Weak";"Consonant-Stem";"M/N";"l2";"j_l2";"c_lmod"
"salt:/ppcmbe2/newcome-new-1796-1#sTok9013";"any";"any";"any man desire to do his will";"man";"man";"";"1";"Newcome, William";"l2";"newcome-new-1796";"BIBLE";"c";"c";"G";"mann";"Weak";"Consonant-Stem";"M/N";"l2";"j_l2";"c_lmod"
"salt:/ppcmbe2/newcome-new-1796-1#sTok9424";"no";"no";"yet no man laid hands on him , because 0 his hour was not yet come .";"man";"man";"";"1";"Newcome, William";"l2";"newcome-new-1796";"BIBLE";"c";"c";"G";"mann";"Weak";"Consonant-Stem";"M/N";"l2";"j_l2";"c_lmod"
"salt:/ppcmbe2/newcome-new-1796-1#sTok9695";"any";"any";"any man thirst";"man";"man";"";"1";"Newcome, William";"l2";"newcome-new-1796";"BIBLE";"c";"c";"G";"mann";"Weak";"Consonant-Stem";"M/N";"l2";"j_l2";"c_lmod"
"salt:/ppcmbe2/newcome-new-1796-1#sTok10020";"any";"any";"Doth our law judge any man , unless 0 it first hear him , and *con* know what 0 *T*-3 he doeth";"man";"man";"";"1";"Newcome, William";"l2";"newcome-new-1796";"BIBLE";"c";"c";"G";"mann";"Weak";"Consonant-Stem";"M/N";"l2";"j_l2";"c_lmod"
"salt:/ppcmbe2/newcome-new-1796-1#sTok10077";"every";"every";"<bracket> Then every man went to his own house :";"man";"man";"";"1";"Newcome, William";"l2";"newcome-new-1796";"BIBLE";"c";"c";"G";"mann";"Weak";"Consonant-Stem";"M/N";"l2";"j_l2";"c_lmod"
"salt:/ppcmbe2/newcome-new-1796-1#sTok10380";"no";"no";"hath no man condemned thee";"man";"man";"";"1";"Newcome, William";"l2";"newcome-new-1796";"BIBLE";"c";"c";"G";"mann";"Weak";"Consonant-Stem";"M/N";"l2";"j_l2";"c_lmod"
"salt:/ppcmbe2/newcome-new-1796-1#sTok10392";"No";"no";"No man , Sir";"man";"man";"";"1";"Newcome, William";"l2";"newcome-new-1796";"BIBLE";"c";"c";"G";"mann";"Weak";"Consonant-Stem";"M/N";"l2";"j_l2";"c_lmod"
"salt:/ppcmbe2/newcome-new-1796-1#sTok11146";"any";"any";"to any man";"man";"man";"";"1";"Newcome, William";"l2";"newcome-new-1796";"BIBLE";"c";"c";"G";"mann";"Weak";"Consonant-Stem";"M/N";"l2";"j_l2";"c_lmod"
"salt:/ppcmbe2/newcome-new-1796-1#sTok12121";"no";"no";"*T*-1 no man can work";"man";"man";"";"1";"Newcome, William";"l2";"newcome-new-1796";"BIBLE";"c";"c";"G";"mann";"Weak";"Consonant-Stem";"M/N";"l2";"j_l2";"c_lmod"
"salt:/ppcmbe2/newcome-new-1796-1#sTok12778";"any";"any";"any man should confess <font> Jesus <$$font> to be <font> the <$$font> Christ";"man";"man";"";"1";"Newcome, William";"l2";"newcome-new-1796";"BIBLE";"c";"c";"G";"mann";"Weak";"Consonant-Stem";"M/N";"l2";"j_l2";"c_lmod"
"salt:/ppcmbe2/newcome-new-1796-1#sTok13071";"any";"any";"any man be a worshipper of God";"man";"man";"";"1";"Newcome, William";"l2";"newcome-new-1796";"BIBLE";"c";"c";"G";"mann";"Weak";"Consonant-Stem";"M/N";"l2";"j_l2";"c_lmod"
"salt:/ppcmbe2/newcome-new-1796-1#sTok13103";"any";"any";"any man opened the eyes of one born blind";"man";"man";"";"1";"Newcome, William";"l2";"newcome-new-1796";"BIBLE";"c";"c";"G";"mann";"Weak";"Consonant-Stem";"M/N";"l2";"j_l2";"c_lmod"
"salt:/ppcmbe2/newcome-new-1796-1#sTok14266";"Many";"many";"Many good works I have shewn you from my Father";"works";"work";"1";"";"Newcome, William";"l2";"newcome-new-1796";"BIBLE";"u";"a";"G";"weorc";"Strong";"A-Stem";"N";"l2";"j_l2";"c_lmod"
"salt:/ppcmbe2/newcome-new-1796-1#sTok15940";"all";"all";"If 0 we suffer him <font> to go on <$$font> thus , all <font> men <$$font> will believe in him :";"men";"man";"1";"";"Newcome, William";"l2";"newcome-new-1796";"BIBLE";"c";"c";"G";"mann";"Weak";"Consonant-Stem";"M/N";"l2";"j_l2";"c_lmod"
"salt:/ppcmbe2/newcome-new-1796-1#sTok16214";"any";"any";"any man knew where 0 *T*-1 he was";"man";"man";"";"1";"Newcome, William";"l2";"newcome-new-1796";"BIBLE";"c";"c";"G";"mann";"Weak";"Consonant-Stem";"M/N";"l2";"j_l2";"c_lmod"
"salt:/ppcmbe2/newcome-new-1796-2#sTok747";"any";"any";"any man serve me";"man";"man";"";"1";"Newcome, William";"l2";"newcome-new-1796";"BIBLE";"c";"c";"G";"mann";"Weak";"Consonant-Stem";"M/N";"l2";"j_l2";"c_lmod"
"salt:/ppcmbe2/newcome-new-1796-2#sTok776";"any";"any";"any man serve me";"man";"man";"";"1";"Newcome, William";"l2";"newcome-new-1796";"BIBLE";"c";"c";"G";"mann";"Weak";"Consonant-Stem";"M/N";"l2";"j_l2";"c_lmod"
"salt:/ppcmbe2/newcome-new-1796-2#sTok958";"all";"all";"And although 0 I shall be lifted up from the earth , I will draw all <font> men <$$font> unto me . \"";"men";"man";"1";"";"Newcome, William";"l2";"newcome-new-1796";"BIBLE";"c";"c";"G";"mann";"Weak";"Consonant-Stem";"M/N";"l2";"j_l2";"c_lmod"
"salt:/ppcmbe2/newcome-new-1796-2#sTok1406";"any";"any";"any man hear my words";"man";"man";"";"1";"Newcome, William";"l2";"newcome-new-1796";"BIBLE";"c";"c";"G";"mann";"Weak";"Consonant-Stem";"M/N";"l2";"j_l2";"c_lmod"
"salt:/ppcmbe2/newcome-new-1796-2#sTok2443";"no";"no";"Now no man at the table knew why <font> 0 *T*-1 Jesus <$$font> spake this unto him .";"man";"man";"";"1";"Newcome, William";"l2";"newcome-new-1796";"BIBLE";"c";"c";"G";"mann";"Weak";"Consonant-Stem";"M/N";"l2";"j_l2";"c_lmod"
"salt:/ppcmbe2/newcome-new-1796-2#sTok2678";"all";"all";"By this all <font> men <$$font> will know that ye are my disciples , if 0 ye have love to one another . \"";"men";"man";"1";"";"Newcome, William";"l2";"newcome-new-1796";"BIBLE";"c";"c";"G";"mann";"Weak";"Consonant-Stem";"M/N";"l2";"j_l2";"c_lmod"
"salt:/ppcmbe2/newcome-new-1796-2#sTok2985";"no";"no";"no man cometh to the Father but by me .";"man";"man";"";"1";"Newcome, William";"l2";"newcome-new-1796";"BIBLE";"c";"c";"G";"mann";"Weak";"Consonant-Stem";"M/N";"l2";"j_l2";"c_lmod"
"salt:/ppcmbe2/newcome-new-1796-2#sTok3547";"any";"any";"any man love me";"man";"man";"";"1";"Newcome, William";"l2";"newcome-new-1796";"BIBLE";"c";"c";"G";"mann";"Weak";"Consonant-Stem";"M/N";"l2";"j_l2";"c_lmod"
"salt:/ppcmbe2/newcome-new-1796-2#sTok4043";"much";"much";"He 0 that *T*-1 abideth in me , and I in him , he beareth much fruit :";"fruit";"fruit";"";"1";"Newcome, William";"l2";"newcome-new-1796";"BIBLE";"c";"s";"R";"";"";"";"";"l2";"j_l2";"c_lmod"
"salt:/ppcmbe2/newcome-new-1796-2#sTok4156";"much";"much";"ye bear much fruit";"fruit";"fruit";"";"1";"Newcome, William";"l2";"newcome-new-1796";"BIBLE";"c";"s";"R";"";"";"";"";"l2";"j_l2";"c_lmod"
"salt:/ppcmbe2/newcome-new-1796-2#sTok4280";"no";"no";"Greater love than this *ICH*-1 hath no man , that a man lay down his life for his friends .";"man";"man";"";"1";"Newcome, William";"l2";"newcome-new-1796";"BIBLE";"c";"c";"G";"mann";"Weak";"Consonant-Stem";"M/N";"l2";"j_l2";"c_lmod"
"salt:/ppcmbe2/newcome-new-1796-2#sTok4638";"none";"none";"*T*-1 none other man did";"man";"man";"";"1";"Newcome, William";"l2";"newcome-new-1796";"BIBLE";"c";"c";"G";"mann";"Weak";"Consonant-Stem";"M/N";"l2";"j_l2";"c_lmod"
"salt:/ppcmbe2/newcome-new-1796-2#sTok5500";"no";"no";"and your joy no man shall take from you .";"man";"man";"";"1";"Newcome, William";"l2";"newcome-new-1796";"BIBLE";"c";"c";"G";"mann";"Weak";"Consonant-Stem";"M/N";"l2";"j_l2";"c_lmod"
"salt:/ppcmbe2/newcome-new-1796-2#sTok5789";"every";"every";"*T*-2 ye will be scattered every man to his own <font> home";"man";"man";"";"1";"Newcome, William";"l2";"newcome-new-1796";"BIBLE";"c";"c";"G";"mann";"Weak";"Consonant-Stem";"M/N";"l2";"j_l2";"c_lmod"
"salt:/ppcmbe2/newcome-new-1796-2#sTok5914";"all";"all";"over all men";"men";"man";"1";"";"Newcome, William";"l2";"newcome-new-1796";"BIBLE";"c";"c";"G";"mann";"Weak";"Consonant-Stem";"M/N";"l2";"j_l2";"c_lmod"
"salt:/ppcmbe2/newcome-new-1796-2#sTok7778";"any";"any";"to put any man to death";"man";"man";"";"1";"Newcome, William";"l2";"newcome-new-1796";"BIBLE";"c";"c";"G";"mann";"Weak";"Consonant-Stem";"M/N";"l2";"j_l2";"c_lmod"
"salt:/ppcmbe2/newcome-new-1796-2#sTok8666";"no";"no";"We have no king but Cesar";"king";"king";"";"1";"Newcome, William";"l2";"newcome-new-1796";"BIBLE";"c";"c";"G";"cyning";"Strong";"A-Stem";"M";"l2";"j_l2";"c_lmod"
"salt:/ppcmbe2/newcome-new-1796-2#sTok9594";"no";"no";"*T*-4 no man had ever been laid";"man";"man";"";"1";"Newcome, William";"l2";"newcome-new-1796";"BIBLE";"c";"c";"G";"mann";"Weak";"Consonant-Stem";"M/N";"l2";"j_l2";"c_lmod"
"salt:/ppcmbe2/nightingale-1848-2#sTok1448";"some";"some";"the Pope had some good man about him";"man";"man";"";"1";"Nightingale, Florence";"l3";"nightingale-1848";"LET PRIV";"c";"c";"G";"mann";"Weak";"Consonant-Stem";"M/N";"l3";"k_l3";"c_lmod"
"salt:/ppcmbe2/nightingale-1848-2#sTok2659";"no";"no";"no <$$font> country , no opinions 0 *T*-1 $to defend";"country";"country";"";"1";"Nightingale, Florence";"l3";"nightingale-1848";"LET PRIV";"c";"c";"R";"";"";"";"";"l3";"k_l3";"c_lmod"
"salt:/ppcmbe2/nightingale-1848-2#sTok9410";"several";"several";"for several years";"years";"year";"1";"";"Nightingale, Florence";"l3";"nightingale-1848";"LET PRIV";"c";"a";"G";"gear";"Strong";"A-Stem";"N";"l3";"k_l3";"c_lmod"
"salt:/ppcmbe2/nightingale-1848-2#sTok11193";"many";"many";"*T*-1 you have heard this many a day";"day";"day";"";"1";"Nightingale, Florence";"l3";"nightingale-1848";"LET PRIV";"c";"a";"G";"dæg";"Strong";"A-Stem";"M";"l3";"k_l3";"c_lmod"
"salt:/ppcmbe2/nightingale-188x-1#sTok2015";"every";"every";"every man should read and write well";"man";"man";"";"1";"Nightingale, Florence";"l4";"nightingale-188x";"LET PRIV";"c";"c";"G";"mann";"Weak";"Consonant-Stem";"M/N";"l4";"l_l4";"c_lmod"
"salt:/ppcmbe2/nightingale-188x-1#sTok2060";"every";"every";"given them every night";"night";"night";"";"1";"Nightingale, Florence";"l4";"nightingale-188x";"LET PRIV";"c";"a";"G";"niht";"Strong";"A-Stem";"N";"l4";"l_l4";"c_lmod"
"salt:/ppcmbe2/nightingale-188x-1#sTok2624";"every";"every";"she had had Scriptural instruction every day for 10 years";"day";"day";"";"1";"Nightingale, Florence";"l4";"nightingale-188x";"LET PRIV";"c";"a";"G";"dæg";"Strong";"A-Stem";"M";"l4";"l_l4";"c_lmod"
"salt:/ppcmbe2/nightingale-188x-1#sTok2778";"all";"all";"Among all the country girls still in their teens , whom 0 *T*-1 I have known or taught , and who 0 *T*-2 had been probably for 8 years at elementary schools";"country";"country";"";"1";"Nightingale, Florence";"l4";"nightingale-188x";"LET PRIV";"c";"c";"R";"";"";"";"";"l4";"l_l4";"c_lmod"
"salt:/ppcmbe2/nightingale-188x-1#sTok2889";"every";"every";"*T*-8 they had been seeing every day of their lives";"day";"day";"";"1";"Nightingale, Florence";"l4";"nightingale-188x";"LET PRIV";"c";"a";"G";"dæg";"Strong";"A-Stem";"M";"l4";"l_l4";"c_lmod"
"salt:/ppcmbe2/nightingale-188x-1#sTok2987";"any";"any";"Do you know any good book which 0 *T*-1 teaches this";"book";"book";"";"1";"Nightingale, Florence";"l4";"nightingale-188x";"LET PRIV";"c";"c";"G";"boc";"Weak";"Consonant-Stem";"F";"l4";"l_l4";"c_lmod"
"salt:/ppcmbe2/nightingale-188x-1#sTok3154";"every";"every";"*T*-2 they pass every day";"day";"day";"";"1";"Nightingale, Florence";"l4";"nightingale-188x";"LET PRIV";"c";"a";"G";"dæg";"Strong";"A-Stem";"M";"l4";"l_l4";"c_lmod"
"salt:/ppcmbe2/nightingale-188x-1#sTok3280";"all";"all";"on all hands";"hands";"hand";"1";"";"Nightingale, Florence";"l4";"nightingale-188x";"LET PRIV";"c";"c";"G";"hand";"Strong";"U-Stem";"F";"l4";"l_l4";"c_lmod"
"salt:/ppcmbe2/nightingale-188x-1#sTok3407";"some";"some";"And I should like some day to hear how 0 *T*-1 my other children are doing at School .";"day";"day";"";"1";"Nightingale, Florence";"l4";"nightingale-188x";"LET PRIV";"c";"a";"G";"dæg";"Strong";"A-Stem";"M";"l4";"l_l4";"c_lmod"
"salt:/ppcmbe2/nightingale-189x-1#sTok1316";"few";"few";"in the last few years";"years";"year";"1";"";"Nightingale, Florence";"l4";"nightingale-189x";"LET PRIV";"c";"a";"G";"gear";"Strong";"A-Stem";"N";"l4";"l_l4";"c_lmod"
"salt:/ppcmbe2/oconnell-1844-2#sTok3972";"no";"no";"the learned counsel had no right to call upon the witness to read those passages which 0 he considered *T*-1 material";"right";"right";"";"1";"n/a";"l3";"oconnell-1844";"PROC TRIAL";"c";"a";"G";"riht";"Strong";"A-Stem";"N";"l3";"k_l3";"c_lmod"
"salt:/ppcmbe2/oconnell-1844-2#sTok4436";"no";"no";"Mr. Fitzgibbon - Having in his own mind determined not to ask the witness any more questions , Mr. Brewster has no right to state his reasons for coming to that determination .";"right";"right";"";"1";"n/a";"l3";"oconnell-1844";"PROC TRIAL";"c";"a";"G";"riht";"Strong";"A-Stem";"N";"l3";"k_l3";"c_lmod"
"salt:/ppcmbe2/oconnell-1844-2#sTok12791";"no";"no";"Whatever 0 *T*-1 be the views of public men with regard to maintaining or repealing the act of union , no man of common sense and common honesty can deny the truth of that resolution ;";"man";"man";"";"1";"n/a";"l3";"oconnell-1844";"PROC TRIAL";"c";"c";"G";"mann";"Weak";"Consonant-Stem";"M/N";"l3";"k_l3";"c_lmod"
"salt:/ppcmbe2/oconnell-1844-2#sTok12808";"no";"no";"no man can deny the reckless character of the men by whom 0 *T*-1 the union was proposed , or the infamous means which 0 *T*-2 were adopted to carry it ;";"man";"man";"";"1";"n/a";"l3";"oconnell-1844";"PROC TRIAL";"c";"c";"G";"mann";"Weak";"Consonant-Stem";"M/N";"l3";"k_l3";"c_lmod"
"salt:/ppcmbe2/oconnell-1844-2#sTok13196";"any";"any";"Now 0 that *T*-1 the determination of the nation has been fixed <P_184> on the return of their legislature as 0 it is to-day , can any man doubt that under the guidance of our great leader we shall soon obtain it";"man";"man";"";"1";"n/a";"l3";"oconnell-1844";"PROC TRIAL";"c";"c";"G";"mann";"Weak";"Consonant-Stem";"M/N";"l3";"k_l3";"c_lmod"
"salt:/ppcmbe2/oconnell-1844-2#sTok13411";"no";"no";"no very distant day";"day";"day";"";"1";"n/a";"l3";"oconnell-1844";"PROC TRIAL";"c";"a";"G";"dæg";"Strong";"A-Stem";"M";"l3";"k_l3";"c_lmod"
"salt:/ppcmbe2/oconnell-1844-2#sTok14569";"all";"all";"all the water would run by that he might pass over dry";"water";"water";"";"1";"n/a";"l3";"oconnell-1844";"PROC TRIAL";"u";"s";"G";"wæter";"Strong";"A-Stem";"N";"l3";"k_l3";"c_lmod"
"salt:/ppcmbe2/oconnell-1844-2#sTok15298";"any";"any";"any man in your county becomes a Ribbonman";"man";"man";"";"1";"n/a";"l3";"oconnell-1844";"PROC TRIAL";"c";"c";"G";"mann";"Weak";"Consonant-Stem";"M/N";"l3";"k_l3";"c_lmod"
"salt:/ppcmbe2/oconnell-1844-2#sTok15328";"every";"every";"every man who 0 *T*-1 promises me that he will catch a Ribbonman , hold up his hand";"man";"man";"";"1";"n/a";"l3";"oconnell-1844";"PROC TRIAL";"c";"c";"G";"mann";"Weak";"Consonant-Stem";"M/N";"l3";"k_l3";"c_lmod"
"salt:/ppcmbe2/oconnell-1844-2#sTok15464";"any";"any";"If 0 I want you I can get you any day in the week";"day";"day";"";"1";"n/a";"l3";"oconnell-1844";"PROC TRIAL";"c";"a";"G";"dæg";"Strong";"A-Stem";"M";"l3";"k_l3";"c_lmod"
"salt:/ppcmbe2/oconnell-1844-2#sTok16368";"no";"no";"The witness had no right to answer it .";"right";"right";"";"1";"n/a";"l3";"oconnell-1844";"PROC TRIAL";"c";"a";"G";"riht";"Strong";"A-Stem";"N";"l3";"k_l3";"c_lmod"
"salt:/ppcmbe2/oconnell-1844-2#sTok16568";"several";"several";"for several days";"days";"day";"1";"";"n/a";"l3";"oconnell-1844";"PROC TRIAL";"c";"a";"G";"dæg";"Strong";"A-Stem";"M";"l3";"k_l3";"c_lmod"
"salt:/ppcmbe2/oconnell-1844-2#sTok23303";"any";"any";"any day , or any hour";"day";"day";"";"1";"n/a";"l3";"oconnell-1844";"PROC TRIAL";"c";"a";"G";"dæg";"Strong";"A-Stem";"M";"l3";"k_l3";"c_lmod"
"salt:/ppcmbe2/oconnell-1844-2#sTok25873";"Every";"every";"Every man who 0 *T*-1 commits a crime gives strength the enemy";"man";"man";"";"1";"n/a";"l3";"oconnell-1844";"PROC TRIAL";"c";"c";"G";"mann";"Weak";"Consonant-Stem";"M/N";"l3";"k_l3";"c_lmod"
"salt:/ppcmbe2/oconnell-1844-2#sTok28012";"any";"any";"any one man on that day giving offence to any other man";"man";"man";"";"1";"n/a";"l3";"oconnell-1844";"PROC TRIAL";"c";"c";"G";"mann";"Weak";"Consonant-Stem";"M/N";"l3";"k_l3";"c_lmod"
"salt:/ppcmbe2/oconnell-1844-2#sTok28021";"any";"any";"to any other man";"man";"man";"";"1";"n/a";"l3";"oconnell-1844";"PROC TRIAL";"c";"c";"G";"mann";"Weak";"Consonant-Stem";"M/N";"l3";"k_l3";"c_lmod"
"salt:/ppcmbe2/oconnell-1844-2#sTok31044";"no";"no";"but you have no right , sir , to decide , or to pronounce that my question was illegal .";"right";"right";"";"1";"n/a";"l3";"oconnell-1844";"PROC TRIAL";"c";"a";"G";"riht";"Strong";"A-Stem";"N";"l3";"k_l3";"c_lmod"
"salt:/ppcmbe2/oconnell-1844-2#sTok31384";"some";"some";"in some house near the platform";"house";"house";"";"1";"n/a";"l3";"oconnell-1844";"PROC TRIAL";"c";"c";"G";"hus";"Strong";"A-Stem";"N";"l3";"k_l3";"c_lmod"
"salt:/ppcmbe2/oconnell-1844-2#sTok32459";"all";"all";"all the men who 0 *T*-1 came into Longford marched two deep";"men";"man";"1";"";"n/a";"l3";"oconnell-1844";"PROC TRIAL";"c";"c";"G";"mann";"Weak";"Consonant-Stem";"M/N";"l3";"k_l3";"c_lmod"
"salt:/ppcmbe2/oconnell-1844-2#sTok32608";"every";"every";"every man of that large party who 0 *T*-1 came into Longford on the day in question marched two deep";"man";"man";"";"1";"n/a";"l3";"oconnell-1844";"PROC TRIAL";"c";"c";"G";"mann";"Weak";"Consonant-Stem";"M/N";"l3";"k_l3";"c_lmod"
"salt:/ppcmbe2/oconnell-1844-2#sTok34834";"every";"every";"You saw these two persons every day during the progress of this trial ?";"day";"day";"";"1";"n/a";"l3";"oconnell-1844";"PROC TRIAL";"c";"a";"G";"dæg";"Strong";"A-Stem";"M";"l3";"k_l3";"c_lmod"
"salt:/ppcmbe2/oconnell-1844-2#sTok37160";"some";"some";"some country fellow on the platform tell some one {COM:semantics_of_pseudo-imperative_but_nonfinite} to go out of the crowd , or if 0 he did not * his throat ought to be cut";"country";"country";"";"1";"n/a";"l3";"oconnell-1844";"PROC TRIAL";"c";"c";"R";"";"";"";"";"l3";"k_l3";"c_lmod"
"salt:/ppcmbe2/oconnell-1844-2#sTok37471";"some";"some";"Well , there were some pretty country girls there very near you ?";"country";"country";"";"1";"n/a";"l3";"oconnell-1844";"PROC TRIAL";"c";"c";"R";"";"";"";"";"l3";"k_l3";"c_lmod"
"salt:/ppcmbe2/oconnell-1844-2#sTok42045";"no";"no";"Mr. Fitzgibbon has , {COM:sic} no right to ask the witness any question relating to the contents of that document without placing it in his hands";"right";"right";"";"1";"n/a";"l3";"oconnell-1844";"PROC TRIAL";"c";"a";"G";"riht";"Strong";"A-Stem";"N";"l3";"k_l3";"c_lmod"
"salt:/ppcmbe2/oconnell-1844-2#sTok44399";"no";"no";"If 0 that were once admitted by a court of law as legal evidence , there was no man in the community safe from being implicated in the commission of crimes and offences of which 0 he may be totally innocent *T*-2";"man";"man";"";"1";"n/a";"l3";"oconnell-1844";"PROC TRIAL";"c";"c";"G";"mann";"Weak";"Consonant-Stem";"M/N";"l3";"k_l3";"c_lmod"
"salt:/ppcmbe2/oconnell-1844-2#sTok47063";"no";"no";"I had no work 0 *T*-1 to do in my capacity of a policeman .";"work";"work";"";"1";"n/a";"l3";"oconnell-1844";"PROC TRIAL";"u";"a";"G";"weorc";"Strong";"A-Stem";"N";"l3";"k_l3";"c_lmod"
"salt:/ppcmbe2/oconnell-1844-2#sTok48801";"any";"any";"in any manner";"manner";"manner";"";"1";"n/a";"l3";"oconnell-1844";"PROC TRIAL";"u";"a";"R";"";"";"";"";"l3";"k_l3";"c_lmod"
"salt:/ppcmbe2/oconnell-1844-2#sTok52086";"no";"no";"Oh , no matter , we will let you come on the field for all that";"matter";"matter";"";"1";"n/a";"l3";"oconnell-1844";"PROC TRIAL";"c";"s";"R";"";"";"";"";"l3";"k_l3";"c_lmod"
"salt:/ppcmbe2/oconnell-1844-2#sTok53766";"any";"any";"by any name";"name";"name";"";"1";"n/a";"l3";"oconnell-1844";"PROC TRIAL";"c";"a";"G";"nama";"Weak";"N-Stem";"M";"l3";"k_l3";"c_lmod"
"salt:/ppcmbe2/oconnell-1844-2#sTok54131";"all";"all";"Had all the men who 0 *T*-1 followed Mr. Macnamara saddles";"men";"man";"1";"";"n/a";"l3";"oconnell-1844";"PROC TRIAL";"c";"c";"G";"mann";"Weak";"Consonant-Stem";"M/N";"l3";"k_l3";"c_lmod"
"salt:/ppcmbe2/officer-1744-1#sTok623";"each";"each";"we had hitherto been supply'd at the Rate of eight Vintins *ICH*-1 each Man <font> per <$$font> Day";"Man";"man";"";"1";"Anonymous officer of the fleet";"l1";"officer-1744";"TRAVELOGUE";"c";"c";"G";"mann";"Weak";"Consonant-Stem";"M/N";"l1";"i_l1";"c_lmod"
"salt:/ppcmbe2/officer-1744-1#sTok2033";"all";"all";"in those Emergencies all Hands are employ'd for the Preservation of the Ship and People ,";"Hands";"hand";"1";"";"Anonymous officer of the fleet";"l1";"officer-1744";"TRAVELOGUE";"c";"c";"G";"hand";"Strong";"U-Stem";"F";"l1";"i_l1";"c_lmod"
"salt:/ppcmbe2/officer-1744-1#sTok5003";"few";"few";"for the few Men 0 that <P_224> we had *T*-1 left";"Men";"man";"1";"";"Anonymous officer of the fleet";"l1";"officer-1744";"TRAVELOGUE";"c";"c";"G";"mann";"Weak";"Consonant-Stem";"M/N";"l1";"i_l1";"c_lmod"
"salt:/ppcmbe2/officer-1744-1#sTok5167";"few";"few";"We employed the few Men 0 0 *T*-1 we had in repairing our Rigging , and fixing it on the proper Yards .";"Men";"man";"1";"";"Anonymous officer of the fleet";"l1";"officer-1744";"TRAVELOGUE";"c";"c";"G";"mann";"Weak";"Consonant-Stem";"M/N";"l1";"i_l1";"c_lmod"
"salt:/ppcmbe2/officer-1744-1#sTok7564";"some";"some";"some Trees being 70 or 80 Foot long";"Trees";"tree";"1";"";"Anonymous officer of the fleet";"l1";"officer-1744";"TRAVELOGUE";"c";"c";"G";"treow";"Strong";"A-Stem";"N";"l1";"i_l1";"c_lmod"
"salt:/ppcmbe2/officer-1744-1#sTok8081";"some";"some";"We sent them some Fish and Water , with a Fore Quarter of a Dog .";"Fish";"fish";"";"1";"Anonymous officer of the fleet";"l1";"officer-1744";"TRAVELOGUE";"u";"c";"G";"fisc";"Strong";"A-Stem";"M";"l1";"i_l1";"c_lmod"
"salt:/ppcmbe2/officer-1744-1#sTok8391";"some";"some";"*T*-3 carried with him some Fish and Water , which 0 *T*-4 was very acceptable , they being for some Time past at the Allowance of only a Pint a Day";"Fish";"fish";"";"1";"Anonymous officer of the fleet";"l1";"officer-1744";"TRAVELOGUE";"u";"c";"G";"fisc";"Strong";"A-Stem";"M";"l1";"i_l1";"c_lmod"
"salt:/ppcmbe2/officer-1744-1#sTok8704";"some";"some";"with some fresh Water and Fish";"Water";"water";"";"1";"Anonymous officer of the fleet";"l1";"officer-1744";"TRAVELOGUE";"u";"s";"G";"wæter";"Strong";"A-Stem";"N";"l1";"i_l1";"c_lmod"
"salt:/ppcmbe2/officer-1744-1#sTok8775";"several";"several";"with several Men";"Men";"man";"1";"";"Anonymous officer of the fleet";"l1";"officer-1744";"TRAVELOGUE";"c";"c";"G";"mann";"Weak";"Consonant-Stem";"M/N";"l1";"i_l1";"c_lmod"
"salt:/ppcmbe2/officer-1744-1#sTok9029";"some";"some";"and some Fish";"Fish";"fish";"";"1";"Anonymous officer of the fleet";"l1";"officer-1744";"TRAVELOGUE";"u";"c";"G";"fisc";"Strong";"A-Stem";"M";"l1";"i_l1";"c_lmod"
"salt:/ppcmbe2/officer-1744-1#sTok9286";"all";"all";"all their Men being sick but three or four , and a few Boys";"Men";"man";"1";"";"Anonymous officer of the fleet";"l1";"officer-1744";"TRAVELOGUE";"c";"c";"G";"mann";"Weak";"Consonant-Stem";"M/N";"l1";"i_l1";"c_lmod"
"salt:/ppcmbe2/officer-1744-1#sTok10641";"some";"some";"by some <font> English <$$font> Ships which 0 *T*-1 came there to careen";"Ships";"ship";"1";"";"Anonymous officer of the fleet";"l1";"officer-1744";"TRAVELOGUE";"c";"c";"G";"scip";"Strong";"A-Stem";"N";"l1";"i_l1";"c_lmod"
"salt:/ppcmbe2/officer-1744-1#sTok10894";"some";"some";"some practical Books";"Books";"book";"1";"";"Anonymous officer of the fleet";"l1";"officer-1744";"TRAVELOGUE";"c";"c";"G";"boc";"Weak";"Consonant-Stem";"F";"l1";"i_l1";"c_lmod"
"salt:/ppcmbe2/officer-1744-1#sTok11637";"some";"some";"of some Linnen Cloth 0 0 *T*-1 he had by him";"Cloth";"cloth";"";"1";"Anonymous officer of the fleet";"l1";"officer-1744";"TRAVELOGUE";"u";"s";"G";"claþ";"Strong";"A-Stem";"M";"l1";"i_l1";"c_lmod"
"salt:/ppcmbe2/officer-1744-1#sTok11691";"some";"some";"some <font> English <$$font> Ships being on that Coast in the Night , saw a Light *ICH*-1 on the Shore , which 0 they imagined *T*-2 to be some <font> French <$$font> Ships at anchor , with whom 0 *T*-3 they must either fight , or want Water";"Ships";"ship";"1";"";"Anonymous officer of the fleet";"l1";"officer-1744";"TRAVELOGUE";"c";"c";"G";"scip";"Strong";"A-Stem";"N";"l1";"i_l1";"c_lmod"
"salt:/ppcmbe2/officer-1744-1#sTok11719";"some";"some";"*T*-2 to be some <font> French <$$font> Ships at anchor , with whom 0 *T*-3 they must either fight , or want Water";"Ships";"ship";"1";"";"Anonymous officer of the fleet";"l1";"officer-1744";"TRAVELOGUE";"c";"c";"G";"scip";"Strong";"A-Stem";"N";"l1";"i_l1";"c_lmod"
"salt:/ppcmbe2/officer-1744-1#sTok11879";"several";"several";"During his stay in this Place , there had several Ships passed by ,";"Ships";"ship";"1";"";"Anonymous officer of the fleet";"l1";"officer-1744";"TRAVELOGUE";"c";"c";"G";"scip";"Strong";"A-Stem";"N";"l1";"i_l1";"c_lmod"
"salt:/ppcmbe2/officer-1744-1#sTok12611";"no";"no";"no fresh Water";"Water";"water";"";"1";"Anonymous officer of the fleet";"l1";"officer-1744";"TRAVELOGUE";"u";"s";"G";"wæter";"Strong";"A-Stem";"N";"l1";"i_l1";"c_lmod"
"salt:/ppcmbe2/officer-1744-1#sTok12901";"every";"every";"to dine with him every Day";"Day";"day";"";"1";"Anonymous officer of the fleet";"l1";"officer-1744";"TRAVELOGUE";"c";"a";"G";"dæg";"Strong";"A-Stem";"M";"l1";"i_l1";"c_lmod"
"salt:/ppcmbe2/okeeffe-1767-2#sTok3849";"all";"all";"is all your boasted love no more than this";"love";"love";"";"1";"O'Keeffe, John";"l2";"okeeffe-1767";"DRAMA COMEDY";"u";"a";"G";"lufu";"Strong";"O-Stem";"F";"l2";"j_l2";"c_lmod"
"salt:/ppcmbe2/okeeffe-1767-2#sTok4247";"all";"all";"with all my soul";"soul";"soul";"";"1";"O'Keeffe, John";"l2";"okeeffe-1767";"DRAMA COMEDY";"c";"a";"G";"sawel";"Strong";"O-Stem";"F";"l2";"j_l2";"c_lmod"
"salt:/ppcmbe2/okeeffe-1767-2#sTok5926";"all";"all";"<font> Emil. <$$font> With all my heart .";"heart";"heart";"";"1";"O'Keeffe, John";"l2";"okeeffe-1767";"DRAMA COMEDY";"c";"c";"G";"heorte";"Weak";"N-Stem";"F";"l2";"j_l2";"c_lmod"
"salt:/ppcmbe2/okeeffe-1767-2#sTok7221";"all";"all";"with all my heart";"heart";"heart";"";"1";"O'Keeffe, John";"l2";"okeeffe-1767";"DRAMA COMEDY";"c";"c";"G";"heorte";"Weak";"N-Stem";"F";"l2";"j_l2";"c_lmod"
"salt:/ppcmbe2/okeeffe-1767-2#sTok7417";"no";"no";"No , $there $'s {TEXT:there's} no name .";"name";"name";"";"1";"O'Keeffe, John";"l2";"okeeffe-1767";"DRAMA COMEDY";"c";"a";"G";"nama";"Weak";"N-Stem";"M";"l2";"j_l2";"c_lmod"
"salt:/ppcmbe2/okeeffe-1826-1#sTok1502";"every";"every";"and every night , at their supper table , <P_1,8> I was seated between Lord and Lady Trimlestown , with my custard and my orange placed before me .";"night";"night";"";"1";"O'Keeffe, John";"l3";"okeeffe-1826";"BIOGR AUTO";"c";"a";"G";"niht";"Strong";"A-Stem";"N";"l3";"k_l3";"c_lmod"
"salt:/ppcmbe2/okeeffe-1826-1#sTok2126";"Some";"some";"Some days after";"days";"day";"1";"";"O'Keeffe, John";"l3";"okeeffe-1826";"BIOGR AUTO";"c";"a";"G";"dæg";"Strong";"A-Stem";"M";"l3";"k_l3";"c_lmod"
"salt:/ppcmbe2/okeeffe-1826-1#sTok3278";"every";"every";"and Mr. West used every day to say to him , \" Master <font> Fling , <$$font> <paren> his real name was Flynn , <$$paren> bring me a seedy <font> rowl , \" <$$font> - and * put a <P_1,16> halfpenny in his hand .";"day";"day";"";"1";"O'Keeffe, John";"l3";"okeeffe-1826";"BIOGR AUTO";"c";"a";"G";"dæg";"Strong";"A-Stem";"M";"l3";"k_l3";"c_lmod"
"salt:/ppcmbe2/okeeffe-1826-1#sTok6302";"many";"many";"many years previous to his even composing his beautiful \" Water Music , \" and having it played in the barge , to the surprise and delight of George the Second ; which noble device 0 *T*-1 replaced him in the full favour of his royal master";"years";"year";"1";"";"O'Keeffe, John";"l3";"okeeffe-1826";"BIOGR AUTO";"c";"a";"G";"gear";"Strong";"A-Stem";"N";"l3";"k_l3";"c_lmod"
"salt:/ppcmbe2/okeeffe-1826-1#sTok6605";"some";"some";"some years after";"years";"year";"1";"";"O'Keeffe, John";"l3";"okeeffe-1826";"BIOGR AUTO";"c";"a";"G";"gear";"Strong";"A-Stem";"N";"l3";"k_l3";"c_lmod"
"salt:/ppcmbe2/okeeffe-1826-1#sTok7311";"many";"many";"many years after";"years";"year";"1";"";"O'Keeffe, John";"l3";"okeeffe-1826";"BIOGR AUTO";"c";"a";"G";"gear";"Strong";"A-Stem";"N";"l3";"k_l3";"c_lmod"
"salt:/ppcmbe2/okeeffe-1826-1#sTok7464";"every";"every";"A poor man who 0 *T*-1 sold cakes , which 0 *T*-2 he called by the Dublin names , and *T*-1 had in panniers on each side a little ass , had a custom *ICH*-3 every day of crying out when passing Captain Debrisay's house , \" $Here *exp* $'s {TEXT:Here's} a fine <font> pyclet <$$font> for Mary ! <paren> Pyclet is the London muffin ; crumpets are not known there ; <$$paren> and some nice <font> galbonians <$$font> for Mary ! and some fine French faddles for Mary !";"day";"day";"";"1";"O'Keeffe, John";"l3";"okeeffe-1826";"BIOGR AUTO";"c";"a";"G";"dæg";"Strong";"A-Stem";"M";"l3";"k_l3";"c_lmod"
"salt:/ppcmbe2/okeeffe-1826-1#sTok7744";"Some";"some";"Some years after";"years";"year";"1";"";"O'Keeffe, John";"l3";"okeeffe-1826";"BIOGR AUTO";"c";"a";"G";"gear";"Strong";"A-Stem";"N";"l3";"k_l3";"c_lmod"
"salt:/ppcmbe2/okeeffe-1826-1#sTok9432";"every";"every";"All this affair took place in one day , the first of August , every third year .";"year";"year";"";"1";"O'Keeffe, John";"l3";"okeeffe-1826";"BIOGR AUTO";"c";"a";"G";"gear";"Strong";"A-Stem";"N";"l3";"k_l3";"c_lmod"
"salt:/ppcmbe2/okeeffe-1826-1#sTok9485";"Many";"many";"Many <P_1,44> years after";"years";"year";"1";"";"O'Keeffe, John";"l3";"okeeffe-1826";"BIOGR AUTO";"c";"a";"G";"gear";"Strong";"A-Stem";"N";"l3";"k_l3";"c_lmod"
"salt:/ppcmbe2/okeeffe-1826-1#sTok9679";"Many";"many";"Many years after";"years";"year";"1";"";"O'Keeffe, John";"l3";"okeeffe-1826";"BIOGR AUTO";"c";"a";"G";"gear";"Strong";"A-Stem";"N";"l3";"k_l3";"c_lmod"
"salt:/ppcmbe2/oldmixon-1716-2#sTok1570";"some";"some";"some Years before the Trial of the Bishops";"Years";"year";"1";"";"Oldmixon, John";"l1";"oldmixon-1716";"BIOGR OTHER";"c";"a";"G";"gear";"Strong";"A-Stem";"N";"l1";"i_l1";"c_lmod"
"salt:/ppcmbe2/oldmixon-1716-2#sTok2247";"both";"both";"of both Houses";"Houses";"house";"1";"";"Oldmixon, John";"l1";"oldmixon-1716";"BIOGR OTHER";"c";"c";"G";"hus";"Strong";"A-Stem";"N";"l1";"i_l1";"c_lmod"
"salt:/ppcmbe2/oldmixon-1716-2#sTok3842";"many";"many";"for many Days of that Week at least";"Days";"day";"1";"";"Oldmixon, John";"l1";"oldmixon-1716";"BIOGR OTHER";"c";"a";"G";"dæg";"Strong";"A-Stem";"M";"l1";"i_l1";"c_lmod"
"salt:/ppcmbe2/oldmixon-1716-2#sTok5014";"no";"no";"King <font> William <$$font> consulted no Man so much as him , on all the arduous Affairs of the State .";"Man";"man";"";"1";"Oldmixon, John";"l1";"oldmixon-1716";"BIOGR OTHER";"c";"c";"G";"mann";"Weak";"Consonant-Stem";"M/N";"l1";"i_l1";"c_lmod"
"salt:/ppcmbe2/oldmixon-1716-2#sTok5031";"No";"no";"No Man in <font> Great-Britain <$$font> , knew so well as he , the Interests of Foreign Kingdoms , and Commonwealths ,";"Man";"man";"";"1";"Oldmixon, John";"l1";"oldmixon-1716";"BIOGR OTHER";"c";"c";"G";"mann";"Weak";"Consonant-Stem";"M/N";"l1";"i_l1";"c_lmod"
"salt:/ppcmbe2/oldmixon-1716-2#sTok6967";"All";"all";"All Men of Art and Merit were welcome to him ;";"Men";"man";"1";"";"Oldmixon, John";"l1";"oldmixon-1716";"BIOGR OTHER";"c";"c";"G";"mann";"Weak";"Consonant-Stem";"M/N";"l1";"i_l1";"c_lmod"
"salt:/ppcmbe2/oldmixon-1716-2#sTok8146";"no";"no";"He shew'd no manner of Concern on his own Account ,";"manner";"manner";"";"1";"Oldmixon, John";"l1";"oldmixon-1716";"BIOGR OTHER";"u";"a";"R";"";"";"";"";"l1";"i_l1";"c_lmod"
"salt:/ppcmbe2/oldmixon-1716-2#sTok10174";"any";"any";"*T*-1 had any Hand in the Partition-Treaty {COM:\"Partition\"_in_italics} , unless 0 they had done something 0 *T*-2 to deserve the Favour of the Party";"Hand";"hand";"";"1";"Oldmixon, John";"l1";"oldmixon-1716";"BIOGR OTHER";"c";"c";"G";"hand";"Strong";"U-Stem";"F";"l1";"i_l1";"c_lmod"
"salt:/ppcmbe2/oldmixon-1716-2#sTok11332";"no";"no";"but no matter for that :";"matter";"matter";"";"1";"Oldmixon, John";"l1";"oldmixon-1716";"BIOGR OTHER";"c";"s";"R";"";"";"";"";"l1";"i_l1";"c_lmod"
"salt:/ppcmbe2/oldmixon-1716-2#sTok14512";"no";"no";"he had no manner of Instructions from the Owners , or any of them , Publick or Private , except sailing Orders from the Earl of <font> Bellamont <$$font> whereby 0 *T*-4 he was directed to pursue his Commission";"manner";"manner";"";"1";"Oldmixon, John";"l1";"oldmixon-1716";"BIOGR OTHER";"u";"a";"R";"";"";"";"";"l1";"i_l1";"c_lmod"
"salt:/ppcmbe2/oldmixon-1716-2#sTok14738";"some";"some";"some <font> Leading men <$$font> of the Tory Party had been tampering with him in <font> Newgate <$$font> , where 0 *T*-2 he lay almost a Year before 0 they thought *exp* fit to have the Matter canvass'd in Parliament";"men";"man";"1";"";"Oldmixon, John";"l1";"oldmixon-1716";"BIOGR OTHER";"c";"c";"G";"mann";"Weak";"Consonant-Stem";"M/N";"l1";"i_l1";"c_lmod"
"salt:/ppcmbe2/oldmixon-1716-2#sTok15438";"some";"some";"some Years before , when 0 *T*-1 a Creature of theirs , Sir <font> Robert Holmes <$$font> , procur'd one *ICH*-2 from King <font> James <$$font> , wherein 0 *T*-3 not only all Pyrates Goods , but even <font> Bona Depredata <$$font> were granted in express Terms , without any qualifying Clause whatsoever";"Years";"year";"1";"";"Oldmixon, John";"l1";"oldmixon-1716";"BIOGR OTHER";"c";"a";"G";"gear";"Strong";"A-Stem";"N";"l1";"i_l1";"c_lmod"
"salt:/ppcmbe2/oldmixon-1716-2#sTok16201";"both";"both";"of both Houses";"Houses";"house";"1";"";"Oldmixon, John";"l1";"oldmixon-1716";"BIOGR OTHER";"c";"c";"G";"hus";"Strong";"A-Stem";"N";"l1";"i_l1";"c_lmod"
"salt:/ppcmbe2/oldmixon-1716-2#sTok16277";"both";"both";"of both Houses";"Houses";"house";"1";"";"Oldmixon, John";"l1";"oldmixon-1716";"BIOGR OTHER";"c";"c";"G";"hus";"Strong";"A-Stem";"N";"l1";"i_l1";"c_lmod"
"salt:/ppcmbe2/oldmixon-1716-2#sTok16332";"both";"both";"of both Houses";"Houses";"house";"1";"";"Oldmixon, John";"l1";"oldmixon-1716";"BIOGR OTHER";"c";"c";"G";"hus";"Strong";"A-Stem";"N";"l1";"i_l1";"c_lmod"
"salt:/ppcmbe2/oman-1895-1#sTok831";"every";"every";"every man had to draw the sword against his nearest neighbour";"man";"man";"";"1";"Oman, Sir Charles";"l4";"oman-1895";"HISTORY";"c";"c";"G";"mann";"Weak";"Consonant-Stem";"M/N";"l4";"l_l4";"c_lmod"
"salt:/ppcmbe2/oman-1895-1#sTok2565";"all";"all";"*T*-1 sent all their gold and silver plate 0 *T*-2 to be melted down at the mint which 0 *T*-3 the king had set up in their midst";"gold";"gold";"";"1";"Oman, Sir Charles";"l4";"oman-1895";"HISTORY";"u";"s";"G";"gold";"Strong";"A-Stem";"N";"l4";"l_l4";"c_lmod"
"salt:/ppcmbe2/oman-1895-1#sTok4881";"few";"few";"a few days later";"days";"day";"1";"";"Oman, Sir Charles";"l4";"oman-1895";"HISTORY";"c";"a";"G";"dæg";"Strong";"A-Stem";"M";"l4";"l_l4";"c_lmod"
"salt:/ppcmbe2/oman-1895-1#sTok8673";"few";"few";"A few days later";"days";"day";"1";"";"Oman, Sir Charles";"l4";"oman-1895";"HISTORY";"c";"a";"G";"dæg";"Strong";"A-Stem";"M";"l4";"l_l4";"c_lmod"
"salt:/ppcmbe2/oman-1895-1#sTok9803";"no";"no";"*T*-1 had no right to try a King of England";"right";"right";"";"1";"Oman, Sir Charles";"l4";"oman-1895";"HISTORY";"c";"a";"G";"riht";"Strong";"A-Stem";"N";"l4";"l_l4";"c_lmod"
"salt:/ppcmbe2/oman-1895-1#sTok10738";"all";"all";"all men equal";"men";"man";"1";"";"Oman, Sir Charles";"l4";"oman-1895";"HISTORY";"c";"c";"G";"mann";"Weak";"Consonant-Stem";"M/N";"l4";"l_l4";"c_lmod"
"salt:/ppcmbe2/osmer-1759-2#sTok381";"any";"any";"from any Hand";"Hand";"hand";"";"1";"Osmer, William";"l1";"osmer-1759";"HANDB OTHER";"c";"c";"G";"hand";"Strong";"U-Stem";"F";"l1";"i_l1";"c_lmod"
"salt:/ppcmbe2/osmer-1759-2#sTok428";"every";"every";"every Man of common Capacity may be able to judge for himself in this Matter";"Man";"man";"";"1";"Osmer, William";"l1";"osmer-1759";"HANDB OTHER";"c";"c";"G";"mann";"Weak";"Consonant-Stem";"M/N";"l1";"i_l1";"c_lmod"
"salt:/ppcmbe2/osmer-1759-2#sTok550";"every";"every";"and we may every Day see Horses , Mares , and Colts , running about on all Sorts <P_4> of Ground unshod , and uninjured in their Feet .";"Day";"day";"";"1";"Osmer, William";"l1";"osmer-1759";"HANDB OTHER";"c";"a";"G";"dæg";"Strong";"A-Stem";"M";"l1";"i_l1";"c_lmod"
"salt:/ppcmbe2/osmer-1759-2#sTok631";"several";"several";"several Horses rode for a considerable Time unshod";"Horses";"horse";"1";"";"Osmer, William";"l1";"osmer-1759";"HANDB OTHER";"c";"c";"G";"hors";"Strong";"A-Stem";"N";"l1";"i_l1";"c_lmod"
"salt:/ppcmbe2/osmer-1759-2#sTok668";"many";"many";"there are many Horses , whose Feet 0 *T*-2 are of such a Kind , as to enable them to travel their whole Life-time unshod on any Road , if 0 they were rasped round and short at the Toe ; because 0 some Feet , exposed to hard Objects , become thereby obdurate enough to resist them , and to support the Weight without breaking";"Horses";"horse";"1";"";"Osmer, William";"l1";"osmer-1759";"HANDB OTHER";"c";"c";"G";"hors";"Strong";"A-Stem";"N";"l1";"i_l1";"c_lmod"
"salt:/ppcmbe2/osmer-1759-2#sTok1298";"every";"every";"every Man who 0 *T*-1 has tried his Method of Shoeing , is convinced of its Impropriety";"Man";"man";"";"1";"Osmer, William";"l1";"osmer-1759";"HANDB OTHER";"c";"c";"G";"mann";"Weak";"Consonant-Stem";"M/N";"l1";"i_l1";"c_lmod"
"salt:/ppcmbe2/osmer-1759-2#sTok1533";"many";"many";"from this Cause many a Horse has been rendered *-2 lame";"Horse";"horse";"";"1";"Osmer, William";"l1";"osmer-1759";"HANDB OTHER";"c";"c";"G";"hors";"Strong";"A-Stem";"N";"l1";"i_l1";"c_lmod"
"salt:/ppcmbe2/osmer-1759-2#sTok2205";"all";"all";"of all Horses which 0 *T*-2 are shod";"Horses";"horse";"1";"";"Osmer, William";"l1";"osmer-1759";"HANDB OTHER";"c";"c";"G";"hors";"Strong";"A-Stem";"N";"l1";"i_l1";"c_lmod"
"salt:/ppcmbe2/osmer-1759-2#sTok3415";"no";"no";"no Horse can go , if 0 the Shoe rests upon the Sole";"Horse";"horse";"";"1";"Osmer, William";"l1";"osmer-1759";"HANDB OTHER";"c";"c";"G";"hors";"Strong";"A-Stem";"N";"l1";"i_l1";"c_lmod"
"salt:/ppcmbe2/osmer-1759-2#sTok3848";"every";"every";"on every Horse";"Horse";"horse";"";"1";"Osmer, William";"l1";"osmer-1759";"HANDB OTHER";"c";"c";"G";"hors";"Strong";"A-Stem";"N";"l1";"i_l1";"c_lmod"
"salt:/ppcmbe2/osmer-1759-2#sTok3980";"all";"all";"In all thin weak-footed Horses";"Horses";"horse";"1";"";"Osmer, William";"l1";"osmer-1759";"HANDB OTHER";"c";"c";"G";"hors";"Strong";"A-Stem";"N";"l1";"i_l1";"c_lmod"
"salt:/ppcmbe2/osmer-1759-2#sTok4155";"all";"all";"on all strong and narrow-heeled Horses";"Horses";"horse";"1";"";"Osmer, William";"l1";"osmer-1759";"HANDB OTHER";"c";"c";"G";"hors";"Strong";"A-Stem";"N";"l1";"i_l1";"c_lmod"
"salt:/ppcmbe2/osmer-1759-2#sTok4587";"many";"many";"This Method of treating the Foot , and such a kind of Shoe as 0 0 *T*-1 has been described , I have used many Years ;";"Years";"year";"1";"";"Osmer, William";"l1";"osmer-1759";"HANDB OTHER";"c";"a";"G";"gear";"Strong";"A-Stem";"N";"l1";"i_l1";"c_lmod"
"salt:/ppcmbe2/osmer-1759-2#sTok4855";"all";"all";"in all Horses";"Horses";"horse";"1";"";"Osmer, William";"l1";"osmer-1759";"HANDB OTHER";"c";"c";"G";"hors";"Strong";"A-Stem";"N";"l1";"i_l1";"c_lmod"
"salt:/ppcmbe2/osmer-1759-2#sTok4893";"half";"half";"of half the Horses 0 that *T*-1 are trained at <font> Newmarket";"Horses";"horse";"1";"";"Osmer, William";"l1";"osmer-1759";"HANDB OTHER";"c";"c";"G";"hors";"Strong";"A-Stem";"N";"l1";"i_l1";"c_lmod"
"salt:/ppcmbe2/osmer-1759-2#sTok5024";"all";"all";"in all Horses";"Horses";"horse";"1";"";"Osmer, William";"l1";"osmer-1759";"HANDB OTHER";"c";"c";"G";"hors";"Strong";"A-Stem";"N";"l1";"i_l1";"c_lmod"
"salt:/ppcmbe2/osmer-1759-2#sTok5240";"several";"several";"- I have rode a Horse treated in this Manner several Years ,";"Years";"year";"1";"";"Osmer, William";"l1";"osmer-1759";"HANDB OTHER";"c";"a";"G";"gear";"Strong";"A-Stem";"N";"l1";"i_l1";"c_lmod"
"salt:/ppcmbe2/osmer-1759-2#sTok5467";"all";"all";"all Horses , whose Feet 0 *T*-2 are contracted round the hinder Part , or whose Crust 0 *T*-3 is deep and strong , are always more or less lame , when 0 they have been shod and used any Time ; and that from a Compression on the Contents of the Foot";"Horses";"horse";"1";"";"Osmer, William";"l1";"osmer-1759";"HANDB OTHER";"c";"c";"G";"hors";"Strong";"A-Stem";"N";"l1";"i_l1";"c_lmod"
"salt:/ppcmbe2/osmer-1759-2#sTok5539";"no";"no";"and yet no Man ever saw a Horse <paren> with this , or any other kind of Foot <$$paren> lame , but by some Injury whilst 0 he remained unbroke , and running about in a State of Nature .";"Man";"man";"";"1";"Osmer, William";"l1";"osmer-1759";"HANDB OTHER";"c";"c";"G";"mann";"Weak";"Consonant-Stem";"M/N";"l1";"i_l1";"c_lmod"
"salt:/ppcmbe2/osmer-1759-2#sTok5580";"many";"many";"There are many Men , who 0 *T*-2 can often distinguish this Kind of Foot , and pronounce with Certainty the Lameness thereof , even without seeing the Horse move at all ; as readily as 0 0 *T*-4 other Men shall distinguish Gold from Silver , or Lead from Iron .";"Men";"man";"1";"";"Osmer, William";"l1";"osmer-1759";"HANDB OTHER";"c";"c";"G";"mann";"Weak";"Consonant-Stem";"M/N";"l1";"i_l1";"c_lmod"
"salt:/ppcmbe2/osmer-1759-2#sTok5635";"all";"all";"all Men have not been attentive enough to make the same Discoveries";"Men";"man";"1";"";"Osmer, William";"l1";"osmer-1759";"HANDB OTHER";"c";"c";"G";"mann";"Weak";"Consonant-Stem";"M/N";"l1";"i_l1";"c_lmod"
"salt:/ppcmbe2/osmer-1759-2#sTok5706";"all";"all";"*T*-2 know all Men by these Presents , that whosoever 0 *T*-4 talks of Horses being Chest-foundered , or shook in the Shoulders , is an ignorant Pretender to the Knowledge of this Animal , and *con* is himself shaken in the Head";"Men";"man";"1";"";"Osmer, William";"l1";"osmer-1759";"HANDB OTHER";"c";"c";"G";"mann";"Weak";"Consonant-Stem";"M/N";"l1";"i_l1";"c_lmod"
"salt:/ppcmbe2/osmer-1759-2#sTok6172";"no";"no";"no Man may ever after be mistaken herein";"Man";"man";"";"1";"Osmer, William";"l1";"osmer-1759";"HANDB OTHER";"c";"c";"G";"mann";"Weak";"Consonant-Stem";"M/N";"l1";"i_l1";"c_lmod"
"salt:/ppcmbe2/osmer-1759-2#sTok6417";"no";"no";"no Man can mistake it";"Man";"man";"";"1";"Osmer, William";"l1";"osmer-1759";"HANDB OTHER";"c";"c";"G";"mann";"Weak";"Consonant-Stem";"M/N";"l1";"i_l1";"c_lmod"
"salt:/ppcmbe2/osmer-1759-2#sTok7130";"many";"many";"*T*-1 have had Corns in their Heels many Years";"Years";"year";"1";"";"Osmer, William";"l1";"osmer-1759";"HANDB OTHER";"c";"a";"G";"gear";"Strong";"A-Stem";"N";"l1";"i_l1";"c_lmod"
"salt:/ppcmbe2/osmer-1759-2#sTok7368";"all";"all";"all Horses , when turned to Grass for a Time , should have their Shoes taken off , and their Toes kept rasped round and short";"Horses";"horse";"1";"";"Osmer, William";"l1";"osmer-1759";"HANDB OTHER";"c";"c";"G";"hors";"Strong";"A-Stem";"N";"l1";"i_l1";"c_lmod"
"salt:/ppcmbe2/osmer-1759-2#sTok7444";"any";"any";"any Man keep one Foot of a Stallion so managed";"Man";"man";"";"1";"Osmer, William";"l1";"osmer-1759";"HANDB OTHER";"c";"c";"G";"mann";"Weak";"Consonant-Stem";"M/N";"l1";"i_l1";"c_lmod"
"salt:/ppcmbe2/osmer-1759-2#sTok7590";"some";"some";"with some cooling Oil , Ointment , or mucilaginous Composition";"Oil";"oil";"";"1";"Osmer, William";"l1";"osmer-1759";"HANDB OTHER";"u";"s";"G";"ele";"Strong";"A-Stem";"M";"l1";"i_l1";"c_lmod"
"salt:/ppcmbe2/osmer-1759-2#sTok9378";"many";"many";"and perhaps , many Horses with strong , deep Feet , might ride best , if never shod at all , but rasped round at the Toe with Discretion .";"Horses";"horse";"1";"";"Osmer, William";"l1";"osmer-1759";"HANDB OTHER";"c";"c";"G";"hors";"Strong";"A-Stem";"N";"l1";"i_l1";"c_lmod"
"salt:/ppcmbe2/osmer-1759-2#sTok9724";"some";"some";"with some cooling Oil or Ointment";"Oil";"oil";"";"1";"Osmer, William";"l1";"osmer-1759";"HANDB OTHER";"u";"s";"G";"ele";"Strong";"A-Stem";"M";"l1";"i_l1";"c_lmod"
"salt:/ppcmbe2/osmer-1759-2#sTok9742";"some";"some";"some warm Flannel Cloths be moderately bound thereon , for the ensuing Night";"Cloths";"cloth";"1";"";"Osmer, William";"l1";"osmer-1759";"HANDB OTHER";"u";"s";"G";"claþ";"Strong";"A-Stem";"M";"l1";"i_l1";"c_lmod"
"salt:/ppcmbe2/osmer-1759-2#sTok10074";"no";"no";"no Man , <paren> I believe <$$paren> remembering a Race-horse once fired , equal to what 0 *T*-1 he was before";"Man";"man";"";"1";"Osmer, William";"l1";"osmer-1759";"HANDB OTHER";"c";"c";"G";"mann";"Weak";"Consonant-Stem";"M/N";"l1";"i_l1";"c_lmod"
"salt:/ppcmbe2/osmer-1759-2#sTok10206";"some";"some";"with some cooling Oil";"Oil";"oil";"";"1";"Osmer, William";"l1";"osmer-1759";"HANDB OTHER";"u";"s";"G";"ele";"Strong";"A-Stem";"M";"l1";"i_l1";"c_lmod"
"salt:/ppcmbe2/osmer-1759-2#sTok10455";"every";"every";"every Man , who 0 *T*-1 has ever strained the Tendons of his Wrist or Ancle , reflect on the Pain 0 0 *T*-2 he has suffered from the least Motion of the Parts ; and how long a Time 0 *T*-3 has been required , before 0 he has been able to bear the <P_50> Extension of such Tendons , even when 0 all Appearances have been fair";"Man";"man";"";"1";"Osmer, William";"l1";"osmer-1759";"HANDB OTHER";"c";"c";"G";"mann";"Weak";"Consonant-Stem";"M/N";"l1";"i_l1";"c_lmod"
"salt:/ppcmbe2/osmer-1759-2#sTok10715";"some";"some";"to rub in some cooling Oil when 0 it is dry";"Oil";"oil";"";"1";"Osmer, William";"l1";"osmer-1759";"HANDB OTHER";"u";"s";"G";"ele";"Strong";"A-Stem";"M";"l1";"i_l1";"c_lmod"
"salt:/ppcmbe2/osmer-1759-2#sTok11427";"some";"some";"some sweet Oil , and nerve Ointment";"Oil";"oil";"";"1";"Osmer, William";"l1";"osmer-1759";"HANDB OTHER";"u";"s";"G";"ele";"Strong";"A-Stem";"M";"l1";"i_l1";"c_lmod"
"salt:/ppcmbe2/osmer-1759-2#sTok11473";"several";"several";"for several Days";"Days";"day";"1";"";"Osmer, William";"l1";"osmer-1759";"HANDB OTHER";"c";"a";"G";"dæg";"Strong";"A-Stem";"M";"l1";"i_l1";"c_lmod"
"salt:/ppcmbe2/osmer-1759-2#sTok11522";"some";"some";"with some cooling Oil";"Oil";"oil";"";"1";"Osmer, William";"l1";"osmer-1759";"HANDB OTHER";"u";"s";"G";"ele";"Strong";"A-Stem";"M";"l1";"i_l1";"c_lmod"
"salt:/ppcmbe2/owen-1813-2#sTok115";"each";"each";"to induce each man ' to have charity for <font> all <$$font> men";"man";"man";"";"1";"Owen, Robert";"l3";"owen-1813";"EDUC TREAT";"c";"c";"G";"mann";"Weak";"Consonant-Stem";"M/N";"l3";"k_l3";"c_lmod"
"salt:/ppcmbe2/owen-1813-2#sTok123";"all";"all";"for <font> all <$$font> men";"men";"man";"1";"";"Owen, Robert";"l3";"owen-1813";"EDUC TREAT";"c";"c";"G";"mann";"Weak";"Consonant-Stem";"M/N";"l3";"k_l3";"c_lmod"
"salt:/ppcmbe2/owen-1813-2#sTok229";"any";"any";"in any manner";"manner";"manner";"";"1";"Owen, Robert";"l3";"owen-1813";"EDUC TREAT";"u";"a";"R";"";"";"";"";"l3";"k_l3";"c_lmod"
"salt:/ppcmbe2/owen-1813-2#sTok357";"all";"all";"like all the other works of nature";"works";"work";"1";"";"Owen, Robert";"l3";"owen-1813";"EDUC TREAT";"u";"a";"G";"weorc";"Strong";"A-Stem";"N";"l3";"k_l3";"c_lmod"
"salt:/ppcmbe2/owen-1813-2#sTok805";"all";"all";"to <font> all <$$font> men";"men";"man";"1";"";"Owen, Robert";"l3";"owen-1813";"EDUC TREAT";"c";"c";"G";"mann";"Weak";"Consonant-Stem";"M/N";"l3";"k_l3";"c_lmod"
"salt:/ppcmbe2/owen-1813-2#sTok2824";"every";"every";"every man did that which 0 *T*-1 was right in his own eyes ,";"man";"man";"";"1";"Owen, Robert";"l3";"owen-1813";"EDUC TREAT";"c";"c";"G";"mann";"Weak";"Consonant-Stem";"M/N";"l3";"k_l3";"c_lmod"
"salt:/ppcmbe2/owen-1813-2#sTok3610";"no";"no";"he had no son 0 *T*-1 to succeed him ;";"son";"son";"";"1";"Owen, Robert";"l3";"owen-1813";"EDUC TREAT";"c";"c";"G";"sunu";"Strong";"U-Stem";"M";"l3";"k_l3";"c_lmod"
"salt:/ppcmbe2/owen-1813-2#sTok4465";"all";"all";"through all the country around";"country";"country";"";"1";"Owen, Robert";"l3";"owen-1813";"EDUC TREAT";"c";"c";"R";"";"";"";"";"l3";"k_l3";"c_lmod"
"salt:/ppcmbe2/owen-1813-2#sTok5252";"every";"every";"every wise and good man is anxious *T*-7 to see";"man";"man";"";"1";"Owen, Robert";"l3";"owen-1813";"EDUC TREAT";"c";"c";"G";"mann";"Weak";"Consonant-Stem";"M/N";"l3";"k_l3";"c_lmod"
"salt:/ppcmbe2/owen-1813-2#sTok6065";"no";"no";"no evil was intended them";"evil";"evil";"";"1";"Owen, Robert";"l3";"owen-1813";"EDUC TREAT";"u";"a";"G";"yfel";"Strong";"A-Stem";"N";"l3";"k_l3";"c_lmod"
"salt:/ppcmbe2/owen-1813-2#sTok7688";"all";"all";"all men and all parties";"men";"man";"1";"";"Owen, Robert";"l3";"owen-1813";"EDUC TREAT";"c";"c";"G";"mann";"Weak";"Consonant-Stem";"M/N";"l3";"k_l3";"c_lmod"
"salt:/ppcmbe2/owen-1813-2#sTok10717";"any";"any";"in any country";"country";"country";"";"1";"Owen, Robert";"l3";"owen-1813";"EDUC TREAT";"c";"c";"R";"";"";"";"";"l3";"k_l3";"c_lmod"
"salt:/ppcmbe2/owen-1813-2#sTok10873";"all";"all";"and all men may be easily trained to enjoy them .";"men";"man";"1";"";"Owen, Robert";"l3";"owen-1813";"EDUC TREAT";"c";"c";"G";"mann";"Weak";"Consonant-Stem";"M/N";"l3";"k_l3";"c_lmod"
"salt:/ppcmbe2/owen-1813-2#sTok10905";"every";"every";"they are employed ten hours and three-quarters every day in the week , except Sunday ,";"day";"day";"";"1";"Owen, Robert";"l3";"owen-1813";"EDUC TREAT";"c";"a";"G";"dæg";"Strong";"A-Stem";"M";"l3";"k_l3";"c_lmod"
"salt:/ppcmbe2/owen-1813-2#sTok11182";"all";"all";"in all countries";"countries";"country";"1";"";"Owen, Robert";"l3";"owen-1813";"EDUC TREAT";"c";"c";"R";"";"";"";"";"l3";"k_l3";"c_lmod"
"salt:/ppcmbe2/owen-1847-2#sTok3822";"no";"no";"no work to be done by sectarian hands";"work";"work";"";"1";"Owen, Robert";"l3";"owen-1847";"EDUC TREAT";"u";"a";"G";"weorc";"Strong";"A-Stem";"N";"l3";"k_l3";"c_lmod"
"salt:/ppcmbe2/owen-1847-2#sTok4071";"every";"every";"In this manner , my Lord , every man shall be at his own work , especially as 0 we know that there is work 0 *T*-2 for every one to do .";"man";"man";"";"1";"Owen, Robert";"l3";"owen-1847";"EDUC TREAT";"c";"c";"G";"mann";"Weak";"Consonant-Stem";"M/N";"l3";"k_l3";"c_lmod"
"salt:/ppcmbe2/owen-1847-2#sTok4114";"much";"much";"for much work to have been executed";"work";"work";"";"1";"Owen, Robert";"l3";"owen-1847";"EDUC TREAT";"u";"a";"G";"weorc";"Strong";"A-Stem";"N";"l3";"k_l3";"c_lmod"
"salt:/ppcmbe2/owen-1847-2#sTok5977";"every";"every";"*T*-1 *con* warming every heart";"heart";"heart";"";"1";"Owen, Robert";"l3";"owen-1847";"EDUC TREAT";"c";"c";"G";"heorte";"Weak";"N-Stem";"F";"l3";"k_l3";"c_lmod"
"salt:/ppcmbe2/owen-1847-2#sTok9646";"much";"much";"*T*-2 contain much silver ore *ICH*-3 in them , which 0 *T*-4 is very estimable and useful";"silver";"silver";"";"1";"Owen, Robert";"l3";"owen-1847";"EDUC TREAT";"u";"s";"G";"seolfor";"Strong";"A-Stem";"N";"l3";"k_l3";"c_lmod"
"salt:/ppcmbe2/owen-1857-2#sTok682";"some";"some";"or some such name";"name";"name";"";"1";"Owen, Robert";"l3";"owen-1857";"BIOGR AUTO";"c";"a";"G";"nama";"Weak";"N-Stem";"M";"l3";"k_l3";"c_lmod"
"salt:/ppcmbe2/owen-1857-2#sTok1845";"many";"many";"for many years";"years";"year";"1";"";"Owen, Robert";"l3";"owen-1857";"BIOGR AUTO";"c";"a";"G";"gear";"Strong";"A-Stem";"N";"l3";"k_l3";"c_lmod"
"salt:/ppcmbe2/owen-1857-2#sTok3709";"all";"all";"all the men were without their coats and waistcoats";"men";"man";"1";"";"Owen, Robert";"l3";"owen-1857";"BIOGR AUTO";"c";"c";"G";"mann";"Weak";"Consonant-Stem";"M/N";"l3";"k_l3";"c_lmod"
"salt:/ppcmbe2/owen-1857-2#sTok4381";"many";"many";"many years after";"years";"year";"1";"";"Owen, Robert";"l3";"owen-1857";"BIOGR AUTO";"c";"a";"G";"gear";"Strong";"A-Stem";"N";"l3";"k_l3";"c_lmod"
"salt:/ppcmbe2/owen-1857-2#sTok4726";"many";"many";"many years before";"years";"year";"1";"";"Owen, Robert";"l3";"owen-1857";"BIOGR AUTO";"c";"a";"G";"gear";"Strong";"A-Stem";"N";"l3";"k_l3";"c_lmod"
"salt:/ppcmbe2/owen-1857-2#sTok5204";"every";"every";"me to be with them every day in the week , instead of , as hitherto , on their more busy days only";"day";"day";"";"1";"Owen, Robert";"l3";"owen-1857";"BIOGR AUTO";"c";"a";"G";"dæg";"Strong";"A-Stem";"M";"l3";"k_l3";"c_lmod"
"salt:/ppcmbe2/owen-1857-2#sTok6015";"every";"every";"to every man , woman , and child in the town";"man";"man";"";"1";"Owen, Robert";"l3";"owen-1857";"BIOGR AUTO";"c";"c";"G";"mann";"Weak";"Consonant-Stem";"M/N";"l3";"k_l3";"c_lmod"
"salt:/ppcmbe2/owen-1857-2#sTok6115";"any";"any";"any matter of importance was to be decided";"matter";"matter";"";"1";"Owen, Robert";"l3";"owen-1857";"BIOGR AUTO";"c";"s";"R";"";"";"";"";"l3";"k_l3";"c_lmod"
"salt:/ppcmbe2/owen-1857-2#sTok6757";"some";"some";"he had subsequently worked some years with my father";"years";"year";"1";"";"Owen, Robert";"l3";"owen-1857";"BIOGR AUTO";"c";"a";"G";"gear";"Strong";"A-Stem";"N";"l3";"k_l3";"c_lmod"
"salt:/ppcmbe2/owen-1857-2#sTok6943";"some";"some";"some ill-tempered man , who 0 *T*-2 had discovered that I had paid only for an outside place , refused to allow me to enter";"man";"man";"";"1";"Owen, Robert";"l3";"owen-1857";"BIOGR AUTO";"c";"c";"G";"mann";"Weak";"Consonant-Stem";"M/N";"l3";"k_l3";"c_lmod"
"salt:/ppcmbe2/owen-1857-2#sTok7647";"some";"some";"When 0 I came to his house he had been some years established in it ,";"years";"year";"1";"";"Owen, Robert";"l3";"owen-1857";"BIOGR AUTO";"c";"a";"G";"gear";"Strong";"A-Stem";"N";"l3";"k_l3";"c_lmod"
"salt:/ppcmbe2/owen-1857-2#sTok9467";"Many";"many";"Many years afterwards , when 0 *T*-1 we were both advanced in life";"years";"year";"1";"";"Owen, Robert";"l3";"owen-1857";"BIOGR AUTO";"c";"a";"G";"gear";"Strong";"A-Stem";"N";"l3";"k_l3";"c_lmod"
"salt:/ppcmbe2/owen-1857-2#sTok9623";"all";"all";"with all my heart";"heart";"heart";"";"1";"Owen, Robert";"l3";"owen-1857";"BIOGR AUTO";"c";"c";"G";"heorte";"Weak";"N-Stem";"F";"l3";"k_l3";"c_lmod"
"salt:/ppcmbe2/palgrave1-185x-2#sTok362";"any";"any";"to raise any other king to the throne";"king";"king";"";"1";"Palgrave, Francis, Sir";"l3";"palgrave1-185x";"HISTORY";"c";"c";"G";"cyning";"Strong";"A-Stem";"M";"l3";"k_l3";"c_lmod"
"salt:/ppcmbe2/palgrave1-185x-2#sTok388";"no";"no";"The son of Godwin could have no inherent right whatever to the inheritance of Edward ;";"right";"right";"";"1";"Palgrave, Francis, Sir";"l3";"palgrave1-185x";"HISTORY";"c";"a";"G";"riht";"Strong";"A-Stem";"N";"l3";"k_l3";"c_lmod"
"salt:/ppcmbe2/palgrave1-185x-2#sTok4416";"all";"all";"and he had personally surveyed all the adjoining country ,";"country";"country";"";"1";"Palgrave, Francis, Sir";"l3";"palgrave1-185x";"HISTORY";"c";"c";"R";"";"";"";"";"l3";"k_l3";"c_lmod"
"salt:/ppcmbe2/palgrave1-185x-2#sTok4433";"any";"any";"to any eyes but his own";"eyes";"eye";"1";"";"Palgrave, Francis, Sir";"l3";"palgrave1-185x";"HISTORY";"c";"c";"G";"eage";"Strong";"A-Stem";"M";"l3";"k_l3";"c_lmod"
"salt:/ppcmbe2/palgrave1-185x-2#sTok5230";"many";"many";"many years had elapsed";"years";"year";"1";"";"Palgrave, Francis, Sir";"l3";"palgrave1-185x";"HISTORY";"c";"a";"G";"gear";"Strong";"A-Stem";"N";"l3";"k_l3";"c_lmod"
"salt:/ppcmbe2/palgrave1-185x-2#sTok7274";"all";"all";"and all the land , for one league round about , was annexed to the Battle franchise .";"land";"land";"";"1";"Palgrave, Francis, Sir";"l3";"palgrave1-185x";"HISTORY";"u";"a";"G";"land";"Strong";"A-Stem";"N";"l3";"k_l3";"c_lmod"
"salt:/ppcmbe2/palgrave2-1863-2#sTok266";"some";"some";"some thirteen hundred years since";"years";"year";"1";"";"Palgrave, William Gifford";"l4";"palgrave2-1863";"TRAVELOGUE";"c";"a";"G";"gear";"Strong";"A-Stem";"N";"l4";"l_l4";"c_lmod"
"salt:/ppcmbe2/palgrave2-1863-2#sTok503";"all";"all";"In all the countries which 0 *T*-1 I have visited , and they are many";"countries";"country";"1";"";"Palgrave, William Gifford";"l4";"palgrave2-1863";"TRAVELOGUE";"c";"c";"R";"";"";"";"";"l4";"l_l4";"c_lmod"
"salt:/ppcmbe2/palgrave2-1863-2#sTok673";"many";"many";"for many days";"days";"day";"1";"";"Palgrave, William Gifford";"l4";"palgrave2-1863";"TRAVELOGUE";"c";"a";"G";"dæg";"Strong";"A-Stem";"M";"l4";"l_l4";"c_lmod"
"salt:/ppcmbe2/palgrave2-1863-2#sTok905";"some";"some";"some years before";"years";"year";"1";"";"Palgrave, William Gifford";"l4";"palgrave2-1863";"TRAVELOGUE";"c";"a";"G";"gear";"Strong";"A-Stem";"N";"l4";"l_l4";"c_lmod"
"salt:/ppcmbe2/palgrave2-1863-2#sTok1122";"many";"many";"of many past years";"years";"year";"1";"";"Palgrave, William Gifford";"l4";"palgrave2-1863";"TRAVELOGUE";"c";"a";"G";"gear";"Strong";"A-Stem";"N";"l4";"l_l4";"c_lmod"
"salt:/ppcmbe2/palgrave2-1863-2#sTok4620";"no";"no";"*T*-1 no prying eye may look";"eye";"eye";"";"1";"Palgrave, William Gifford";"l4";"palgrave2-1863";"TRAVELOGUE";"c";"c";"G";"eage";"Strong";"A-Stem";"M";"l4";"l_l4";"c_lmod"
"salt:/ppcmbe2/palgrave2-1863-2#sTok7262";"all";"all";"all that grace of manner and apparent candour which 0 *T*-2 his countrymen can so skilfully assume when required , and of which 0 some of my readers may not improbably have made experience *T*-3 in the East";"grace";"grace";"";"1";"Palgrave, William Gifford";"l4";"palgrave2-1863";"TRAVELOGUE";"u";"a";"R";"";"";"";"";"l4";"l_l4";"c_lmod"
"salt:/ppcmbe2/palgrave2-1863-2#sTok7781";"some";"some";"for some years";"years";"year";"1";"";"Palgrave, William Gifford";"l4";"palgrave2-1863";"TRAVELOGUE";"c";"a";"G";"gear";"Strong";"A-Stem";"N";"l4";"l_l4";"c_lmod"
"salt:/ppcmbe2/palgrave2-1863-2#sTok8176";"all";"all";"all men are liars , \" as 0 some one said it in haste";"men";"man";"1";"";"Palgrave, William Gifford";"l4";"palgrave2-1863";"TRAVELOGUE";"c";"c";"G";"mann";"Weak";"Consonant-Stem";"M/N";"l4";"l_l4";"c_lmod"
"salt:/ppcmbe2/palgrave2-1863-2#sTok8191";"all";"all";"However , be it that \" all men are liars , \" as 0 some one said it in haste ; all men *ICH*-1 in common are capable of being deceived too , even Arabs and Nejdeans .";"men";"man";"1";"";"Palgrave, William Gifford";"l4";"palgrave2-1863";"TRAVELOGUE";"c";"c";"G";"mann";"Weak";"Consonant-Stem";"M/N";"l4";"l_l4";"c_lmod"
"salt:/ppcmbe2/palgrave2-1863-2#sTok8914";"some";"some";"for some years previous";"years";"year";"1";"";"Palgrave, William Gifford";"l4";"palgrave2-1863";"TRAVELOGUE";"c";"a";"G";"gear";"Strong";"A-Stem";"N";"l4";"l_l4";"c_lmod"
"salt:/ppcmbe2/palgrave2-1863-2#sTok9120";"all";"all";"of all the principal men in the town";"men";"man";"1";"";"Palgrave, William Gifford";"l4";"palgrave2-1863";"TRAVELOGUE";"c";"c";"G";"mann";"Weak";"Consonant-Stem";"M/N";"l4";"l_l4";"c_lmod"
"salt:/ppcmbe2/palgrave2-1863-2#sTok9696";"any";"any";"by any other name save that of God";"name";"name";"";"1";"Palgrave, William Gifford";"l4";"palgrave2-1863";"TRAVELOGUE";"c";"a";"G";"nama";"Weak";"N-Stem";"M";"l4";"l_l4";"c_lmod"
"salt:/ppcmbe2/palgrave2-1863-2#sTok10367";"several";"several";"several days of punctual attendance at the Mesjid have repaired the scandal of past negligence";"days";"day";"1";"";"Palgrave, William Gifford";"l4";"palgrave2-1863";"TRAVELOGUE";"c";"a";"G";"dæg";"Strong";"A-Stem";"M";"l4";"l_l4";"c_lmod"
"salt:/ppcmbe2/planche-1827-2#sTok1686";"all";"all";"to all marrying men";"men";"man";"1";"";"Planch&eacute;, James Robinson";"l3";"planche-1827";"DRAMA COMEDY";"c";"c";"G";"mann";"Weak";"Consonant-Stem";"M/N";"l3";"k_l3";"c_lmod"
"salt:/ppcmbe2/planche-1827-2#sTok2199";"some";"some";"$He $'ll {TEXT:He'll} get shot for a poacher , some day , by his own gamekeeper -";"day";"day";"";"1";"Planch&eacute;, James Robinson";"l3";"planche-1827";"DRAMA COMEDY";"c";"a";"G";"dæg";"Strong";"A-Stem";"M";"l3";"k_l3";"c_lmod"
"salt:/ppcmbe2/planche-1827-2#sTok3252";"some";"some";"always conjuring up some visionary evil";"evil";"evil";"";"1";"Planch&eacute;, James Robinson";"l3";"planche-1827";"DRAMA COMEDY";"u";"a";"G";"yfel";"Strong";"A-Stem";"N";"l3";"k_l3";"c_lmod"
"salt:/ppcmbe2/planche-1827-2#sTok7584";"every";"every";"Marcus writing all the pretty things 0 0 *T*-2 he does about me , every day";"day";"day";"";"1";"Planch&eacute;, James Robinson";"l3";"planche-1827";"DRAMA COMEDY";"c";"a";"G";"dæg";"Strong";"A-Stem";"M";"l3";"k_l3";"c_lmod"
"salt:/ppcmbe2/planche-1827-2#sTok15411";"any";"any";"you $wo $n't {TEXT:won't} tell any mortal soul how 0 *T*-1 you came to know it";"soul";"soul";"";"1";"Planch&eacute;, James Robinson";"l3";"planche-1827";"DRAMA COMEDY";"c";"a";"G";"sawel";"Strong";"O-Stem";"F";"l3";"k_l3";"c_lmod"
"salt:/ppcmbe2/planche-1846-2#sTok469";"any";"any";"Oh , musha ! $I $'d {TEXT:I'd} be run through the body for you any day .";"day";"day";"";"1";"Planch&eacute;, James Robinson";"l3";"planche-1846";"DRAMA COMEDY";"c";"a";"G";"dæg";"Strong";"A-Stem";"M";"l3";"k_l3";"c_lmod"
"salt:/ppcmbe2/planche-1846-2#sTok571";"any";"any";"as any man";"man";"man";"";"1";"Planch&eacute;, James Robinson";"l3";"planche-1846";"DRAMA COMEDY";"c";"c";"G";"mann";"Weak";"Consonant-Stem";"M/N";"l3";"k_l3";"c_lmod"
"salt:/ppcmbe2/planche-1846-2#sTok1022";"many";"many";"for $there $'s {TEXT:there's} many a man ruined by his friends , $who 0 *T*-2 $'d {TEXT:who'd} have been never the worse for all 0 0 *T*-3 his foes could have done to him .";"man";"man";"";"1";"Planch&eacute;, James Robinson";"l3";"planche-1846";"DRAMA COMEDY";"c";"c";"G";"mann";"Weak";"Consonant-Stem";"M/N";"l3";"k_l3";"c_lmod"
"salt:/ppcmbe2/planche-1846-2#sTok1375";"no";"no";"*T*-1 no man has yet effectually parried";"man";"man";"";"1";"Planch&eacute;, James Robinson";"l3";"planche-1846";"DRAMA COMEDY";"c";"c";"G";"mann";"Weak";"Consonant-Stem";"M/N";"l3";"k_l3";"c_lmod"
"salt:/ppcmbe2/planche-1846-2#sTok1396";"some";"some";"<font> Hec. <$$font> $I $'ll {TEXT:I'll} trouble him for a specimen of it some day when 0 *T*-1 $I $'m {TEXT:I'm} tired of my life .";"day";"day";"";"1";"Planch&eacute;, James Robinson";"l3";"planche-1846";"DRAMA COMEDY";"c";"a";"G";"dæg";"Strong";"A-Stem";"M";"l3";"k_l3";"c_lmod"
"salt:/ppcmbe2/planche-1846-2#sTok5118";"some";"some";"and *con* may get me into a confounded scrape some day or other .";"day";"day";"";"1";"Planch&eacute;, James Robinson";"l3";"planche-1846";"DRAMA COMEDY";"c";"a";"G";"dæg";"Strong";"A-Stem";"M";"l3";"k_l3";"c_lmod"
"salt:/ppcmbe2/planche-1846-2#sTok5793";"nae";"nae";"but nae matter .";"matter";"matter";"";"1";"Planch&eacute;, James Robinson";"l3";"planche-1846";"DRAMA COMEDY";"c";"s";"R";"";"";"";"";"l3";"k_l3";"c_lmod"
"salt:/ppcmbe2/planche-1846-2#sTok9483";"some";"some";"some day or other";"day";"day";"";"1";"Planch&eacute;, James Robinson";"l3";"planche-1846";"DRAMA COMEDY";"c";"a";"G";"dæg";"Strong";"A-Stem";"M";"l3";"k_l3";"c_lmod"
"salt:/ppcmbe2/planche-1846-2#sTok10850";"any";"any";"to put to rights any day";"day";"day";"";"1";"Planch&eacute;, James Robinson";"l3";"planche-1846";"DRAMA COMEDY";"c";"a";"G";"dæg";"Strong";"A-Stem";"M";"l3";"k_l3";"c_lmod"
"salt:/ppcmbe2/poore-1876-1#sTok4264";"many";"many";"for many years";"years";"year";"1";"";"Poore, George Vivian";"l4";"poore-1876";"SCIENCE MEDICINE";"c";"a";"G";"gear";"Strong";"A-Stem";"N";"l4";"l_l4";"c_lmod"
"salt:/ppcmbe2/poore-1876-1#sTok7017";"some";"some";"some years since";"years";"year";"1";"";"Poore, George Vivian";"l4";"poore-1876";"SCIENCE MEDICINE";"c";"a";"G";"gear";"Strong";"A-Stem";"N";"l4";"l_l4";"c_lmod"
"salt:/ppcmbe2/poore-1876-1#sTok7049";"all";"all";"on all hands";"hands";"hand";"1";"";"Poore, George Vivian";"l4";"poore-1876";"SCIENCE MEDICINE";"c";"c";"G";"hand";"Strong";"U-Stem";"F";"l4";"l_l4";"c_lmod"
"salt:/ppcmbe2/poore-1876-1#sTok7460";"every";"every";"in every seven days";"days";"day";"1";"";"Poore, George Vivian";"l4";"poore-1876";"SCIENCE MEDICINE";"c";"a";"G";"dæg";"Strong";"A-Stem";"M";"l4";"l_l4";"c_lmod"
"salt:/ppcmbe2/poore-1876-1#sTok7536";"all";"all";"on all hands";"hands";"hand";"1";"";"Poore, George Vivian";"l4";"poore-1876";"SCIENCE MEDICINE";"c";"c";"G";"hand";"Strong";"U-Stem";"F";"l4";"l_l4";"c_lmod"
"salt:/ppcmbe2/pope-172x-2#sTok80";"no";"no";"no Man is Exempt from *T*-2";"Man";"man";"";"1";"Pope, Alexander";"l1";"pope-172x";"LET PRIV";"c";"c";"G";"mann";"Weak";"Consonant-Stem";"M/N";"l1";"i_l1";"c_lmod"
"salt:/ppcmbe2/pope-172x-2#sTok363";"no";"no";"no Man is more Sensible of the Indulgence 0 0 *T*-1 I enjoy from my Rulers ,";"Man";"man";"";"1";"Pope, Alexander";"l1";"pope-172x";"LET PRIV";"c";"c";"G";"mann";"Weak";"Consonant-Stem";"M/N";"l1";"i_l1";"c_lmod"
"salt:/ppcmbe2/pope-172x-2#sTok486";"any";"any";"to any Man living";"Man";"man";"";"1";"Pope, Alexander";"l1";"pope-172x";"LET PRIV";"c";"c";"G";"mann";"Weak";"Consonant-Stem";"M/N";"l1";"i_l1";"c_lmod"
"salt:/ppcmbe2/pope-172x-2#sTok502";"all";"all";"above all Men";"Men";"man";"1";"";"Pope, Alexander";"l1";"pope-172x";"LET PRIV";"c";"c";"G";"mann";"Weak";"Consonant-Stem";"M/N";"l1";"i_l1";"c_lmod"
"salt:/ppcmbe2/pope-172x-2#sTok737";"any";"any";"by any humane creature";"creature";"creature";"";"1";"Pope, Alexander";"l1";"pope-172x";"LET PRIV";"c";"c";"R";"";"";"";"";"l1";"i_l1";"c_lmod"
"salt:/ppcmbe2/pope-172x-2#sTok850";"any";"any";"any Kings prevent";"Kings";"king";"1";"";"Pope, Alexander";"l1";"pope-172x";"LET PRIV";"c";"c";"G";"cyning";"Strong";"A-Stem";"M";"l1";"i_l1";"c_lmod"
"salt:/ppcmbe2/pope-172x-2#sTok1047";"some";"some";"to some great and useful work";"work";"work";"";"1";"Pope, Alexander";"l1";"pope-172x";"LET PRIV";"u";"a";"G";"weorc";"Strong";"A-Stem";"N";"l1";"i_l1";"c_lmod"
"salt:/ppcmbe2/pope-172x-2#sTok1192";"every";"every";"I am every day less and less fond of it ,";"day";"day";"";"1";"Pope, Alexander";"l1";"pope-172x";"LET PRIV";"c";"a";"G";"dæg";"Strong";"A-Stem";"M";"l1";"i_l1";"c_lmod"
"salt:/ppcmbe2/pope-172x-2#sTok2955";"every";"every";"*T*-1 is every year of a wise man's life but a censure or critique on the past";"year";"year";"";"1";"Pope, Alexander";"l1";"pope-172x";"LET PRIV";"c";"a";"G";"gear";"Strong";"A-Stem";"N";"l1";"i_l1";"c_lmod"
"salt:/ppcmbe2/pope-172x-2#sTok4530";"all";"all";"in all the Hearts in which 0 I wou'd have any Share *T*-2";"Hearts";"heart";"1";"";"Pope, Alexander";"l1";"pope-172x";"LET PRIV";"c";"c";"G";"heorte";"Weak";"N-Stem";"F";"l1";"i_l1";"c_lmod"
"salt:/ppcmbe2/pope-172x-2#sTok4549";"many";"many";"We have never met these many Years without mention of you .";"Years";"year";"1";"";"Pope, Alexander";"l1";"pope-172x";"LET PRIV";"c";"a";"G";"gear";"Strong";"A-Stem";"N";"l1";"i_l1";"c_lmod"
"salt:/ppcmbe2/pope-172x-2#sTok4625";"all";"all";"with all his other Hereditary Rights";"Rights";"right";"1";"";"Pope, Alexander";"l1";"pope-172x";"LET PRIV";"c";"a";"G";"riht";"Strong";"A-Stem";"N";"l1";"i_l1";"c_lmod"
"salt:/ppcmbe2/pope-172x-2#sTok5547";"every";"every";"*T*-3 has every day been acknowledg'd in my heart";"day";"day";"";"1";"Pope, Alexander";"l1";"pope-172x";"LET PRIV";"c";"a";"G";"dæg";"Strong";"A-Stem";"M";"l1";"i_l1";"c_lmod"
"salt:/ppcmbe2/pope-172x-2#sTok7849";"each";"each";"on each hand";"hand";"hand";"";"1";"Pope, Alexander";"l1";"pope-172x";"LET PRIV";"c";"c";"G";"hand";"Strong";"U-Stem";"F";"l1";"i_l1";"c_lmod"
"salt:/ppcmbe2/pope-172x-2#sTok9162";"some";"some";"of some very lofty Trees 0 that *T*-5 form an Arch before it";"Trees";"tree";"1";"";"Pope, Alexander";"l1";"pope-172x";"LET PRIV";"c";"c";"G";"treow";"Strong";"A-Stem";"N";"l1";"i_l1";"c_lmod"
"salt:/ppcmbe2/pope-172x-2#sTok10270";"any";"any";"in any distinguishing manner";"manner";"manner";"";"1";"Pope, Alexander";"l1";"pope-172x";"LET PRIV";"u";"a";"R";"";"";"";"";"l1";"i_l1";"c_lmod"
"salt:/ppcmbe2/pope-172x-2#sTok10762";"every";"every";"to take physic every day";"day";"day";"";"1";"Pope, Alexander";"l1";"pope-172x";"LET PRIV";"c";"a";"G";"dæg";"Strong";"A-Stem";"M";"l1";"i_l1";"c_lmod"
"salt:/ppcmbe2/pope-172x-2#sTok11146";"all";"all";"to all your Wives & Daughters";"Wives";"wife";"1";"";"Pope, Alexander";"l1";"pope-172x";"LET PRIV";"c";"c";"G";"wif";"Strong";"A-Stem";"N";"l1";"i_l1";"c_lmod"
"salt:/ppcmbe2/priestley-1765-2#sTok100";"any";"any";"of any other country in the world";"country";"country";"";"1";"Priestley, Joseph";"l2";"priestley-1765";"EDUC TREAT";"c";"c";"R";"";"";"";"";"l2";"j_l2";"c_lmod"
"salt:/ppcmbe2/priestley-1765-2#sTok2237";"all";"all";"in all countries";"countries";"country";"1";"";"Priestley, Joseph";"l2";"priestley-1765";"EDUC TREAT";"c";"c";"R";"";"";"";"";"l2";"j_l2";"c_lmod"
"salt:/ppcmbe2/priestley-1765-2#sTok3978";"every";"every";"*T*-2 might condemn indiscriminately , upon some pretence or other , every work 0 that *T*-3 gave them umbrage";"work";"work";"";"1";"Priestley, Joseph";"l2";"priestley-1765";"EDUC TREAT";"u";"a";"G";"weorc";"Strong";"A-Stem";"N";"l2";"j_l2";"c_lmod"
"salt:/ppcmbe2/priestley-1765-2#sTok4112";"No";"no";"No man could safely indulge himself in any thing bold , enterprizing , and out of the road of the vulgar ;";"man";"man";"";"1";"Priestley, Joseph";"l2";"priestley-1765";"EDUC TREAT";"c";"c";"G";"mann";"Weak";"Consonant-Stem";"M/N";"l2";"j_l2";"c_lmod"
"salt:/ppcmbe2/priestley-1765-2#sTok7399";"no";"no";"In all such cases , where 0 *T*-1 the well being of society is most nearly concerned , the civil magistrate has no right to interfere , unless 0 he can do it to good purpose .";"right";"right";"";"1";"Priestley, Joseph";"l2";"priestley-1765";"EDUC TREAT";"c";"a";"G";"riht";"Strong";"A-Stem";"N";"l2";"j_l2";"c_lmod"
"salt:/ppcmbe2/priestley-1765-2#sTok8716";"No";"no";"No two men living , were they questioned strictly , would give the same list of such fundamentals .";"men";"man";"1";"";"Priestley, Joseph";"l2";"priestley-1765";"EDUC TREAT";"c";"c";"G";"mann";"Weak";"Consonant-Stem";"M/N";"l2";"j_l2";"c_lmod"
"salt:/ppcmbe2/priestley-1765-2#sTok9939";"no";"no";"For no man , who 0 *T*-1 could suppose it possible for himself to be mistaken , would think 0 it was reasonable , that , after 0 the mistake was discovered , and universally acknowledged to be a mistake , all persons <paren> if 0 they would enjoy the advantage of the establishment <$$paren> should ever after be obliged to affirm , that they believed it to be no mistake , but perfectly agreeable to truth .";"man";"man";"";"1";"Priestley, Joseph";"l2";"priestley-1765";"EDUC TREAT";"c";"c";"G";"mann";"Weak";"Consonant-Stem";"M/N";"l2";"j_l2";"c_lmod"
"salt:/ppcmbe2/priestley-1769-1#sTok127";"few";"few";"back a few years";"years";"year";"1";"";"Priestley, Joseph";"l2";"priestley-1769";"SCIENCE OTHER";"c";"a";"G";"gear";"Strong";"A-Stem";"N";"l2";"j_l2";"c_lmod"
"salt:/ppcmbe2/priestley-1769-1#sTok3633";"several";"several";"several substances . which 0 *T*-1 would conduct electricity in general , would not conduct the shock of a charged phial";"substances";"substance";"1";"";"Priestley, Joseph";"l2";"priestley-1769";"SCIENCE OTHER";"c";"s";"R";"";"";"";"";"l2";"j_l2";"c_lmod"
"salt:/ppcmbe2/purver-new-1764-1#sTok1656";"Every";"every";"Every Man first puts good Wine";"Man";"man";"";"1";"Purver, Anthony";"l2";"purver-new-1764";"BIBLE";"c";"c";"G";"mann";"Weak";"Consonant-Stem";"M/N";"l2";"j_l2";"c_lmod"
"salt:/ppcmbe2/purver-new-1764-1#sTok1735";"many";"many";"but *con* did not remain there many Days .";"Days";"day";"1";"";"Purver, Anthony";"l2";"purver-new-1764";"BIBLE";"c";"a";"G";"dæg";"Strong";"A-Stem";"M";"l2";"j_l2";"c_lmod"
"salt:/ppcmbe2/purver-new-1764-1#sTok2780";"much";"much";"much Water was there";"Water";"water";"";"1";"Purver, Anthony";"l2";"purver-new-1764";"BIBLE";"u";"s";"G";"wæter";"Strong";"A-Stem";"N";"l2";"j_l2";"c_lmod"
"salt:/ppcmbe2/purver-new-1764-1#sTok4802";"some";"some";"Now some Man *ICH*-1 was there , who 0 *T*-2 had been in an Ailment thirty eight Years .";"Man";"man";"";"1";"Purver, Anthony";"l2";"purver-new-1764";"BIBLE";"c";"c";"G";"mann";"Weak";"Consonant-Stem";"M/N";"l2";"j_l2";"c_lmod"
"salt:/ppcmbe2/purver-new-1764-1#sTok4862";"no";"no";"Lord , I have no Man , 0 that *T*-2 when 0 the Water is disturbed , may put me into the Pool";"Man";"man";"";"1";"Purver, Anthony";"l2";"purver-new-1764";"BIBLE";"c";"c";"G";"mann";"Weak";"Consonant-Stem";"M/N";"l2";"j_l2";"c_lmod"
"salt:/ppcmbe2/purver-new-1764-1#sTok12344";"any";"any";"any Man opened the Eyes of one born blind";"Man";"man";"";"1";"Purver, Anthony";"l2";"purver-new-1764";"BIBLE";"c";"c";"G";"mann";"Weak";"Consonant-Stem";"M/N";"l2";"j_l2";"c_lmod"
"salt:/ppcmbe2/purver-new-1764-1#sTok13447";"Many";"many";"Many good Works have I shewn you from my Father";"Works";"work";"1";"";"Purver, Anthony";"l2";"purver-new-1764";"BIBLE";"u";"a";"G";"weorc";"Strong";"A-Stem";"N";"l2";"j_l2";"c_lmod"
"salt:/ppcmbe2/purver-new-1764-2#sTok683";"much";"much";"but if 0 it dies , it bears much Fruit .";"Fruit";"fruit";"";"1";"Purver, Anthony";"l2";"purver-new-1764";"BIBLE";"c";"s";"R";"";"";"";"";"l2";"j_l2";"c_lmod"
"salt:/ppcmbe2/purver-new-1764-2#sTok3812";"much";"much";"he 0 that *T*-1 remains in me , and I in him , bears much Fruit ; since 0 without me you $can $not {TEXT:cannot} do any Thing .";"Fruit";"fruit";"";"1";"Purver, Anthony";"l2";"purver-new-1764";"BIBLE";"c";"s";"R";"";"";"";"";"l2";"j_l2";"c_lmod"
"salt:/ppcmbe2/purver-new-1764-2#sTok3915";"much";"much";"you bear much Fruit";"Fruit";"fruit";"";"1";"Purver, Anthony";"l2";"purver-new-1764";"BIBLE";"c";"s";"R";"";"";"";"";"l2";"j_l2";"c_lmod"
"salt:/ppcmbe2/purver-new-1764-2#sTok5607";"all";"all";"over all Flesh";"Flesh";"flesh";"";"1";"Purver, Anthony";"l2";"purver-new-1764";"BIBLE";"u";"s";"G";"flæsc";"Strong";"I-Stem";"N";"l2";"j_l2";"c_lmod"
"salt:/ppcmbe2/purver-new-1764-2#sTok8139";"no";"no";"We have no King but Cesar";"King";"king";"";"1";"Purver, Anthony";"l2";"purver-new-1764";"BIBLE";"c";"c";"G";"cyning";"Strong";"A-Stem";"M";"l2";"j_l2";"c_lmod"
"salt:/ppcmbe2/purver-new-1764-2#sTok10186";"any";"any";"have you any Meat";"Meat";"meat";"";"1";"Purver, Anthony";"l2";"purver-new-1764";"BIBLE";"u";"s";"G";"mete";"Strong";"A-Stem";"M";"l2";"j_l2";"c_lmod"
"salt:/ppcmbe2/purver-new-1764-2#sTok12290";"all";"all";"upon all Flesh";"Flesh";"flesh";"";"1";"Purver, Anthony";"l2";"purver-new-1764";"BIBLE";"u";"s";"G";"flæsc";"Strong";"I-Stem";"N";"l2";"j_l2";"c_lmod"
"salt:/ppcmbe2/purver-new-1764-2#sTok13322";"no";"no";"I have no Silver and Gold";"Silver";"silver";"";"1";"Purver, Anthony";"l2";"purver-new-1764";"BIBLE";"u";"s";"G";"seolfor";"Strong";"A-Stem";"N";"l2";"j_l2";"c_lmod"
"salt:/ppcmbe2/purver-new-1764-2#sTok14317";"no";"no";"for no other Name under Heaven *ICH*-1 is given among Men , by which 0 *T*-1 we must be saved .";"Name";"name";"";"1";"Purver, Anthony";"l2";"purver-new-1764";"BIBLE";"c";"a";"G";"nama";"Weak";"N-Stem";"M";"l2";"j_l2";"c_lmod"
"salt:/ppcmbe2/purver-new-1764-2#sTok14494";"any";"any";"to any Man";"Man";"man";"";"1";"Purver, Anthony";"l2";"purver-new-1764";"BIBLE";"c";"c";"G";"mann";"Weak";"Consonant-Stem";"M/N";"l2";"j_l2";"c_lmod"
"salt:/ppcmbe2/purver-new-1764-2#sTok16461";"every";"every";"And every Day at the Temple , as also from House to House , they did not cease to teach and preach Jesus Christ .";"Day";"day";"";"1";"Purver, Anthony";"l2";"purver-new-1764";"BIBLE";"c";"a";"G";"dæg";"Strong";"A-Stem";"M";"l2";"j_l2";"c_lmod"
"salt:/ppcmbe2/purver-new-1764-2#sTok17577";"all";"all";"in all the Wisdom of the Egyptians";"Wisdom";"wisdom";"";"1";"Purver, Anthony";"l2";"purver-new-1764";"BIBLE";"u";"a";"G";"wisdom";"Strong";"A-Stem";"M";"l2";"j_l2";"c_lmod"
"salt:/ppcmbe2/purver-new-1764-2#sTok19807";"some";"some";"to some Water";"Water";"water";"";"1";"Purver, Anthony";"l2";"purver-new-1764";"BIBLE";"u";"s";"G";"wæter";"Strong";"A-Stem";"N";"l2";"j_l2";"c_lmod"
"salt:/ppcmbe2/purver-new-1764-2#sTok20607";"some";"some";"Afterwards Saul was with the Disciples at Damascus some Days .";"Days";"day";"1";"";"Purver, Anthony";"l2";"purver-new-1764";"BIBLE";"c";"a";"G";"dæg";"Strong";"A-Stem";"M";"l2";"j_l2";"c_lmod"
"salt:/ppcmbe2/purver-new-1764-2#sTok20712";"many";"many";"many Days were compleated";"Days";"day";"1";"";"Purver, Anthony";"l2";"purver-new-1764";"BIBLE";"c";"a";"G";"dæg";"Strong";"A-Stem";"M";"l2";"j_l2";"c_lmod"
"salt:/ppcmbe2/purver-new-1764-2#sTok21349";"many";"many";"He afterwards remained many Days at Joppa , with one Simon a Tanner .";"Days";"day";"1";"";"Purver, Anthony";"l2";"purver-new-1764";"BIBLE";"c";"a";"G";"dæg";"Strong";"A-Stem";"M";"l2";"j_l2";"c_lmod"
"salt:/ppcmbe2/purver-new-1764-2#sTok21705";"all";"all";"*T*-4 *exp* were all Manner of four-footed Creatures of the Earth , wild Beasts . creeping Things , and Fowls of the Air";"Manner";"manner";"";"1";"Purver, Anthony";"l2";"purver-new-1764";"BIBLE";"u";"a";"R";"";"";"";"";"l2";"j_l2";"c_lmod"
"salt:/ppcmbe2/purver-new-1764-2#sTok22042";"some";"some";"and some Brethren from Joppa accompanied him .";"Brethren";"brother";"1";"";"Purver, Anthony";"l2";"purver-new-1764";"BIBLE";"c";"c";"G";"broþor";"Irregular";"Stem in -r";"M";"l2";"j_l2";"c_lmod"
"salt:/ppcmbe2/purver-new-1764-2#sTok22196";"no";"no";"no Man common or unclean";"Man";"man";"";"1";"Purver, Anthony";"l2";"purver-new-1764";"BIBLE";"c";"c";"G";"mann";"Weak";"Consonant-Stem";"M/N";"l2";"j_l2";"c_lmod"
"salt:/ppcmbe2/purver-new-1764-2#sTok22816";"some";"some";"to stay some Days";"Days";"day";"1";"";"Purver, Anthony";"l2";"purver-new-1764";"BIBLE";"c";"a";"G";"dæg";"Strong";"A-Stem";"M";"l2";"j_l2";"c_lmod"
"salt:/ppcmbe2/purver-new-1764-2#sTok25512";"many";"many";"for many Days";"Days";"day";"1";"";"Purver, Anthony";"l2";"purver-new-1764";"BIBLE";"c";"a";"G";"dæg";"Strong";"A-Stem";"M";"l2";"j_l2";"c_lmod"
"salt:/ppcmbe2/purver-new-1764-2#sTok27057";"all";"all";"to all the Brethren";"Brethren";"brother";"1";"";"Purver, Anthony";"l2";"purver-new-1764";"BIBLE";"c";"c";"G";"broþor";"Irregular";"Stem in -r";"M";"l2";"j_l2";"c_lmod"
"salt:/ppcmbe2/purver-new-1764-2#sTok27487";"all";"all";"Known by God are all his Works since 0 the World has been .";"Works";"work";"1";"";"Purver, Anthony";"l2";"purver-new-1764";"BIBLE";"u";"a";"G";"weorc";"Strong";"A-Stem";"N";"l2";"j_l2";"c_lmod"
"salt:/ppcmbe2/purver-new-1764-2#sTok27947";"some";"some";"some Days after";"Days";"day";"1";"";"Purver, Anthony";"l2";"purver-new-1764";"BIBLE";"c";"a";"G";"dæg";"Strong";"A-Stem";"M";"l2";"j_l2";"c_lmod"
"salt:/ppcmbe2/purver-new-1764-2#sTok28452";"some";"some";"and we were in that City abiding some Days .";"Days";"day";"1";"";"Purver, Anthony";"l2";"purver-new-1764";"BIBLE";"c";"a";"G";"dæg";"Strong";"A-Stem";"M";"l2";"j_l2";"c_lmod"
"salt:/ppcmbe2/purver-new-1764-2#sTok28681";"many";"many";"for many Days";"Days";"day";"1";"";"Purver, Anthony";"l2";"purver-new-1764";"BIBLE";"c";"a";"G";"dæg";"Strong";"A-Stem";"M";"l2";"j_l2";"c_lmod"
"salt:/ppcmbe2/purver-new-1764-2#sTok29527";"some";"some";"Yet the unbelieving Jews being envious , took some wicked Men of the base ones ,";"Men";"man";"1";"";"Purver, Anthony";"l2";"purver-new-1764";"BIBLE";"c";"c";"G";"mann";"Weak";"Consonant-Stem";"M/N";"l2";"j_l2";"c_lmod"
"salt:/ppcmbe2/purver-new-1764-2#sTok29584";"some";"some";"and some Brethren";"Brethren";"brother";"1";"";"Purver, Anthony";"l2";"purver-new-1764";"BIBLE";"c";"c";"G";"broþor";"Irregular";"Stem in -r";"M";"l2";"j_l2";"c_lmod"
"salt:/ppcmbe2/purver-new-1764-2#sTok29939";"every";"every";"on every Day";"Day";"day";"";"1";"Purver, Anthony";"l2";"purver-new-1764";"BIBLE";"c";"a";"G";"dæg";"Strong";"A-Stem";"M";"l2";"j_l2";"c_lmod"
"salt:/ppcmbe2/purver-new-1764-2#sTok30384";"all";"all";"The Times *ICH*-2 indeed therefore of Ignorance God *ICH*-1 having looked over , now orders all Men every where to repent . Because 0 he has appointed a Day on which 0 *T*-3 he will hereafter judge the World in Righteousness , by the Man whom 0 *T*-4 he has determined ; having yielded Belief to all , in raising him up from the Dead .";"Men";"man";"1";"";"Purver, Anthony";"l2";"purver-new-1764";"BIBLE";"c";"c";"G";"mann";"Weak";"Consonant-Stem";"M/N";"l2";"j_l2";"c_lmod"
"salt:/ppcmbe2/purver-old-1764-1#sTok588";"all";"all";"and all living Creatures 0 that *T*-1 stirred , which 0 *T*-2 the Water bred abundantly of each Kind";"Creatures";"creature";"1";"";"Purver, Anthony";"l2";"purver-old-1764";"BIBLE";"c";"c";"R";"";"";"";"";"l2";"j_l2";"c_lmod"
"salt:/ppcmbe2/purver-old-1764-1#sTok722";"all";"all";"with all manner of creeping Things of the Ground";"manner";"manner";"";"1";"Purver, Anthony";"l2";"purver-old-1764";"BIBLE";"u";"a";"R";"";"";"";"";"l2";"j_l2";"c_lmod"
"salt:/ppcmbe2/purver-old-1764-1#sTok898";"all";"all";"with all Trees 0 that *T*-2 have Fruit on them yielding a Kernel , which 0 *T*-3 shall be *-3 for you to eat";"Trees";"tree";"1";"";"Purver, Anthony";"l2";"purver-old-1764";"BIBLE";"c";"c";"G";"treow";"Strong";"A-Stem";"N";"l2";"j_l2";"c_lmod"
"salt:/ppcmbe2/purver-old-1764-1#sTok1083";"all";"all";"making all his Work which 0 *T*-1 he had created";"Work";"work";"";"1";"Purver, Anthony";"l2";"purver-old-1764";"BIBLE";"u";"a";"G";"weorc";"Strong";"A-Stem";"N";"l2";"j_l2";"c_lmod"
"salt:/ppcmbe2/purver-old-1764-1#sTok1174";"no";"no";"there was no Man 0 *T*-4 to till the Land";"Man";"man";"";"1";"Purver, Anthony";"l2";"purver-old-1764";"BIBLE";"c";"c";"G";"mann";"Weak";"Consonant-Stem";"M/N";"l2";"j_l2";"c_lmod"
"salt:/ppcmbe2/purver-old-1764-1#sTok1280";"all";"all";"grow out of the Ground , all Trees which 0 *T*-4 were pleasant to the Sight , and good for Food ; with the Tree of Life in the middle of the Garden , and that of the Knowledge of Good and Evil";"Trees";"tree";"1";"";"Purver, Anthony";"l2";"purver-old-1764";"BIBLE";"c";"c";"G";"treow";"Strong";"A-Stem";"N";"l2";"j_l2";"c_lmod"
"salt:/ppcmbe2/purver-old-1764-1#sTok1497";"every";"every";"of every Tree of the Garden ; Excepting that of the Knowledge of Good and Evil , of which 0 *T*-1 thou shalt not *";"Tree";"tree";"";"1";"Purver, Anthony";"l2";"purver-old-1764";"BIBLE";"c";"c";"G";"treow";"Strong";"A-Stem";"N";"l2";"j_l2";"c_lmod"
"salt:/ppcmbe2/purver-old-1764-1#sTok1619";"each";"each";"*T*-3 each living Creature";"Creature";"creature";"";"1";"Purver, Anthony";"l2";"purver-old-1764";"BIBLE";"c";"c";"R";"";"";"";"";"l2";"j_l2";"c_lmod"
"salt:/ppcmbe2/purver-old-1764-1#sTok1874";"every";"every";"of every Tree of the Garden";"Tree";"tree";"";"1";"Purver, Anthony";"l2";"purver-old-1764";"BIBLE";"c";"c";"G";"treow";"Strong";"A-Stem";"N";"l2";"j_l2";"c_lmod"
"salt:/ppcmbe2/purver-old-1764-1#sTok2441";"all";"all";"*T*-4 thou shalt eat with Grief all the Days of thy Life";"Days";"day";"1";"";"Purver, Anthony";"l2";"purver-old-1764";"BIBLE";"c";"a";"G";"dæg";"Strong";"A-Stem";"M";"l2";"j_l2";"c_lmod"
"salt:/ppcmbe2/purver-old-1764-1#sTok2993";"all";"all";"all Flesh had made its Way corrupt on the Earth";"Flesh";"flesh";"";"1";"Purver, Anthony";"l2";"purver-old-1764";"BIBLE";"u";"s";"G";"flæsc";"Strong";"I-Stem";"N";"l2";"j_l2";"c_lmod"
"salt:/ppcmbe2/purver-old-1764-1#sTok3163";"all";"all";"to destroy all Flesh in which 0 *T*-1 there is the Faculty of Life from under Heaven";"Flesh";"flesh";"";"1";"Purver, Anthony";"l2";"purver-old-1764";"BIBLE";"u";"s";"G";"flæsc";"Strong";"I-Stem";"N";"l2";"j_l2";"c_lmod"
"salt:/ppcmbe2/purver-old-1764-1#sTok3230";"all";"all";"of all Flesh";"Flesh";"flesh";"";"1";"Purver, Anthony";"l2";"purver-old-1764";"BIBLE";"u";"s";"G";"flæsc";"Strong";"I-Stem";"N";"l2";"j_l2";"c_lmod"
"salt:/ppcmbe2/purver-old-1764-1#sTok3275";"all";"all";"of all manner of creeping Things of the Ground";"manner";"manner";"";"1";"Purver, Anthony";"l2";"purver-old-1764";"BIBLE";"u";"a";"R";"";"";"";"";"l2";"j_l2";"c_lmod"
"salt:/ppcmbe2/purver-old-1764-1#sTok3477";"all";"all";"I may destroy all living Substance which 0 *T*-3 I have made , from the Face of the Ground";"Substance";"substance";"";"1";"Purver, Anthony";"l2";"purver-old-1764";"BIBLE";"c";"s";"R";"";"";"";"";"l2";"j_l2";"c_lmod"
"salt:/ppcmbe2/purver-old-1764-1#sTok3745";"all";"all";"Birds , all manner of winged Fowls";"manner";"manner";"";"1";"Purver, Anthony";"l2";"purver-old-1764";"BIBLE";"u";"a";"R";"";"";"";"";"l2";"j_l2";"c_lmod"
"salt:/ppcmbe2/purver-old-1764-1#sTok3763";"all";"all";"of all Flesh";"Flesh";"flesh";"";"1";"Purver, Anthony";"l2";"purver-old-1764";"BIBLE";"u";"s";"G";"flæsc";"Strong";"I-Stem";"N";"l2";"j_l2";"c_lmod"
"salt:/ppcmbe2/purver-old-1764-1#sTok3791";"all";"all";"of all Flesh";"Flesh";"flesh";"";"1";"Purver, Anthony";"l2";"purver-old-1764";"BIBLE";"u";"s";"G";"flæsc";"Strong";"I-Stem";"N";"l2";"j_l2";"c_lmod"
"salt:/ppcmbe2/purver-old-1764-1#sTok3913";"all";"all";"*T*-3 all Flesh *ICH*-4 *ICH*-6 expired 0 that *T*-5 moved on the Earth , of the Fowls , Cattle , Beasts , and all crawling Things 0 that *T*-7 crawled upon the Ground ; with all Mankind";"Flesh";"flesh";"";"1";"Purver, Anthony";"l2";"purver-old-1764";"BIBLE";"u";"s";"G";"flæsc";"Strong";"I-Stem";"N";"l2";"j_l2";"c_lmod"
"salt:/ppcmbe2/purver-old-1764-1#sTok3982";"all";"all";"Thus all living Substance 0 that *T*-1 was on the Surface of the Ground , both Man and Beast , with the creeping Things , and Fowls of the Air , were destroyed from the Earth ; so that Noah only was left , and such as 0 0 *T*-3 were with him in the Ark .";"Substance";"substance";"";"1";"Purver, Anthony";"l2";"purver-old-1764";"BIBLE";"c";"s";"R";"";"";"";"";"l2";"j_l2";"c_lmod"
"salt:/ppcmbe2/purver-old-1764-1#sTok4526";"all";"all";"of all Flesh";"Flesh";"flesh";"";"1";"Purver, Anthony";"l2";"purver-old-1764";"BIBLE";"u";"s";"G";"flæsc";"Strong";"I-Stem";"N";"l2";"j_l2";"c_lmod"
"salt:/ppcmbe2/purver-old-1764-1#sTok4814";"all";"all";"and all the Fish of the Sea";"Fish";"fish";"";"1";"Purver, Anthony";"l2";"purver-old-1764";"BIBLE";"u";"c";"G";"fisc";"Strong";"A-Stem";"M";"l2";"j_l2";"c_lmod"
"salt:/ppcmbe2/purver-old-1764-1#sTok5015";"every";"every";"also with every living Creature which 0 *T*-2 shall be with you , that is of Fowls , Cattle , and all wild Beasts ; not only all 0 that *T*-3 go out of the Ark , but every Creature which 0 *T*-4 shall be on the Earth";"Creature";"creature";"";"1";"Purver, Anthony";"l2";"purver-old-1764";"BIBLE";"c";"c";"R";"";"";"";"";"l2";"j_l2";"c_lmod"
"salt:/ppcmbe2/purver-old-1764-1#sTok5051";"every";"every";"but every Creature which 0 *T*-4 shall be on the Earth";"Creature";"creature";"";"1";"Purver, Anthony";"l2";"purver-old-1764";"BIBLE";"c";"c";"R";"";"";"";"";"l2";"j_l2";"c_lmod"
"salt:/ppcmbe2/purver-old-1764-1#sTok5066";"all";"all";"all Flesh shall not be cut off any more by the Waters of a Flood";"Flesh";"flesh";"";"1";"Purver, Anthony";"l2";"purver-old-1764";"BIBLE";"u";"s";"G";"flæsc";"Strong";"I-Stem";"N";"l2";"j_l2";"c_lmod"
"salt:/ppcmbe2/purver-old-1764-1#sTok5127";"all";"all";"*T*-3 likewise all living Creatures 0 that *T*-4 are with you";"Creatures";"creature";"1";"";"Purver, Anthony";"l2";"purver-old-1764";"BIBLE";"c";"c";"R";"";"";"";"";"l2";"j_l2";"c_lmod"
"salt:/ppcmbe2/purver-old-1764-1#sTok5202";"every";"every";"with every Creature living of all Flesh";"Creature";"creature";"";"1";"Purver, Anthony";"l2";"purver-old-1764";"BIBLE";"c";"c";"R";"";"";"";"";"l2";"j_l2";"c_lmod"
"salt:/ppcmbe2/purver-old-1764-1#sTok5206";"all";"all";"of all Flesh";"Flesh";"flesh";"";"1";"Purver, Anthony";"l2";"purver-old-1764";"BIBLE";"u";"s";"G";"flæsc";"Strong";"I-Stem";"N";"l2";"j_l2";"c_lmod"
"salt:/ppcmbe2/purver-old-1764-1#sTok5255";"every";"every";"and every living Creature of all Flesh , 0 that *T*-1 is upon the Earth";"Creature";"creature";"";"1";"Purver, Anthony";"l2";"purver-old-1764";"BIBLE";"c";"c";"R";"";"";"";"";"l2";"j_l2";"c_lmod"
"salt:/ppcmbe2/purver-old-1764-1#sTok5259";"all";"all";"of all Flesh";"Flesh";"flesh";"";"1";"Purver, Anthony";"l2";"purver-old-1764";"BIBLE";"u";"s";"G";"flæsc";"Strong";"I-Stem";"N";"l2";"j_l2";"c_lmod"
"salt:/ppcmbe2/purver-old-1764-1#sTok5293";"all";"all";"and all Flesh 0 that *T*-2 is upon the Earth";"Flesh";"flesh";"";"1";"Purver, Anthony";"l2";"purver-old-1764";"BIBLE";"u";"s";"G";"flæsc";"Strong";"I-Stem";"N";"l2";"j_l2";"c_lmod"
"salt:/ppcmbe2/purver-old-1764-1#sTok5722";"all";"all";"all their Substance 0 that *T*-1 they had gained , and the Persons whom 0 *T*-2 they had got in Haran";"Substance";"substance";"";"1";"Purver, Anthony";"l2";"purver-old-1764";"BIBLE";"c";"s";"R";"";"";"";"";"l2";"j_l2";"c_lmod"
"salt:/ppcmbe2/purver-old-1764-1#sTok6456";"all";"all";"Is not all the Country before thee";"Country";"country";"";"1";"Purver, Anthony";"l2";"purver-old-1764";"BIBLE";"c";"c";"R";"";"";"";"";"l2";"j_l2";"c_lmod"
"salt:/ppcmbe2/purver-old-1764-1#sTok6662";"all";"all";"For all the Country which 0 *T*-1 thou canst see , will I give these , and thy Offspring for ever .";"Country";"country";"";"1";"Purver, Anthony";"l2";"purver-old-1764";"BIBLE";"c";"c";"R";"";"";"";"";"l2";"j_l2";"c_lmod"
"salt:/ppcmbe2/purver-old-1764-1#sTok6972";"all";"all";"and *con* smote all the Country of the Amalekites ; and also the Amorites , who 0 *T*-1 dwelt at Hazazon-tamar .";"Country";"country";"";"1";"Purver, Anthony";"l2";"purver-old-1764";"BIBLE";"c";"c";"R";"";"";"";"";"l2";"j_l2";"c_lmod"
"salt:/ppcmbe2/purver-old-1764-1#sTok7288";"all";"all";"Nay he brought back all the Substance , particularly his Kinsman $Lot $'s {TEXT:Lot's} *ICH*-1 , with him , the Women and People .";"Substance";"substance";"";"1";"Purver, Anthony";"l2";"purver-old-1764";"BIBLE";"c";"s";"R";"";"";"";"";"l2";"j_l2";"c_lmod"
"salt:/ppcmbe2/purver-old-1764-1#sTok9811";"all";"all";"all the Men , who 0 *T*-1 when 0 they had seen my Glory , and my Signs which 0 *T*-3 I shewed in Egypt , and the Wilderness , have tempted me these ten times , and not hearkened to what 0 *T*-4 I said ; They *ICH*-6 shall not see the Country of which 0 *T*-5 I sware to their Forefathers , nor any of those who 0 *T*-7 have contemned me";"Men";"man";"1";"";"Purver, Anthony";"l2";"purver-old-1764";"BIBLE";"c";"c";"G";"mann";"Weak";"Consonant-Stem";"M/N";"l2";"j_l2";"c_lmod"
"salt:/ppcmbe2/purver-old-1764-1#sTok10201";"each";"each";"each Day being for a Year";"Day";"day";"";"1";"Purver, Anthony";"l2";"purver-old-1764";"BIBLE";"c";"a";"G";"dæg";"Strong";"A-Stem";"M";"l2";"j_l2";"c_lmod"
"salt:/ppcmbe2/purver-old-1764-1#sTok10906";"all";"all";"and all thy Brethren the Levites with thee";"Brethren";"brother";"1";"";"Purver, Anthony";"l2";"purver-old-1764";"BIBLE";"c";"c";"G";"broþor";"Irregular";"Stem in -r";"M";"l2";"j_l2";"c_lmod"
"salt:/ppcmbe2/purver-old-1764-1#sTok11279";"all";"all";"of all Flesh";"Flesh";"flesh";"";"1";"Purver, Anthony";"l2";"purver-old-1764";"BIBLE";"u";"s";"G";"flæsc";"Strong";"I-Stem";"N";"l2";"j_l2";"c_lmod"
"salt:/ppcmbe2/purver-old-1764-1#sTok11391";"all";"all";"in all their Sins";"Sins";"sin";"1";"";"Purver, Anthony";"l2";"purver-old-1764";"BIBLE";"c";"a";"G";"syn";"Strong";"O-Stem";"F";"l2";"j_l2";"c_lmod"
"salt:/ppcmbe2/purver-old-1764-1#sTok11456";"all";"all";"to do all these Works";"Works";"work";"1";"";"Purver, Anthony";"l2";"purver-old-1764";"BIBLE";"u";"a";"G";"weorc";"Strong";"A-Stem";"N";"l2";"j_l2";"c_lmod"
"salt:/ppcmbe2/purver-old-1764-1#sTok11598";"all";"all";"and all the Men who 0 *T*-2 belonged to Korah";"Men";"man";"1";"";"Purver, Anthony";"l2";"purver-old-1764";"BIBLE";"c";"c";"G";"mann";"Weak";"Consonant-Stem";"M/N";"l2";"j_l2";"c_lmod"
"salt:/ppcmbe2/purver-old-1764-2#sTok3812";"all";"all";"before all his Brethren";"Brethren";"brother";"1";"";"Purver, Anthony";"l2";"purver-old-1764";"BIBLE";"c";"c";"G";"broþor";"Irregular";"Stem in -r";"M";"l2";"j_l2";"c_lmod"
"salt:/ppcmbe2/purver-old-1764-2#sTok4721";"All";"all";"All the Men likewise of his Family , home-born , and bought with Money of Strangers , were circumcised with him .";"Men";"man";"1";"";"Purver, Anthony";"l2";"purver-old-1764";"BIBLE";"c";"c";"G";"mann";"Weak";"Consonant-Stem";"M/N";"l2";"j_l2";"c_lmod"
"salt:/ppcmbe2/purver-old-1764-2#sTok6881";"all";"all";"towards all the Country of the Plain";"Country";"country";"";"1";"Purver, Anthony";"l2";"purver-old-1764";"BIBLE";"c";"c";"R";"";"";"";"";"l2";"j_l2";"c_lmod"
"salt:/ppcmbe2/purver-old-1764-2#sTok7005";"no";"no";"there being no Man *ICH*-2 in the World 0 *T*-2 to come in to us after the manner of the whole Earth";"Man";"man";"";"1";"Purver, Anthony";"l2";"purver-old-1764";"BIBLE";"c";"c";"G";"mann";"Weak";"Consonant-Stem";"M/N";"l2";"j_l2";"c_lmod"
"salt:/ppcmbe2/purver-old-1764-2#sTok10329";"every";"every";"about every Matter of the Altar";"Matter";"matter";"";"1";"Purver, Anthony";"l2";"purver-old-1764";"BIBLE";"c";"s";"R";"";"";"";"";"l2";"j_l2";"c_lmod"
"salt:/ppcmbe2/purver-old-1764-2#sTok10640";"all";"all";"of all Flesh which 0 *T*-2 they bring to the Lord";"Flesh";"flesh";"";"1";"Purver, Anthony";"l2";"purver-old-1764";"BIBLE";"u";"s";"G";"flæsc";"Strong";"I-Stem";"N";"l2";"j_l2";"c_lmod"
"salt:/ppcmbe2/purver-old-1764-2#sTok11277";"no";"no";"And when 0 you offer up the best of them , you shall bear no Sin concerning them ,";"Sin";"sin";"";"1";"Purver, Anthony";"l2";"purver-old-1764";"BIBLE";"c";"a";"G";"syn";"Strong";"O-Stem";"F";"l2";"j_l2";"c_lmod"
"salt:/ppcmbe2/purver-old-1764-2#sTok11648";"any";"any";"of any Man";"Man";"man";"";"1";"Purver, Anthony";"l2";"purver-old-1764";"BIBLE";"c";"c";"G";"mann";"Weak";"Consonant-Stem";"M/N";"l2";"j_l2";"c_lmod"
"salt:/ppcmbe2/purver-old-1764-2#sTok11819";"no";"no";"*T*-1 there is no Cloth fastened";"Cloth";"cloth";"";"1";"Purver, Anthony";"l2";"purver-old-1764";"BIBLE";"u";"s";"G";"claþ";"Strong";"A-Stem";"M";"l2";"j_l2";"c_lmod"
"salt:/ppcmbe2/purver-old-1764-2#sTok12179";"no";"no";"having no Water";"Water";"water";"";"1";"Purver, Anthony";"l2";"purver-old-1764";"BIBLE";"u";"s";"G";"wæter";"Strong";"A-Stem";"N";"l2";"j_l2";"c_lmod"
"salt:/ppcmbe2/purver-old-1764-2#sTok12285";"no";"no";"nay there is no Water 0 *T*-2 to drink .";"Water";"water";"";"1";"Purver, Anthony";"l2";"purver-old-1764";"BIBLE";"u";"s";"G";"wæter";"Strong";"A-Stem";"N";"l2";"j_l2";"c_lmod"
"salt:/ppcmbe2/purver-old-1764-2#sTok12475";"much";"much";"*T*-1 there came out much Water , so that the Assembly and their Cattle drank";"Water";"water";"";"1";"Purver, Anthony";"l2";"purver-old-1764";"BIBLE";"u";"s";"G";"wæter";"Strong";"A-Stem";"N";"l2";"j_l2";"c_lmod"
"salt:/ppcmbe2/purver-old-1764-2#sTok14677";"many";"many";"Afterwards you abode at Kadesh many Days , as 0 those which 0 *T*-1 you staid were .";"Days";"day";"1";"";"Purver, Anthony";"l2";"purver-old-1764";"BIBLE";"c";"a";"G";"dæg";"Strong";"A-Stem";"M";"l2";"j_l2";"c_lmod"
"salt:/ppcmbe2/purver-old-1764-2#sTok14733";"many";"many";"and *con* compassed Mount Seir many Days .";"Days";"day";"1";"";"Purver, Anthony";"l2";"purver-old-1764";"BIBLE";"c";"a";"G";"dæg";"Strong";"A-Stem";"M";"l2";"j_l2";"c_lmod"
"salt:/ppcmbe2/purver-old-1764-2#sTok14897";"all";"all";"in all the Work of thy Hand";"Work";"work";"";"1";"Purver, Anthony";"l2";"purver-old-1764";"BIBLE";"u";"a";"G";"weorc";"Strong";"A-Stem";"N";"l2";"j_l2";"c_lmod"
"salt:/ppcmbe2/purver-old-1764-2#sTok17100";"every";"every";"for every Man who 0 *T*-1 went after Baal-peor , him the Lord thy God destroyed from among you . Whereas 0 you who 0 *T*-2 cleaved to the Lord your God , are all of you alive this Day .";"Man";"man";"";"1";"Purver, Anthony";"l2";"purver-old-1764";"BIBLE";"c";"c";"G";"mann";"Weak";"Consonant-Stem";"M/N";"l2";"j_l2";"c_lmod"
"salt:/ppcmbe2/purver-old-1764-2#sTok17413";"all";"all";"to fear me all the Days which 0 *T*-3 they live upon the Earth";"Days";"day";"1";"";"Purver, Anthony";"l2";"purver-old-1764";"BIBLE";"c";"a";"G";"dæg";"Strong";"A-Stem";"M";"l2";"j_l2";"c_lmod"
"salt:/ppcmbe2/purver-old-1764-2#sTok17666";"any";"any";"of any Fish which 0 *T*-6 is in the Water under the Earth";"Fish";"fish";"";"1";"Purver, Anthony";"l2";"purver-old-1764";"BIBLE";"u";"c";"G";"fisc";"Strong";"A-Stem";"M";"l2";"j_l2";"c_lmod"
"salt:/ppcmbe2/purver-old-1764-2#sTok19602";"all";"all";"of all Flesh";"Flesh";"flesh";"";"1";"Purver, Anthony";"l2";"purver-old-1764";"BIBLE";"u";"s";"G";"flæsc";"Strong";"I-Stem";"N";"l2";"j_l2";"c_lmod"
"salt:/ppcmbe2/purver-old-1764-2#sTok19977";"all";"all";"to observe all his Ordinances , and his Commandments , which 0 *T*-3 I command thee , thy Son and Grandson , all the Days of thy Life";"Days";"day";"1";"";"Purver, Anthony";"l2";"purver-old-1764";"BIBLE";"c";"a";"G";"dæg";"Strong";"A-Stem";"M";"l2";"j_l2";"c_lmod"
"salt:/ppcmbe2/purver-old-1764-2#sTok20075";"all";"all";"with all thy Heart";"Heart";"heart";"";"1";"Purver, Anthony";"l2";"purver-old-1764";"BIBLE";"c";"c";"G";"heorte";"Weak";"N-Stem";"F";"l2";"j_l2";"c_lmod"
"salt:/ppcmbe2/purver-old-1764-2#sTok20080";"all";"all";"all thy Soul , and all thy Might";"Soul";"soul";"";"1";"Purver, Anthony";"l2";"purver-old-1764";"BIBLE";"c";"a";"G";"sawel";"Strong";"O-Stem";"F";"l2";"j_l2";"c_lmod"
"salt:/ppcmbe2/purver-old-1764-2#sTok20085";"all";"all";"and all thy Might";"Might";"might";"";"1";"Purver, Anthony";"l2";"purver-old-1764";"BIBLE";"u";"a";"G";"meaht";"Strong";"O-Stem";"F";"l2";"j_l2";"c_lmod"
"salt:/ppcmbe2/purver-old-1764-2#sTok20483";"all";"all";"he would drive away all thy Enemies from thy Presence , as 0 0 *T*-4 he himself spoke";"Enemies";"enemy";"1";"";"Purver, Anthony";"l2";"purver-old-1764";"BIBLE";"c";"c";"R";"";"";"";"";"l2";"j_l2";"c_lmod"
"salt:/ppcmbe2/purver-old-1764-2#sTok22244";"no";"no";"*T*-6 there was no Water";"Water";"water";"";"1";"Purver, Anthony";"l2";"purver-old-1764";"BIBLE";"u";"s";"G";"wæter";"Strong";"A-Stem";"N";"l2";"j_l2";"c_lmod"
"salt:/ppcmbe2/purver-old-1764-2#sTok23100";"both";"both";"in both my Hands";"Hands";"hand";"1";"";"Purver, Anthony";"l2";"purver-old-1764";"BIBLE";"c";"c";"G";"hand";"Strong";"U-Stem";"F";"l2";"j_l2";"c_lmod"
"salt:/ppcmbe2/purver-old-1764-2#sTok23158";"both";"both";"out of both my Hands";"Hands";"hand";"1";"";"Purver, Anthony";"l2";"purver-old-1764";"BIBLE";"c";"c";"G";"hand";"Strong";"U-Stem";"F";"l2";"j_l2";"c_lmod"
"salt:/ppcmbe2/purver-old-1764-2#sTok23195";"all";"all";"for all your Sins which 0 *T*-1 you had committed , by doing what 0 the Lord was displeased with *T*-2 , to provoke him";"Sins";"sin";"1";"";"Purver, Anthony";"l2";"purver-old-1764";"BIBLE";"c";"a";"G";"syn";"Strong";"O-Stem";"F";"l2";"j_l2";"c_lmod"
"salt:/ppcmbe2/purver-old-1764-2#sTok24594";"all";"all";"and all living Substance 0 that *T*-10 accompanied them";"Substance";"substance";"";"1";"Purver, Anthony";"l2";"purver-old-1764";"BIBLE";"c";"s";"R";"";"";"";"";"l2";"j_l2";"c_lmod"
"salt:/ppcmbe2/purver-old-1764-2#sTok25246";"No";"no";"No Man shall stand in your Presence :";"Man";"man";"";"1";"Purver, Anthony";"l2";"purver-old-1764";"BIBLE";"c";"c";"G";"mann";"Weak";"Consonant-Stem";"M/N";"l2";"j_l2";"c_lmod"
"salt:/ppcmbe2/pusey-186x-1#sTok667";"all";"all";"above all the men upon the face of the earth";"men";"man";"1";"";"Pusey, Edward Bouverie";"l4";"pusey-186x";"SERMON";"c";"c";"G";"mann";"Weak";"Consonant-Stem";"M/N";"l4";"l_l4";"c_lmod"
"salt:/ppcmbe2/pusey-186x-1#sTok6304";"no";"no";"for in Thy sight shall no man living be justified . \"";"man";"man";"";"1";"Pusey, Edward Bouverie";"l4";"pusey-186x";"SERMON";"c";"c";"G";"mann";"Weak";"Consonant-Stem";"M/N";"l4";"l_l4";"c_lmod"
"salt:/ppcmbe2/pusey-186x-1#sTok7495";"any";"any";"there was any sin in act";"sin";"sin";"";"1";"Pusey, Edward Bouverie";"l4";"pusey-186x";"SERMON";"c";"a";"G";"syn";"Strong";"O-Stem";"F";"l4";"l_l4";"c_lmod"
"salt:/ppcmbe2/pusey-186x-1#sTok9153";"no";"no";"no flesh should glory in His Presence";"flesh";"flesh";"";"1";"Pusey, Edward Bouverie";"l4";"pusey-186x";"SERMON";"u";"s";"G";"flæsc";"Strong";"I-Stem";"N";"l4";"l_l4";"c_lmod"
"salt:/ppcmbe2/pusey-186x-1#sTok9851";"many";"many";"not many days hence";"days";"day";"1";"";"Pusey, Edward Bouverie";"l4";"pusey-186x";"SERMON";"c";"a";"G";"dæg";"Strong";"A-Stem";"M";"l4";"l_l4";"c_lmod"
"salt:/ppcmbe2/pusey-186x-1#sTok11462";"every";"every";"and every name which 0 *T*-9 is named , not only in this world but in that which 0 *T*-4 is to come";"name";"name";"";"1";"Pusey, Edward Bouverie";"l4";"pusey-186x";"SERMON";"c";"a";"G";"nama";"Weak";"N-Stem";"M";"l4";"l_l4";"c_lmod"
"salt:/ppcmbe2/pusey-186x-1#sTok11508";"all";"all";"above all might";"might";"might";"";"1";"Pusey, Edward Bouverie";"l4";"pusey-186x";"SERMON";"u";"a";"G";"meaht";"Strong";"O-Stem";"F";"l4";"l_l4";"c_lmod"
"salt:/ppcmbe2/pusey-186x-1#sTok11673";"all";"all";"above all might which 0 *T*-2 can be named or conceived";"might";"might";"";"1";"Pusey, Edward Bouverie";"l4";"pusey-186x";"SERMON";"u";"a";"G";"meaht";"Strong";"O-Stem";"F";"l4";"l_l4";"c_lmod"
"salt:/ppcmbe2/pusey-186x-1#sTok11923";"all";"all";"in <font> all <$$font> wisdom and spiritual understanding";"wisdom";"wisdom";"";"1";"Pusey, Edward Bouverie";"l4";"pusey-186x";"SERMON";"u";"a";"G";"wisdom";"Strong";"A-Stem";"M";"l4";"l_l4";"c_lmod"
"salt:/ppcmbe2/pusey-186x-1#sTok11947";"all";"all";"in <font> all <$$font> good work";"work";"work";"";"1";"Pusey, Edward Bouverie";"l4";"pusey-186x";"SERMON";"u";"a";"G";"weorc";"Strong";"A-Stem";"N";"l4";"l_l4";"c_lmod"
"salt:/ppcmbe2/pusey-186x-1#sTok12052";"all";"all";"all work of faith in power";"work";"work";"";"1";"Pusey, Edward Bouverie";"l4";"pusey-186x";"SERMON";"u";"a";"G";"weorc";"Strong";"A-Stem";"N";"l4";"l_l4";"c_lmod"
"salt:/ppcmbe2/pusey-187x-2#sTok905";"any";"any";"of any tree of the garden";"tree";"tree";"";"1";"Pusey, Edward Bouverie";"l4";"pusey-187x";"SERMON";"c";"c";"G";"treow";"Strong";"A-Stem";"N";"l4";"l_l4";"c_lmod"
"salt:/ppcmbe2/pusey-187x-2#sTok1929";"all";"all";"and *con* forgets all His love .";"love";"love";"";"1";"Pusey, Edward Bouverie";"l4";"pusey-187x";"SERMON";"u";"a";"G";"lufu";"Strong";"O-Stem";"F";"l4";"l_l4";"c_lmod"
"salt:/ppcmbe2/pusey-187x-2#sTok5018";"All";"all";"All other fruits in the garden had been harmless :";"fruits";"fruit";"1";"";"Pusey, Edward Bouverie";"l4";"pusey-187x";"SERMON";"c";"s";"R";"";"";"";"";"l4";"l_l4";"c_lmod"
"salt:/ppcmbe2/pusey-187x-2#sTok5610";"Every";"every";"\" Every man is tempted , being drawn forth and enticed by his own sin ;";"man";"man";"";"1";"Pusey, Edward Bouverie";"l4";"pusey-187x";"SERMON";"c";"c";"G";"mann";"Weak";"Consonant-Stem";"M/N";"l4";"l_l4";"c_lmod"
"salt:/ppcmbe2/pusey-187x-2#sTok7414";"every";"every";"*T*-2 lighteth every man 0 that *T*-3 cometh into the world";"man";"man";"";"1";"Pusey, Edward Bouverie";"l4";"pusey-187x";"SERMON";"c";"c";"G";"mann";"Weak";"Consonant-Stem";"M/N";"l4";"l_l4";"c_lmod"
"salt:/ppcmbe2/pusey-187x-2#sTok9705";"all";"all";"they did all their works to be seen of men";"works";"work";"1";"";"Pusey, Edward Bouverie";"l4";"pusey-187x";"SERMON";"u";"a";"G";"weorc";"Strong";"A-Stem";"N";"l4";"l_l4";"c_lmod"
"salt:/ppcmbe2/pusey-187x-2#sTok11582";"no";"no";"\" If 0 ye were blind , \" our Blessed Lord said to those who 0 *T*-1 rejected Him , \" ye should have no sin ;";"sin";"sin";"";"1";"Pusey, Edward Bouverie";"l4";"pusey-187x";"SERMON";"c";"a";"G";"syn";"Strong";"O-Stem";"F";"l4";"l_l4";"c_lmod"
"salt:/ppcmbe2/reade-1863-1#sTok689";"every";"every";"It is rubbed every day with palm-oil";"day";"day";"";"1";"Reade, William Winwood";"l4";"reade-1863";"TRAVELOGUE";"c";"a";"G";"dæg";"Strong";"A-Stem";"M";"l4";"l_l4";"c_lmod"
"salt:/ppcmbe2/reade-1863-1#sTok1410";"few";"few";"only for a few days";"days";"day";"1";"";"Reade, William Winwood";"l4";"reade-1863";"TRAVELOGUE";"c";"a";"G";"dæg";"Strong";"A-Stem";"M";"l4";"l_l4";"c_lmod"
"salt:/ppcmbe2/reade-1863-1#sTok4752";"no";"no";"When 0 he come back from Camma no man gives him <font> mbolo <$$font> <paren> the salutation <$$paren> ,";"man";"man";"";"1";"Reade, William Winwood";"l4";"reade-1863";"TRAVELOGUE";"c";"c";"G";"mann";"Weak";"Consonant-Stem";"M/N";"l4";"l_l4";"c_lmod"
"salt:/ppcmbe2/reade-1863-1#sTok4891";"all";"all";"Rich man and poor fellow , all men must die";"men";"man";"1";"";"Reade, William Winwood";"l4";"reade-1863";"TRAVELOGUE";"c";"c";"G";"mann";"Weak";"Consonant-Stem";"M/N";"l4";"l_l4";"c_lmod"
"salt:/ppcmbe2/reade-1863-1#sTok5175";"every";"every";"and every night they gather together in the streets ,";"night";"night";"";"1";"Reade, William Winwood";"l4";"reade-1863";"TRAVELOGUE";"c";"a";"G";"niht";"Strong";"A-Stem";"N";"l4";"l_l4";"c_lmod"
"salt:/ppcmbe2/reade-1863-1#sTok7195";"any";"any";"there is any hard work 0 *T*-2 to be done";"work";"work";"";"1";"Reade, William Winwood";"l4";"reade-1863";"TRAVELOGUE";"u";"a";"G";"weorc";"Strong";"A-Stem";"N";"l4";"l_l4";"c_lmod"
"salt:/ppcmbe2/reade-1863-1#sTok8567";"no";"no";"no old men were present";"men";"man";"1";"";"Reade, William Winwood";"l4";"reade-1863";"TRAVELOGUE";"c";"c";"G";"mann";"Weak";"Consonant-Stem";"M/N";"l4";"l_l4";"c_lmod"
"salt:/ppcmbe2/reade-1863-1#sTok9284";"few";"few";"a few days previously";"days";"day";"1";"";"Reade, William Winwood";"l4";"reade-1863";"TRAVELOGUE";"c";"a";"G";"dæg";"Strong";"A-Stem";"M";"l4";"l_l4";"c_lmod"
"salt:/ppcmbe2/reade-1863-1#sTok10455";"All";"all";"All day long";"day";"day";"";"1";"Reade, William Winwood";"l4";"reade-1863";"TRAVELOGUE";"c";"a";"G";"dæg";"Strong";"A-Stem";"M";"l4";"l_l4";"c_lmod"
"salt:/ppcmbe2/reade-1863-1#sTok11453";"every";"every";"every night the girls went to dance at one of the houses , a different house being taken each night , the host or hostess providing refreshments";"night";"night";"";"1";"Reade, William Winwood";"l4";"reade-1863";"TRAVELOGUE";"c";"a";"G";"niht";"Strong";"A-Stem";"N";"l4";"l_l4";"c_lmod"
"salt:/ppcmbe2/reade-1863-1#sTok11471";"each";"each";"a different house being taken each night";"night";"night";"";"1";"Reade, William Winwood";"l4";"reade-1863";"TRAVELOGUE";"c";"a";"G";"niht";"Strong";"A-Stem";"N";"l4";"l_l4";"c_lmod"
"salt:/ppcmbe2/reade-1863-1#sTok11749";"no";"no";"*T*-1 no son of Adam ever paid before";"son";"son";"";"1";"Reade, William Winwood";"l4";"reade-1863";"TRAVELOGUE";"c";"c";"G";"sunu";"Strong";"U-Stem";"M";"l4";"l_l4";"c_lmod"
"salt:/ppcmbe2/reade-1863-1#sTok12298";"every";"every";"and *con* every day dined a dozen guests .";"day";"day";"";"1";"Reade, William Winwood";"l4";"reade-1863";"TRAVELOGUE";"c";"a";"G";"dæg";"Strong";"A-Stem";"M";"l4";"l_l4";"c_lmod"
"salt:/ppcmbe2/reade-1863-1#sTok13319";"no";"no";"for they will do no menial work .";"work";"work";"";"1";"Reade, William Winwood";"l4";"reade-1863";"TRAVELOGUE";"u";"a";"G";"weorc";"Strong";"A-Stem";"N";"l4";"l_l4";"c_lmod"
"salt:/ppcmbe2/reeve-1777-1#sTok1395";"few";"few";"a few days after";"days";"day";"1";"";"Reeve, Clara";"l2";"reeve-1777";"FICTION";"c";"a";"G";"dæg";"Strong";"A-Stem";"M";"l2";"j_l2";"c_lmod"
"salt:/ppcmbe2/reeve-1777-1#sTok2631";"many";"many";"having lived abroad many years";"years";"year";"1";"";"Reeve, Clara";"l2";"reeve-1777";"FICTION";"c";"a";"G";"gear";"Strong";"A-Stem";"N";"l2";"j_l2";"c_lmod"
"salt:/ppcmbe2/reeve-1777-1#sTok3179";"no";"no";"$'t $is {TEXT:'tis} no matter";"matter";"matter";"";"1";"Reeve, Clara";"l2";"reeve-1777";"FICTION";"c";"s";"R";"";"";"";"";"l2";"j_l2";"c_lmod"
"salt:/ppcmbe2/reeve-1777-1#sTok4187";"several";"several";"several years younger";"years";"year";"1";"";"Reeve, Clara";"l2";"reeve-1777";"FICTION";"c";"a";"G";"gear";"Strong";"A-Stem";"N";"l2";"j_l2";"c_lmod"
"salt:/ppcmbe2/reeve-1777-1#sTok4632";"all";"all";"with all my heart";"heart";"heart";"";"1";"Reeve, Clara";"l2";"reeve-1777";"FICTION";"c";"c";"G";"heorte";"Weak";"N-Stem";"F";"l2";"j_l2";"c_lmod"
"salt:/ppcmbe2/reeve-1777-1#sTok6816";"any";"any";"to any man living";"man";"man";"";"1";"Reeve, Clara";"l2";"reeve-1777";"FICTION";"c";"c";"G";"mann";"Weak";"Consonant-Stem";"M/N";"l2";"j_l2";"c_lmod"
"salt:/ppcmbe2/reeve-1777-1#sTok8453";"every";"every";"and *con* grew every day more inflamed -";"day";"day";"";"1";"Reeve, Clara";"l2";"reeve-1777";"FICTION";"c";"a";"G";"dæg";"Strong";"A-Stem";"M";"l2";"j_l2";"c_lmod"
"salt:/ppcmbe2/reeve-1777-1#sTok9819";"several";"several";"with several other young men of family , who 0 *T*-1 distinguished themselves by their spirit and activity upon every occasion";"men";"man";"1";"";"Reeve, Clara";"l2";"reeve-1777";"FICTION";"c";"c";"G";"mann";"Weak";"Consonant-Stem";"M/N";"l2";"j_l2";"c_lmod"
"salt:/ppcmbe2/reeve-1777-1#sTok10247";"any";"any";"though 0 I think Edmund proud and vain-glorious , and *con* would join in any scheme 0 *T*-1 to humble him and *T*-1 * make him know himself ; I will not suffer any man to use such base methods to effect it .";"man";"man";"";"1";"Reeve, Clara";"l2";"reeve-1777";"FICTION";"c";"c";"G";"mann";"Weak";"Consonant-Stem";"M/N";"l2";"j_l2";"c_lmod"
"salt:/ppcmbe2/reeve-1777-1#sTok10577";"several";"several";"several young men of family offered themselves , among the rest sir Robert and his brother William .";"men";"man";"1";"";"Reeve, Clara";"l2";"reeve-1777";"FICTION";"c";"c";"G";"mann";"Weak";"Consonant-Stem";"M/N";"l2";"j_l2";"c_lmod"
"salt:/ppcmbe2/reeve-1777-1#sTok11254";"any";"any";"*T*-1 equalled any man living or dead";"man";"man";"";"1";"Reeve, Clara";"l2";"reeve-1777";"FICTION";"c";"c";"G";"mann";"Weak";"Consonant-Stem";"M/N";"l2";"j_l2";"c_lmod"
"salt:/ppcmbe2/richardson-1858-2#sTok736";"all";"all";"if 0 these are collected together in dead blood , all the remaining blood becomes diffused";"blood";"blood";"";"1";"Richardson, Benjamin Ward, Sir";"l3";"richardson-1858";"SCIENCE MEDICINE";"u";"s";"G";"blod";"Strong";"A-Stem";"N";"l3";"k_l3";"c_lmod"
"salt:/ppcmbe2/richardson-1858-2#sTok5361";"many";"many";"for many years";"years";"year";"1";"";"Richardson, Benjamin Ward, Sir";"l3";"richardson-1858";"SCIENCE MEDICINE";"c";"a";"G";"gear";"Strong";"A-Stem";"N";"l3";"k_l3";"c_lmod"
"salt:/ppcmbe2/roberts-1726-2#sTok1196";"all";"all";"obliging all Ships *ICH*-1 to clear there , 0 that *T*-2 trade by the Northward of <font> Sierra Leon <$$font> to <font> Guinea";"Ships";"ship";"1";"";"Roberts, George";"l1";"roberts-1726";"TRAVELOGUE";"c";"c";"G";"scip";"Strong";"A-Stem";"N";"l1";"i_l1";"c_lmod"
"salt:/ppcmbe2/roberts-1726-2#sTok1534";"every";"every";"*T*-1 return Home to roost every Night , like Doves in <font> England";"Night";"night";"";"1";"Roberts, George";"l1";"roberts-1726";"TRAVELOGUE";"c";"a";"G";"niht";"Strong";"A-Stem";"N";"l1";"i_l1";"c_lmod"
"salt:/ppcmbe2/roberts-1726-2#sTok2554";"some";"some";"with some catachistical Books , explaining the common Parts of their Religion";"Books";"book";"1";"";"Roberts, George";"l1";"roberts-1726";"TRAVELOGUE";"c";"c";"G";"boc";"Weak";"Consonant-Stem";"F";"l1";"i_l1";"c_lmod"
"salt:/ppcmbe2/roberts-1726-2#sTok2777";"some";"some";"and those who 0 *T*-1 are ripest , he orders them some other Books 0 to study in *T*-2 , with Directions ; all which Books 0 they pay for *T*-3 .";"Books";"book";"1";"";"Roberts, George";"l1";"roberts-1726";"TRAVELOGUE";"c";"c";"G";"boc";"Weak";"Consonant-Stem";"F";"l1";"i_l1";"c_lmod"
"salt:/ppcmbe2/roberts-1726-2#sTok2789";"all";"all";"all which Books 0 they pay for *T*-3";"Books";"book";"1";"";"Roberts, George";"l1";"roberts-1726";"TRAVELOGUE";"c";"c";"G";"boc";"Weak";"Consonant-Stem";"F";"l1";"i_l1";"c_lmod"
"salt:/ppcmbe2/roberts-1726-2#sTok4190";"few";"few";"of late few Ships go there , unless 0 by chance a <font> Portuguese <$$font> ; though 0 formerly some of the <font> Dutch East India <$$font> Ships have touch'd there for Refreshment and for Water , which 0 *T*-4 runs into the Sea there";"Ships";"ship";"1";"";"Roberts, George";"l1";"roberts-1726";"TRAVELOGUE";"c";"c";"G";"scip";"Strong";"A-Stem";"N";"l1";"i_l1";"c_lmod"
"salt:/ppcmbe2/roberts-1726-2#sTok4237";"several";"several";"for several Years past";"Years";"year";"1";"";"Roberts, George";"l1";"roberts-1726";"TRAVELOGUE";"c";"a";"G";"gear";"Strong";"A-Stem";"N";"l1";"i_l1";"c_lmod"
"salt:/ppcmbe2/roberts-1726-2#sTok5655";"any";"any";"neither is there any fresh Water there nigh the Sea .";"Water";"water";"";"1";"Roberts, George";"l1";"roberts-1726";"TRAVELOGUE";"u";"s";"G";"wæter";"Strong";"A-Stem";"N";"l1";"i_l1";"c_lmod"
"salt:/ppcmbe2/roberts-1726-2#sTok6339";"all";"all";"the King of <font> Portugal <$$font> granted to his Subjects , who 0 *T*-1 would people it , all the Land 0 that *T*-2 they improv'd , to them and their Heirs for ever";"Land";"land";"";"1";"Roberts, George";"l1";"roberts-1726";"TRAVELOGUE";"u";"a";"G";"land";"Strong";"A-Stem";"N";"l1";"i_l1";"c_lmod"
"salt:/ppcmbe2/roberts-1726-2#sTok7989";"some";"some";"some <font> European <$$font> Ships would come";"Ships";"ship";"1";"";"Roberts, George";"l1";"roberts-1726";"TRAVELOGUE";"c";"c";"G";"scip";"Strong";"A-Stem";"N";"l1";"i_l1";"c_lmod"
"salt:/ppcmbe2/roberts-1726-2#sTok8076";"no";"no";"but since 0 they have fail'd of Mules , there has been no <font> French <$$font> Ship 0 *T*-2 there to trade .";"Ship";"ship";"";"1";"Roberts, George";"l1";"roberts-1726";"TRAVELOGUE";"c";"c";"G";"scip";"Strong";"A-Stem";"N";"l1";"i_l1";"c_lmod"
"salt:/ppcmbe2/roberts-1726-2#sTok9311";"several";"several";"for several Years";"Years";"year";"1";"";"Roberts, George";"l1";"roberts-1726";"TRAVELOGUE";"c";"a";"G";"gear";"Strong";"A-Stem";"N";"l1";"i_l1";"c_lmod"
"salt:/ppcmbe2/roberts-1726-2#sTok10412";"some";"some";"after some Years";"Years";"year";"1";"";"Roberts, George";"l1";"roberts-1726";"TRAVELOGUE";"c";"a";"G";"gear";"Strong";"A-Stem";"N";"l1";"i_l1";"c_lmod"
"salt:/ppcmbe2/roberts-1726-2#sTok10674";"several";"several";"for several Years";"Years";"year";"1";"";"Roberts, George";"l1";"roberts-1726";"TRAVELOGUE";"c";"a";"G";"gear";"Strong";"A-Stem";"N";"l1";"i_l1";"c_lmod"
"salt:/ppcmbe2/roberts-1726-2#sTok10729";"Some";"some";"Some Years after";"Years";"year";"1";"";"Roberts, George";"l1";"roberts-1726";"TRAVELOGUE";"c";"a";"G";"gear";"Strong";"A-Stem";"N";"l1";"i_l1";"c_lmod"
"salt:/ppcmbe2/roberts-1726-2#sTok13064";"every";"every";"constantly every Night *con* go out to Sea";"Night";"night";"";"1";"Roberts, George";"l1";"roberts-1726";"TRAVELOGUE";"c";"a";"G";"niht";"Strong";"A-Stem";"N";"l1";"i_l1";"c_lmod"
"salt:/ppcmbe2/robertson-1792-2#sTok431";"all";"all";"and , with his former complaints , *con* had a pain in his right side all day .";"day";"day";"";"1";"Robertson, Robert";"l2";"robertson-1792";"SCIENCE MEDICINE";"c";"a";"G";"dæg";"Strong";"A-Stem";"M";"l2";"j_l2";"c_lmod"
"salt:/ppcmbe2/robertson-1792-2#sTok525";"all";"all";"6th . The fever continued all day with burning heat in the palms of his hands and soles of his feet .";"day";"day";"";"1";"Robertson, Robert";"l2";"robertson-1792";"SCIENCE MEDICINE";"c";"a";"G";"dæg";"Strong";"A-Stem";"M";"l2";"j_l2";"c_lmod"
"salt:/ppcmbe2/robertson-1792-2#sTok579";"all";"all";"and the fever continued all day .";"day";"day";"";"1";"Robertson, Robert";"l2";"robertson-1792";"SCIENCE MEDICINE";"c";"a";"G";"dæg";"Strong";"A-Stem";"M";"l2";"j_l2";"c_lmod"
"salt:/ppcmbe2/robertson-1792-2#sTok1057";"each";"each";"7th , and 8th . He took only half an ounce of his bark each day ,";"day";"day";"";"1";"Robertson, Robert";"l2";"robertson-1792";"SCIENCE MEDICINE";"c";"a";"G";"dæg";"Strong";"A-Stem";"M";"l2";"j_l2";"c_lmod"
"salt:/ppcmbe2/robertson-1792-2#sTok1136";"some";"some";"*T*-1 had been drooping some days";"days";"day";"1";"";"Robertson, Robert";"l2";"robertson-1792";"SCIENCE MEDICINE";"c";"a";"G";"dæg";"Strong";"A-Stem";"M";"l2";"j_l2";"c_lmod"
"salt:/ppcmbe2/robertson-1792-2#sTok1601";"all";"all";"and *con* continued all day ;";"day";"day";"";"1";"Robertson, Robert";"l2";"robertson-1792";"SCIENCE MEDICINE";"c";"a";"G";"dæg";"Strong";"A-Stem";"M";"l2";"j_l2";"c_lmod"
"salt:/ppcmbe2/robertson-1792-2#sTok2141";"all";"all";"*T*-2 continued all the night";"night";"night";"";"1";"Robertson, Robert";"l2";"robertson-1792";"SCIENCE MEDICINE";"c";"a";"G";"niht";"Strong";"A-Stem";"N";"l2";"j_l2";"c_lmod"
"salt:/ppcmbe2/robertson-1792-2#sTok2260";"all";"all";"7th . He was pretty easy all night ;";"night";"night";"";"1";"Robertson, Robert";"l2";"robertson-1792";"SCIENCE MEDICINE";"c";"a";"G";"niht";"Strong";"A-Stem";"N";"l2";"j_l2";"c_lmod"
"salt:/ppcmbe2/robertson-1792-2#sTok2408";"all";"all";"his medicine having been continued all night";"night";"night";"";"1";"Robertson, Robert";"l2";"robertson-1792";"SCIENCE MEDICINE";"c";"a";"G";"niht";"Strong";"A-Stem";"N";"l2";"j_l2";"c_lmod"
"salt:/ppcmbe2/robertson-1792-2#sTok3332";"some";"some";"drooping some days";"days";"day";"1";"";"Robertson, Robert";"l2";"robertson-1792";"SCIENCE MEDICINE";"c";"a";"G";"dæg";"Strong";"A-Stem";"M";"l2";"j_l2";"c_lmod"
"salt:/ppcmbe2/robertson-1792-2#sTok3743";"all";"all";"and , he was troubled much with inquietude and thirst all night .";"night";"night";"";"1";"Robertson, Robert";"l2";"robertson-1792";"SCIENCE MEDICINE";"c";"a";"G";"niht";"Strong";"A-Stem";"N";"l2";"j_l2";"c_lmod"
"salt:/ppcmbe2/robertson-1792-2#sTok4347";"all";"all";"the fever was moderate all night";"night";"night";"";"1";"Robertson, Robert";"l2";"robertson-1792";"SCIENCE MEDICINE";"c";"a";"G";"niht";"Strong";"A-Stem";"N";"l2";"j_l2";"c_lmod"
"salt:/ppcmbe2/robertson-1792-2#sTok5818";"all";"all";"4th . He was very much disturbed with the delirium , inquietude , and vomiting and purging all night .";"night";"night";"";"1";"Robertson, Robert";"l2";"robertson-1792";"SCIENCE MEDICINE";"c";"a";"G";"niht";"Strong";"A-Stem";"N";"l2";"j_l2";"c_lmod"
"salt:/ppcmbe2/robertson-1792-2#sTok6148";"all";"all";"P. m. he was very easy all day , having took a drachm of the bark every hour , with a little elix. vitr.";"day";"day";"";"1";"Robertson, Robert";"l2";"robertson-1792";"SCIENCE MEDICINE";"c";"a";"G";"dæg";"Strong";"A-Stem";"M";"l2";"j_l2";"c_lmod"
"salt:/ppcmbe2/robertson-1792-2#sTok6714";"all";"all";"and *con* continued it all day , with a little wine to every dose , which 0 *T*-1 agreed very well with him .";"day";"day";"";"1";"Robertson, Robert";"l2";"robertson-1792";"SCIENCE MEDICINE";"c";"a";"G";"dæg";"Strong";"A-Stem";"M";"l2";"j_l2";"c_lmod"
"salt:/ppcmbe2/robertson-1792-2#sTok8231";"all";"all";"6th . His medicine was given him regularly all night , though 0 there was no sign of a remission until midnight ,";"night";"night";"";"1";"Robertson, Robert";"l2";"robertson-1792";"SCIENCE MEDICINE";"c";"a";"G";"niht";"Strong";"A-Stem";"N";"l2";"j_l2";"c_lmod"
"salt:/ppcmbe2/robertson-1792-2#sTok10094";"all";"all";"and *con* coughed all night , which 0 *T*-1 raised his headach *ICH*-2 again and a great pain in his breast , 0 that *T*-3 made respiration difficult .";"night";"night";"";"1";"Robertson, Robert";"l2";"robertson-1792";"SCIENCE MEDICINE";"c";"a";"G";"niht";"Strong";"A-Stem";"N";"l2";"j_l2";"c_lmod"
"salt:/ppcmbe2/ruskin-1835-1#sTok302";"every";"every";"only by a persevering search of an hour or two every day for more than a month";"day";"day";"";"1";"Ruskin, John";"l3";"ruskin-1835";"DIARY PRIV";"c";"a";"G";"dæg";"Strong";"A-Stem";"M";"l3";"k_l3";"c_lmod"
"salt:/ppcmbe2/ruskin-1835-1#sTok343";"all";"all";"and dull *ICH*-1 all day but warm .";"day";"day";"";"1";"Ruskin, John";"l3";"ruskin-1835";"DIARY PRIV";"c";"a";"G";"dæg";"Strong";"A-Stem";"M";"l3";"k_l3";"c_lmod"
"salt:/ppcmbe2/ruskin-1835-1#sTok535";"all";"all";"Very sultry all day .";"day";"day";"";"1";"Ruskin, John";"l3";"ruskin-1835";"DIARY PRIV";"c";"a";"G";"dæg";"Strong";"A-Stem";"M";"l3";"k_l3";"c_lmod"
"salt:/ppcmbe2/ruskin-1835-1#sTok597";"half";"half";"filling half the heaven with a sheet of lurid blue flame *ICH*-2 at every flash , accompanied by torrents of rain";"heaven";"heaven";"";"1";"Ruskin, John";"l3";"ruskin-1835";"DIARY PRIV";"u";"a";"G";"heofon";"Strong";"A-Stem";"M";"l3";"k_l3";"c_lmod"
"salt:/ppcmbe2/ruskin-1835-1#sTok3591";"all";"all";"for all the stones at the bottom look blue through it .";"stones";"stone";"1";"";"Ruskin, John";"l3";"ruskin-1835";"DIARY PRIV";"u";"c";"G";"stan";"Strong";"A-Stem";"M";"l3";"k_l3";"c_lmod"
"salt:/ppcmbe2/ruskin-1835-1#sTok9990";"no";"no";"only there was no water -";"water";"water";"";"1";"Ruskin, John";"l3";"ruskin-1835";"DIARY PRIV";"u";"s";"G";"wæter";"Strong";"A-Stem";"N";"l3";"k_l3";"c_lmod"
"salt:/ppcmbe2/ruskin-1835-1#sTok10698";"all";"all";"and all this calcareous matter is continually being deposited by its waters when 0 they enter their resting place in the calm lake of Geneva .";"matter";"matter";"";"1";"Ruskin, John";"l3";"ruskin-1835";"DIARY PRIV";"c";"s";"R";"";"";"";"";"l3";"k_l3";"c_lmod"
"salt:/ppcmbe2/ruskin-1835-1#sTok11810";"few";"few";"a few years ago";"years";"year";"1";"";"Ruskin, John";"l3";"ruskin-1835";"DIARY PRIV";"c";"a";"G";"gear";"Strong";"A-Stem";"N";"l3";"k_l3";"c_lmod"
"salt:/ppcmbe2/ruskin-1882-2#sTok223";"all";"all";"nightmare all night";"night";"night";"";"1";"Ruskin, John";"l4";"ruskin-1882";"DIARY PRIV";"c";"a";"G";"niht";"Strong";"A-Stem";"N";"l4";"l_l4";"c_lmod"
"salt:/ppcmbe2/ruskin-1882-2#sTok278";"all";"all";"the wind malignant all day long";"day";"day";"";"1";"Ruskin, John";"l4";"ruskin-1882";"DIARY PRIV";"c";"a";"G";"dæg";"Strong";"A-Stem";"M";"l4";"l_l4";"c_lmod"
"salt:/ppcmbe2/ruskin-1882-2#sTok563";"all";"all";"Fog all day unbroken";"day";"day";"";"1";"Ruskin, John";"l4";"ruskin-1882";"DIARY PRIV";"c";"a";"G";"dæg";"Strong";"A-Stem";"M";"l4";"l_l4";"c_lmod"
"salt:/ppcmbe2/ruskin-1882-2#sTok606";"all";"all";"all day long and every day alike";"day";"day";"";"1";"Ruskin, John";"l4";"ruskin-1882";"DIARY PRIV";"c";"a";"G";"dæg";"Strong";"A-Stem";"M";"l4";"l_l4";"c_lmod"
"salt:/ppcmbe2/ruskin-1882-2#sTok610";"every";"every";"and every day alike";"day";"day";"";"1";"Ruskin, John";"l4";"ruskin-1882";"DIARY PRIV";"c";"a";"G";"dæg";"Strong";"A-Stem";"M";"l4";"l_l4";"c_lmod"
"salt:/ppcmbe2/ruskin-1882-2#sTok1180";"every";"every";"every house becoming ruinous";"house";"house";"";"1";"Ruskin, John";"l4";"ruskin-1882";"DIARY PRIV";"c";"c";"G";"hus";"Strong";"A-Stem";"N";"l4";"l_l4";"c_lmod"
"salt:/ppcmbe2/ruskin-1882-2#sTok3218";"some";"some";"with some extraordinarily beautiful native silvers and other mineral , large and very clearly seen in the dream";"silvers";"silver";"1";"";"Ruskin, John";"l4";"ruskin-1882";"DIARY PRIV";"u";"s";"G";"seolfor";"Strong";"A-Stem";"N";"l4";"l_l4";"c_lmod"
"salt:/ppcmbe2/ruskin-1882-2#sTok3472";"all";"all";"but joyless all day";"day";"day";"";"1";"Ruskin, John";"l4";"ruskin-1882";"DIARY PRIV";"c";"a";"G";"dæg";"Strong";"A-Stem";"M";"l4";"l_l4";"c_lmod"
"salt:/ppcmbe2/ruskin-1882-2#sTok3647";"all";"all";"I had been all day at home in London";"day";"day";"";"1";"Ruskin, John";"l4";"ruskin-1882";"DIARY PRIV";"c";"a";"G";"dæg";"Strong";"A-Stem";"M";"l4";"l_l4";"c_lmod"
"salt:/ppcmbe2/ruskin-1882-2#sTok4217";"all";"all";"have I not been here all those years";"years";"year";"1";"";"Ruskin, John";"l4";"ruskin-1882";"DIARY PRIV";"c";"a";"G";"gear";"Strong";"A-Stem";"N";"l4";"l_l4";"c_lmod"
"salt:/ppcmbe2/ruskin-1882-2#sTok4362";"all";"all";"rain all night";"night";"night";"";"1";"Ruskin, John";"l4";"ruskin-1882";"DIARY PRIV";"c";"a";"G";"niht";"Strong";"A-Stem";"N";"l4";"l_l4";"c_lmod"
"salt:/ppcmbe2/ruskin-1882-2#sTok5348";"all";"all";"all day $yesterday";"day";"day";"";"1";"Ruskin, John";"l4";"ruskin-1882";"DIARY PRIV";"c";"a";"G";"dæg";"Strong";"A-Stem";"M";"l4";"l_l4";"c_lmod"
"salt:/ppcmbe2/ruskin-1882-2#sTok6647";"all";"all";"Deluging rain and wild steadiness of roaring stream all night .";"night";"night";"";"1";"Ruskin, John";"l4";"ruskin-1882";"DIARY PRIV";"c";"a";"G";"niht";"Strong";"A-Stem";"N";"l4";"l_l4";"c_lmod"
"salt:/ppcmbe2/ruskin-1882-2#sTok7364";"all";"all";"and *pro* plagues all living creatures -";"creatures";"creature";"1";"";"Ruskin, John";"l4";"ruskin-1882";"DIARY PRIV";"c";"c";"R";"";"";"";"";"l4";"l_l4";"c_lmod"
"salt:/ppcmbe2/ruskin-1882-2#sTok7398";"all";"all";"it would go on all day";"day";"day";"";"1";"Ruskin, John";"l4";"ruskin-1882";"DIARY PRIV";"c";"a";"G";"dæg";"Strong";"A-Stem";"M";"l4";"l_l4";"c_lmod"
"salt:/ppcmbe2/ruskin-1882-2#sTok8329";"all";"all";"Alps clear from Rosa to the farthest Maritime all the earlier day";"day";"day";"";"1";"Ruskin, John";"l4";"ruskin-1882";"DIARY PRIV";"c";"a";"G";"dæg";"Strong";"A-Stem";"M";"l4";"l_l4";"c_lmod"
"salt:/ppcmbe2/ruskin-1882-2#sTok8592";"all";"all";"*T*-2 I began all my true work *ICH*-3 in 1845 . Thirty seven full years of it";"work";"work";"";"1";"Ruskin, John";"l4";"ruskin-1882";"DIARY PRIV";"u";"a";"G";"weorc";"Strong";"A-Stem";"N";"l4";"l_l4";"c_lmod"
"salt:/ppcmbe2/ruskin-1882-2#sTok9657";"all";"all";"for all work";"work";"work";"";"1";"Ruskin, John";"l4";"ruskin-1882";"DIARY PRIV";"u";"a";"G";"weorc";"Strong";"A-Stem";"N";"l4";"l_l4";"c_lmod"
"salt:/ppcmbe2/ruskin-1882-2#sTok10511";"any";"any";"in any living creatures";"creatures";"creature";"1";"";"Ruskin, John";"l4";"ruskin-1882";"DIARY PRIV";"c";"c";"R";"";"";"";"";"l4";"l_l4";"c_lmod"
"salt:/ppcmbe2/ruskin-1882-2#sTok10769";"all";"all";"all day long";"day";"day";"";"1";"Ruskin, John";"l4";"ruskin-1882";"DIARY PRIV";"c";"a";"G";"dæg";"Strong";"A-Stem";"M";"l4";"l_l4";"c_lmod"
"salt:/ppcmbe2/ruskin-1882-2#sTok10951";"all";"all";"*pro* Slept perfectly well all night , waking only for a minute or two at two ;";"night";"night";"";"1";"Ruskin, John";"l4";"ruskin-1882";"DIARY PRIV";"c";"a";"G";"niht";"Strong";"A-Stem";"N";"l4";"l_l4";"c_lmod"
"salt:/ppcmbe2/ruskin-1882-2#sTok11398";"all";"all";"and all night , except the half hour of repentance";"night";"night";"";"1";"Ruskin, John";"l4";"ruskin-1882";"DIARY PRIV";"c";"a";"G";"niht";"Strong";"A-Stem";"N";"l4";"l_l4";"c_lmod"
"salt:/ppcmbe2/ruskin-1882-2#sTok12171";"all";"all";"and *con* poured all day ,";"day";"day";"";"1";"Ruskin, John";"l4";"ruskin-1882";"DIARY PRIV";"c";"a";"G";"dæg";"Strong";"A-Stem";"M";"l4";"l_l4";"c_lmod"
"salt:/ppcmbe2/ruskin-1882-2#sTok12825";"all";"all";"frantic black clouds and roaring Arno after thunder all night , beginning at 1$$2 past 5 between Prato and here , and glaring , flickering and crashing , till seven this morning , waking me at one with a peal like a great gun going off at one's ear .";"night";"night";"";"1";"Ruskin, John";"l4";"ruskin-1882";"DIARY PRIV";"c";"a";"G";"niht";"Strong";"A-Stem";"N";"l4";"l_l4";"c_lmod"
"salt:/ppcmbe2/ruskin-1882-2#sTok13361";"all";"all";"all the heaven and all the earth for half an hour";"heaven";"heaven";"";"1";"Ruskin, John";"l4";"ruskin-1882";"DIARY PRIV";"u";"a";"G";"heofon";"Strong";"A-Stem";"M";"l4";"l_l4";"c_lmod"
"salt:/ppcmbe2/ruskin-1882-2#sTok13365";"all";"all";"and all the earth";"earth";"earth";"";"1";"Ruskin, John";"l4";"ruskin-1882";"DIARY PRIV";"u";"s";"G";"eorþe";"Weak";"N-Stem";"F";"l4";"l_l4";"c_lmod"
"salt:/ppcmbe2/ryder-1716-1#sTok2220";"no";"no";"no charity or free schools";"charity";"charity";"";"1";"Ryder, Sir Dudley";"l1";"ryder-1716";"DIARY PRIV";"u";"a";"R";"";"";"";"";"l1";"i_l1";"c_lmod"
"salt:/ppcmbe2/ryder-1716-1#sTok5085";"some";"some";"having drank some bottled ale with a design to sweat in order to remove my pains";"ale";"ale";"";"1";"Ryder, Sir Dudley";"l1";"ryder-1716";"DIARY PRIV";"u";"s";"G";"ealu";"Weak";"Stems in -þ";"N";"l1";"i_l1";"c_lmod"
"salt:/ppcmbe2/ryder-1716-1#sTok5347";"every";"every";"*T*-2 he has every Wednesday night at 7 o'clock";"night";"night";"";"1";"Ryder, Sir Dudley";"l1";"ryder-1716";"DIARY PRIV";"c";"a";"G";"niht";"Strong";"A-Stem";"N";"l1";"i_l1";"c_lmod"
"salt:/ppcmbe2/ryder-1716-1#sTok6411";"every";"every";"if 0 they did not surrender within twelve hours' time he would cut every man of them in pieces";"man";"man";"";"1";"Ryder, Sir Dudley";"l1";"ryder-1716";"DIARY PRIV";"c";"c";"G";"mann";"Weak";"Consonant-Stem";"M/N";"l1";"i_l1";"c_lmod"
"salt:/ppcmbe2/ryder-1716-1#sTok6572";"every";"every";"*T*-1 would every man of them fight two of his troops";"man";"man";"";"1";"Ryder, Sir Dudley";"l1";"ryder-1716";"DIARY PRIV";"c";"c";"G";"mann";"Weak";"Consonant-Stem";"M/N";"l1";"i_l1";"c_lmod"
"salt:/ppcmbe2/ryder-1716-1#sTok6808";"all";"all";"for all men 0 that *T*-1 could work to meet together at the market cross the next morning";"men";"man";"1";"";"Ryder, Sir Dudley";"l1";"ryder-1716";"DIARY PRIV";"c";"c";"G";"mann";"Weak";"Consonant-Stem";"M/N";"l1";"i_l1";"c_lmod"
"salt:/ppcmbe2/ryder-1716-1#sTok6908";"All";"all";"All the young men of the town 0 that *T*-1 were on the side of the Government formed themselves into companies";"men";"man";"1";"";"Ryder, Sir Dudley";"l1";"ryder-1716";"DIARY PRIV";"c";"c";"G";"mann";"Weak";"Consonant-Stem";"M/N";"l1";"i_l1";"c_lmod"
"salt:/ppcmbe2/ryder-1716-1#sTok9710";"every";"every";"and the law clears up more and more every day that I am in hopes now to make a much greater progress in the law than before .";"day";"day";"";"1";"Ryder, Sir Dudley";"l1";"ryder-1716";"DIARY PRIV";"c";"a";"G";"dæg";"Strong";"A-Stem";"M";"l1";"i_l1";"c_lmod"
"salt:/ppcmbe2/ryder-1716-1#sTok9787";"many";"many";"to bring him in any profit these many years";"years";"year";"1";"";"Ryder, Sir Dudley";"l1";"ryder-1716";"DIARY PRIV";"c";"a";"G";"gear";"Strong";"A-Stem";"N";"l1";"i_l1";"c_lmod"
"salt:/ppcmbe2/ryder-1716-1#sTok10539";"some";"some";"of some ingenious young men in the Temple 0 that *T*-1 were counsellors but *T*-1 had not much business";"men";"man";"1";"";"Ryder, Sir Dudley";"l1";"ryder-1716";"DIARY PRIV";"c";"c";"G";"mann";"Weak";"Consonant-Stem";"M/N";"l1";"i_l1";"c_lmod"
"salt:/ppcmbe2/salmon-1724-2#sTok233";"all";"all";"all the Virtues and Accomplishments of her mighty Father , and scarce any of his Vices and Imperfections";"Virtues";"virtue";"1";"";"Salmon, Thomas";"l1";"salmon-1724";"HISTORY";"u";"a";"R";"";"";"";"";"l1";"i_l1";"c_lmod"
"salt:/ppcmbe2/salmon-1724-2#sTok1407";"all";"all";"by all the Bishops *ICH*-1";"Bishops";"bishop";"1";"";"Salmon, Thomas";"l1";"salmon-1724";"HISTORY";"c";"c";"G";"bisceop";"Strong";"A-Stem";"M";"l1";"i_l1";"c_lmod"
"salt:/ppcmbe2/salmon-1724-2#sTok1763";"all";"all";"all the other Bishops refusing to assist at the Ceremony";"Bishops";"bishop";"1";"";"Salmon, Thomas";"l1";"salmon-1724";"HISTORY";"c";"c";"G";"bisceop";"Strong";"A-Stem";"M";"l1";"i_l1";"c_lmod"
"salt:/ppcmbe2/salmon-1724-2#sTok2195";"all";"all";"And all religious Houses and Nunneries founded in Queen <font> Mary <$$font> 's Reign were suppres'd .";"Houses";"house";"1";"";"Salmon, Thomas";"l1";"salmon-1724";"HISTORY";"c";"c";"G";"hus";"Strong";"A-Stem";"N";"l1";"i_l1";"c_lmod"
"salt:/ppcmbe2/salmon-1724-2#sTok2343";"both";"both";"and both Houses of Parliament";"Houses";"house";"1";"";"Salmon, Thomas";"l1";"salmon-1724";"HISTORY";"c";"c";"G";"hus";"Strong";"A-Stem";"N";"l1";"i_l1";"c_lmod"
"salt:/ppcmbe2/salmon-1724-2#sTok3858";"many";"many";"and many great Men";"Men";"man";"1";"";"Salmon, Thomas";"l1";"salmon-1724";"HISTORY";"c";"c";"G";"mann";"Weak";"Consonant-Stem";"M/N";"l1";"i_l1";"c_lmod"
"salt:/ppcmbe2/salmon-1724-2#sTok7696";"some";"some";"reading some Popish Books";"Books";"book";"1";"";"Salmon, Thomas";"l1";"salmon-1724";"HISTORY";"c";"c";"G";"boc";"Weak";"Consonant-Stem";"F";"l1";"i_l1";"c_lmod"
"salt:/ppcmbe2/salmon-1724-2#sTok8647";"few";"few";"Possibly few private Men would make a Scruple of taking away a Man's *ICH*-1 Life who 0 *T*-2 lay in wait for theirs , especially if 0 there was no other way of preserving their own :";"Men";"man";"1";"";"Salmon, Thomas";"l1";"salmon-1724";"HISTORY";"c";"c";"G";"mann";"Weak";"Consonant-Stem";"M/N";"l1";"i_l1";"c_lmod"
"salt:/ppcmbe2/salmon-1724-2#sTok10332";"every";"every";"and every private Man brought home something as a Reward and Testimony of his Valour .";"Man";"man";"";"1";"Salmon, Thomas";"l1";"salmon-1724";"HISTORY";"c";"c";"G";"mann";"Weak";"Consonant-Stem";"M/N";"l1";"i_l1";"c_lmod"
"salt:/ppcmbe2/salmon-1724-2#sTok10569";"all";"all";"to discard all his Enemies";"Enemies";"enemy";"1";"";"Salmon, Thomas";"l1";"salmon-1724";"HISTORY";"c";"c";"R";"";"";"";"";"l1";"i_l1";"c_lmod"
"salt:/ppcmbe2/salmon-1724-2#sTok10707";"no";"no";"As to the foolish Stories of a Passion 0 0 *T*-1 the Queen entertain'd for him , beyond what 0 *T*-2 Princes generally do towards their Favourites , I see no manner of Grounds to give any Credit to them .";"manner";"manner";"";"1";"Salmon, Thomas";"l1";"salmon-1724";"HISTORY";"u";"a";"R";"";"";"";"";"l1";"i_l1";"c_lmod"
"salt:/ppcmbe2/shaw-1903-2#sTok147";"some";"some";"We must all face it some day .";"day";"day";"";"1";"Shaw, George Bernard";"l4";"shaw-1903";"DRAMA COMEDY";"c";"a";"G";"dæg";"Strong";"A-Stem";"M";"l4";"l_l4";"c_lmod"
"salt:/ppcmbe2/shaw-1903-2#sTok219";"no";"no";"Ramsden . He had no son of his own , you see .";"son";"son";"";"1";"Shaw, George Bernard";"l4";"shaw-1903";"DRAMA COMEDY";"c";"c";"G";"sunu";"Strong";"U-Stem";"M";"l4";"l_l4";"c_lmod"
"salt:/ppcmbe2/shaw-1903-2#sTok3456";"no";"no";"I had no right to let myself be forced on her as a guardian by her father .";"right";"right";"";"1";"Shaw, George Bernard";"l4";"shaw-1903";"DRAMA COMEDY";"c";"a";"G";"riht";"Strong";"A-Stem";"N";"l4";"l_l4";"c_lmod"
"salt:/ppcmbe2/shaw-1903-2#sTok3926";"No";"no";"No man alive could bear it :";"man";"man";"";"1";"Shaw, George Bernard";"l4";"shaw-1903";"DRAMA COMEDY";"c";"c";"G";"mann";"Weak";"Consonant-Stem";"M/N";"l4";"l_l4";"c_lmod"
"salt:/ppcmbe2/shaw-1903-2#sTok4832";"every";"every";"I have every possible virtue 0 that *T*-1 a man can have except 0 -";"virtue";"virtue";"";"1";"Shaw, George Bernard";"l4";"shaw-1903";"DRAMA COMEDY";"u";"a";"R";"";"";"";"";"l4";"l_l4";"c_lmod"
"salt:/ppcmbe2/shaw-1903-2#sTok4953";"any";"any";"or any man";"man";"man";"";"1";"Shaw, George Bernard";"l4";"shaw-1903";"DRAMA COMEDY";"c";"c";"G";"mann";"Weak";"Consonant-Stem";"M/N";"l4";"l_l4";"c_lmod"
"salt:/ppcmbe2/shaw-1903-2#sTok5080";"every";"every";"I grow more advanced every day .";"day";"day";"";"1";"Shaw, George Bernard";"l4";"shaw-1903";"DRAMA COMEDY";"c";"a";"G";"dæg";"Strong";"A-Stem";"M";"l4";"l_l4";"c_lmod"
"salt:/ppcmbe2/shaw-1903-2#sTok6958";"both";"both";"and *con* presses both his hands , saying";"hands";"hand";"1";"";"Shaw, George Bernard";"l4";"shaw-1903";"DRAMA COMEDY";"c";"c";"G";"hand";"Strong";"U-Stem";"F";"l4";"l_l4";"c_lmod"
"salt:/ppcmbe2/shaw-1903-2#sTok7245";"any";"any";"to any other name than Annie's Granny";"name";"name";"";"1";"Shaw, George Bernard";"l4";"shaw-1903";"DRAMA COMEDY";"c";"a";"G";"nama";"Weak";"N-Stem";"M";"l4";"l_l4";"c_lmod"
"salt:/ppcmbe2/shaw-1903-2#sTok8271";"No";"no";"Tanner . No matter at all if 0 you have a purpose of your own , and *con* are , like most men , a mere breadwinner .";"matter";"matter";"";"1";"Shaw, George Bernard";"l4";"shaw-1903";"DRAMA COMEDY";"c";"s";"R";"";"";"";"";"l4";"l_l4";"c_lmod"
"salt:/ppcmbe2/shaw-1903-2#sTok8862";"no";"no";"There is no love sincerer than the love of food .";"love";"love";"";"1";"Shaw, George Bernard";"l4";"shaw-1903";"DRAMA COMEDY";"u";"a";"G";"lufu";"Strong";"O-Stem";"F";"l4";"l_l4";"c_lmod"
"salt:/ppcmbe2/shaw-1903-2#sTok9865";"no";"no";"She had no right to come to your house .";"right";"right";"";"1";"Shaw, George Bernard";"l4";"shaw-1903";"DRAMA COMEDY";"c";"a";"G";"riht";"Strong";"A-Stem";"N";"l4";"l_l4";"c_lmod"
"salt:/ppcmbe2/shaw-1903-2#sTok10345";"any";"any";"any man has paid Violet any special attention";"man";"man";"";"1";"Shaw, George Bernard";"l4";"shaw-1903";"DRAMA COMEDY";"c";"c";"G";"mann";"Weak";"Consonant-Stem";"M/N";"l4";"l_l4";"c_lmod"
"salt:/ppcmbe2/shaw-1903-2#sTok10366";"any";"any";"there is any man of notoriously loose principles among us";"man";"man";"";"1";"Shaw, George Bernard";"l4";"shaw-1903";"DRAMA COMEDY";"c";"c";"G";"mann";"Weak";"Consonant-Stem";"M/N";"l4";"l_l4";"c_lmod"
"salt:/ppcmbe2/shaw-1903-2#sTok10403";"any";"any";"there is any man of notoriously loose principles among us";"man";"man";"";"1";"Shaw, George Bernard";"l4";"shaw-1903";"DRAMA COMEDY";"c";"c";"G";"mann";"Weak";"Consonant-Stem";"M/N";"l4";"l_l4";"c_lmod"
"salt:/ppcmbe2/shaw-1903-2#sTok10417";"any";"any";"Tanner . Or any man notoriously lacking in self-control .";"man";"man";"";"1";"Shaw, George Bernard";"l4";"shaw-1903";"DRAMA COMEDY";"c";"c";"G";"mann";"Weak";"Consonant-Stem";"M/N";"l4";"l_l4";"c_lmod"
"salt:/ppcmbe2/shaw-1903-2#sTok10461";"every";"every";"every man is capable *T*-1";"man";"man";"";"1";"Shaw, George Bernard";"l4";"shaw-1903";"DRAMA COMEDY";"c";"c";"G";"mann";"Weak";"Consonant-Stem";"M/N";"l4";"l_l4";"c_lmod"
"salt:/ppcmbe2/sheridan-1756-2#sTok2754";"few";"few";"few <P_205> books *ICH*-1 were written in it which 0 *T*-2 were either fit for *ICH*-3 entertainment or use";"books";"book";"1";"";"Sheridan, Thomas";"l1";"sheridan-1756";"EDUC TREAT";"c";"c";"G";"boc";"Weak";"Consonant-Stem";"F";"l1";"i_l1";"c_lmod"
"salt:/ppcmbe2/sheridan-1756-2#sTok2959";"all";"all";"*T*-2 furnished all the countries in Europe with masters";"countries";"country";"1";"";"Sheridan, Thomas";"l1";"sheridan-1756";"EDUC TREAT";"c";"c";"R";"";"";"";"";"l1";"i_l1";"c_lmod"
"salt:/ppcmbe2/sheridan-1756-2#sTok3980";"all";"all";"to give all manner of encouragement to the study of the learned languages , by which 0 *T*-1 it was nourished and supported , and *T*-1 daily *con* grew in size and strength";"manner";"manner";"";"1";"Sheridan, Thomas";"l1";"sheridan-1756";"EDUC TREAT";"u";"a";"R";"";"";"";"";"l1";"i_l1";"c_lmod"
"salt:/ppcmbe2/sheridan-1756-2#sTok4087";"no";"no";"no man hath perhaps more closely studied the point";"man";"man";"";"1";"Sheridan, Thomas";"l1";"sheridan-1756";"EDUC TREAT";"c";"c";"G";"mann";"Weak";"Consonant-Stem";"M/N";"l1";"i_l1";"c_lmod"
"salt:/ppcmbe2/sheridan-1756-2#sTok4321";"many";"many";"in many years";"years";"year";"1";"";"Sheridan, Thomas";"l1";"sheridan-1756";"EDUC TREAT";"c";"a";"G";"gear";"Strong";"A-Stem";"N";"l1";"i_l1";"c_lmod"
"salt:/ppcmbe2/sheridan-1756-2#sTok5281";"any";"any";"to any other matters , however important in themselves";"matters";"matter";"1";"";"Sheridan, Thomas";"l1";"sheridan-1756";"EDUC TREAT";"c";"s";"R";"";"";"";"";"l1";"i_l1";"c_lmod"
"salt:/ppcmbe2/sheridan-1756-2#sTok5635";"all";"all";"of all modern wisdom";"wisdom";"wisdom";"";"1";"Sheridan, Thomas";"l1";"sheridan-1756";"EDUC TREAT";"u";"a";"G";"wisdom";"Strong";"A-Stem";"M";"l1";"i_l1";"c_lmod"
"salt:/ppcmbe2/sheridan-1756-2#sTok6804";"many";"many";"shall many fathers expect that their sons will be able to outdo him in learning , or have nobler <P_223> opportunities of displaying it";"fathers";"father";"1";"";"Sheridan, Thomas";"l1";"sheridan-1756";"EDUC TREAT";"c";"c";"G";"fæder";"Irregular";"Stem in -r";"M";"l1";"i_l1";"c_lmod"
"salt:/ppcmbe2/sheridan-1756-2#sTok7767";"many";"many";"many years ago";"years";"year";"1";"";"Sheridan, Thomas";"l1";"sheridan-1756";"EDUC TREAT";"c";"a";"G";"gear";"Strong";"A-Stem";"N";"l1";"i_l1";"c_lmod"
"salt:/ppcmbe2/sheridan-1756-2#sTok8022";"any";"any";"of any book which 0 *T*-1 may be offered to the publick";"book";"book";"";"1";"Sheridan, Thomas";"l1";"sheridan-1756";"EDUC TREAT";"c";"c";"G";"boc";"Weak";"Consonant-Stem";"F";"l1";"i_l1";"c_lmod"
"salt:/ppcmbe2/sheridan-1756-2#sTok8344";"any";"any";"of any country";"country";"country";"";"1";"Sheridan, Thomas";"l1";"sheridan-1756";"EDUC TREAT";"c";"c";"R";"";"";"";"";"l1";"i_l1";"c_lmod"
"salt:/ppcmbe2/sheridan-1756-2#sTok8377";"all";"all";"upon all manner of topicks";"manner";"manner";"";"1";"Sheridan, Thomas";"l1";"sheridan-1756";"EDUC TREAT";"u";"a";"R";"";"";"";"";"l1";"i_l1";"c_lmod"
"salt:/ppcmbe2/sheridan-1756-2#sTok9453";"any";"any";"of any man who 0 *T*-2 never read or thought but in English , 0 that *T*-3 deserves the name of an author";"man";"man";"";"1";"Sheridan, Thomas";"l1";"sheridan-1756";"EDUC TREAT";"c";"c";"G";"mann";"Weak";"Consonant-Stem";"M/N";"l1";"i_l1";"c_lmod"
"salt:/ppcmbe2/sheridan-1756-2#sTok10856";"no";"no";"Besides , they had then no books written in Latin 0 that *T*-1 could be of any great assistance to them .";"books";"book";"1";"";"Sheridan, Thomas";"l1";"sheridan-1756";"EDUC TREAT";"c";"c";"G";"boc";"Weak";"Consonant-Stem";"F";"l1";"i_l1";"c_lmod"
"salt:/ppcmbe2/sheridan-1756-2#sTok10977";"several";"several";"we have in our language at present , several works which 0 *T*-1 may at once <P_241> serve as rules 0 *T*-2 to guide us in our enquiries , and standards 0 *T*-3 to fix our knowlege {COM:sic} when attained";"works";"work";"1";"";"Sheridan, Thomas";"l1";"sheridan-1756";"EDUC TREAT";"u";"a";"G";"weorc";"Strong";"A-Stem";"N";"l1";"i_l1";"c_lmod"
"salt:/ppcmbe2/skeavington-184x-1#sTok503";"some";"some";"for some Horses , such as 0 0 *T*-1 have thin light carcases , and *T*-1 do not work hard";"Horses";"horse";"1";"";"Skeavington, George";"l3";"skeavington-184x";"HANDB OTHER";"c";"c";"G";"hors";"Strong";"A-Stem";"N";"l3";"k_l3";"c_lmod"
"salt:/ppcmbe2/skeavington-184x-1#sTok1129";"some";"some";"some Horses being much heartier feeders than others";"Horses";"horse";"1";"";"Skeavington, George";"l3";"skeavington-184x";"HANDB OTHER";"c";"c";"G";"hors";"Strong";"A-Stem";"N";"l3";"k_l3";"c_lmod"
"salt:/ppcmbe2/skeavington-184x-1#sTok1509";"Some";"some";"Some Horses will not drink immoderately ,";"Horses";"horse";"1";"";"Skeavington, George";"l3";"skeavington-184x";"HANDB OTHER";"c";"c";"G";"hors";"Strong";"A-Stem";"N";"l3";"k_l3";"c_lmod"
"salt:/ppcmbe2/skeavington-184x-1#sTok1599";"some";"some";"but some Horses will always be required to be allowanced ,";"Horses";"horse";"1";"";"Skeavington, George";"l3";"skeavington-184x";"HANDB OTHER";"c";"c";"G";"hors";"Strong";"A-Stem";"N";"l3";"k_l3";"c_lmod"
"salt:/ppcmbe2/skeavington-184x-1#sTok2189";"any";"any";"any Horses are loose , cast , or the like";"Horses";"horse";"1";"";"Skeavington, George";"l3";"skeavington-184x";"HANDB OTHER";"c";"c";"G";"hors";"Strong";"A-Stem";"N";"l3";"k_l3";"c_lmod"
"salt:/ppcmbe2/skeavington-184x-1#sTok2623";"every";"every";"from every Horse";"Horse";"horse";"";"1";"Skeavington, George";"l3";"skeavington-184x";"HANDB OTHER";"c";"c";"G";"hors";"Strong";"A-Stem";"N";"l3";"k_l3";"c_lmod"
"salt:/ppcmbe2/skeavington-184x-1#sTok2714";"many";"many";"I have known many Horses , when 0 they perceive or think 0 they are going out with the hounds , or *con* have seen the rider come into the stable with his <font> scarlet coat *ICH*-1 on , and his white cords <$$font> , refuse to eat their hay or oats :";"Horses";"horse";"1";"";"Skeavington, George";"l3";"skeavington-184x";"HANDB OTHER";"c";"c";"G";"hors";"Strong";"A-Stem";"N";"l3";"k_l3";"c_lmod"
"salt:/ppcmbe2/skeavington-184x-1#sTok3670";"some";"some";"some Horses require much of the curry-comb";"Horses";"horse";"1";"";"Skeavington, George";"l3";"skeavington-184x";"HANDB OTHER";"c";"c";"G";"hors";"Strong";"A-Stem";"N";"l3";"k_l3";"c_lmod"
"salt:/ppcmbe2/skeavington-184x-1#sTok5713";"each";"each";"in each hand";"hand";"hand";"";"1";"Skeavington, George";"l3";"skeavington-184x";"HANDB OTHER";"c";"c";"G";"hand";"Strong";"U-Stem";"F";"l3";"k_l3";"c_lmod"
"salt:/ppcmbe2/skeavington-184x-1#sTok7238";"every";"every";"for every Horse should have at least two days in the week , such work or exercise 0 that *T*-1 will give him a good sweating ;";"Horse";"horse";"";"1";"Skeavington, George";"l3";"skeavington-184x";"HANDB OTHER";"c";"c";"G";"hors";"Strong";"A-Stem";"N";"l3";"k_l3";"c_lmod"
"salt:/ppcmbe2/skeavington-184x-1#sTok7756";"many";"many";"and many inferior-bred Horses , who 0 *T*-1 look well to the eye , $can $not {TEXT:cannot} for a continuance stand the ordinary work 0 that *T*-2 a Horse has in training ;";"Horses";"horse";"1";"";"Skeavington, George";"l3";"skeavington-184x";"HANDB OTHER";"c";"c";"G";"hors";"Strong";"A-Stem";"N";"l3";"k_l3";"c_lmod"
"salt:/ppcmbe2/skeavington-184x-1#sTok8069";"several";"several";"*T*-1 have several Horses 0 to look after *T*-2";"Horses";"horse";"1";"";"Skeavington, George";"l3";"skeavington-184x";"HANDB OTHER";"c";"c";"G";"hors";"Strong";"A-Stem";"N";"l3";"k_l3";"c_lmod"
"salt:/ppcmbe2/skeavington-184x-1#sTok8155";"some";"some";"some Horses , in good condition , will rub dry and clean in a short time ,";"Horses";"horse";"1";"";"Skeavington, George";"l3";"skeavington-184x";"HANDB OTHER";"c";"c";"G";"hors";"Strong";"A-Stem";"N";"l3";"k_l3";"c_lmod"
"salt:/ppcmbe2/skeavington-184x-1#sTok9992";"all";"all";"all medical men 0 that I have been intimate with *T*-1 <paren> and I have known a great many <$$paren> , have prescribed medicine to their patients for the most trifling complaints";"men";"man";"1";"";"Skeavington, George";"l3";"skeavington-184x";"HANDB OTHER";"c";"c";"G";"mann";"Weak";"Consonant-Stem";"M/N";"l3";"k_l3";"c_lmod"
"salt:/ppcmbe2/skeavington-184x-1#sTok10294";"much";"much";"While 0 he is full of grass , he will not drink much water ,";"water";"water";"";"1";"Skeavington, George";"l3";"skeavington-184x";"HANDB OTHER";"u";"s";"G";"wæter";"Strong";"A-Stem";"N";"l3";"k_l3";"c_lmod"
"salt:/ppcmbe2/skeavington-184x-1#sTok10504";"all";"all";"he be kept without food all night";"night";"night";"";"1";"Skeavington, George";"l3";"skeavington-184x";"HANDB OTHER";"c";"a";"G";"niht";"Strong";"A-Stem";"N";"l3";"k_l3";"c_lmod"
"salt:/ppcmbe2/skeavington-184x-1#sTok10559";"some";"some";"first having offered him some chilled water 0 *T*-2 to drink";"water";"water";"";"1";"Skeavington, George";"l3";"skeavington-184x";"HANDB OTHER";"u";"s";"G";"wæter";"Strong";"A-Stem";"N";"l3";"k_l3";"c_lmod"
"salt:/ppcmbe2/skeavington-184x-1#sTok11543";"some";"some";"for some Horses will , if 0 you are not mindful , hold the ball at the top of the throat , till 0 you loosen the head";"Horses";"horse";"1";"";"Skeavington, George";"l3";"skeavington-184x";"HANDB OTHER";"c";"c";"G";"hors";"Strong";"A-Stem";"N";"l3";"k_l3";"c_lmod"
"salt:/ppcmbe2/smollett-175x-2#sTok174";"some";"some";"for some years";"years";"year";"1";"";"Smollett, Tobias";"l1";"smollett-175x";"LET PRIV";"c";"a";"G";"gear";"Strong";"A-Stem";"N";"l1";"i_l1";"c_lmod"
"salt:/ppcmbe2/smollett-175x-2#sTok302";"all";"all";"all the Lands , all the Places of Honour , Power and Profit";"Lands";"land";"1";"";"Smollett, Tobias";"l1";"smollett-175x";"LET PRIV";"u";"a";"G";"land";"Strong";"A-Stem";"N";"l1";"i_l1";"c_lmod"
"salt:/ppcmbe2/smollett-175x-2#sTok623";"both";"both";"of both names";"names";"name";"1";"";"Smollett, Tobias";"l1";"smollett-175x";"LET PRIV";"c";"a";"G";"nama";"Weak";"N-Stem";"M";"l1";"i_l1";"c_lmod"
"salt:/ppcmbe2/smollett-175x-2#sTok4333";"any";"any";"from any other Hand than mine";"Hand";"hand";"";"1";"Smollett, Tobias";"l1";"smollett-175x";"LET PRIV";"c";"c";"G";"hand";"Strong";"U-Stem";"F";"l1";"i_l1";"c_lmod"
"salt:/ppcmbe2/smollett-175x-2#sTok5741";"some";"some";"for some years";"years";"year";"1";"";"Smollett, Tobias";"l1";"smollett-175x";"LET PRIV";"c";"a";"G";"gear";"Strong";"A-Stem";"N";"l1";"i_l1";"c_lmod"
"salt:/ppcmbe2/smollett-175x-2#sTok5748";"any";"any";"in any other work";"work";"work";"";"1";"Smollett, Tobias";"l1";"smollett-175x";"LET PRIV";"u";"a";"G";"weorc";"Strong";"A-Stem";"N";"l1";"i_l1";"c_lmod"
"salt:/ppcmbe2/smollett-175x-2#sTok6233";"all";"all";"I have been groaning all day under the weight of Tindal , Ralph , Burnet , Feuquieres , Daniel , Voltaire , Burchet &c , &c.";"day";"day";"";"1";"Smollett, Tobias";"l1";"smollett-175x";"LET PRIV";"c";"a";"G";"dæg";"Strong";"A-Stem";"M";"l1";"i_l1";"c_lmod"
"salt:/ppcmbe2/smollett-175x-2#sTok9734";"every";"every";"mankind grows every day more and more malicious";"day";"day";"";"1";"Smollett, Tobias";"l1";"smollett-175x";"LET PRIV";"c";"a";"G";"dæg";"Strong";"A-Stem";"M";"l1";"i_l1";"c_lmod"
"salt:/ppcmbe2/smollett-175x-2#sTok11647";"every";"every";"*T*-1 every honest man ought to entertain for an old friend to whom 0 *T*-2 he has been essentially obliged";"man";"man";"";"1";"Smollett, Tobias";"l1";"smollett-175x";"LET PRIV";"c";"c";"G";"mann";"Weak";"Consonant-Stem";"M/N";"l1";"i_l1";"c_lmod"
"salt:/ppcmbe2/southey-1813-1#sTok29";"every";"every";"At Yarmouth , where 0 *T*-1 he landed , every ship in the harbour hoisted her colours .";"ship";"ship";"";"1";"Southey, Robert";"l3";"southey-1813";"BIOGR OTHER";"c";"c";"G";"scip";"Strong";"A-Stem";"N";"l3";"k_l3";"c_lmod"
"salt:/ppcmbe2/southey-1813-1#sTok897";"many";"many";"for many years";"years";"year";"1";"";"Southey, Robert";"l3";"southey-1813";"BIOGR OTHER";"c";"a";"G";"gear";"Strong";"A-Stem";"N";"l3";"k_l3";"c_lmod"
"salt:/ppcmbe2/southey-1813-1#sTok983";"all";"all";"and all the devils in the North $can $not {TEXT:cannot} take it from us if 0 our wooden walls have fair play . \"";"devils";"devil";"1";"";"Southey, Robert";"l3";"southey-1813";"BIOGR OTHER";"c";"c";"G";"deofol";"Strong";"A-Stem";"M";"l3";"k_l3";"c_lmod"
"salt:/ppcmbe2/southey-1813-1#sTok1255";"any";"any";"any other man should , for a moment , have been thought of *-1 for <P_177> the command";"man";"man";"";"1";"Southey, Robert";"l3";"southey-1813";"BIOGR OTHER";"c";"c";"G";"mann";"Weak";"Consonant-Stem";"M/N";"l3";"k_l3";"c_lmod"
"salt:/ppcmbe2/southey-1813-1#sTok1723";"every";"every";"They will every day and hour be stronger :";"day";"day";"";"1";"Southey, Robert";"l3";"southey-1813";"BIOGR OTHER";"c";"a";"G";"dæg";"Strong";"A-Stem";"M";"l3";"k_l3";"c_lmod"
"salt:/ppcmbe2/southey-1813-1#sTok3101";"all";"all";"all ships should pass this way , in order that all might pay their shares";"ships";"ship";"1";"";"Southey, Robert";"l3";"southey-1813";"BIOGR OTHER";"c";"c";"G";"scip";"Strong";"A-Stem";"N";"l3";"k_l3";"c_lmod"
"salt:/ppcmbe2/southey-1813-1#sTok3785";"all";"all";"*T*-3 till now , all ships had vailed their top-sails to the flag of Denmark";"ships";"ship";"1";"";"Southey, Robert";"l3";"southey-1813";"BIOGR OTHER";"c";"c";"G";"scip";"Strong";"A-Stem";"N";"l3";"k_l3";"c_lmod"
"salt:/ppcmbe2/southey-1813-1#sTok6098";"every";"every";"- every other ship had its station appointed .";"ship";"ship";"";"1";"Southey, Robert";"l3";"southey-1813";"BIOGR OTHER";"c";"c";"G";"scip";"Strong";"A-Stem";"N";"l3";"k_l3";"c_lmod"
"salt:/ppcmbe2/southey-1813-1#sTok6748";"Each";"each";"Each ship had been ordered to pass her leader on the starboard side , because 0 the water was supposed *-1 to shoal on the larboard shore .";"ship";"ship";"";"1";"Southey, Robert";"l3";"southey-1813";"BIOGR OTHER";"c";"c";"G";"scip";"Strong";"A-Stem";"N";"l3";"k_l3";"c_lmod"
"salt:/ppcmbe2/southey-1813-1#sTok6898";"Each";"each";"Each ship , as 0 she arrived nearly opposite to her appointed station , let her anchor go by the stern ,";"ship";"ship";"";"1";"Southey, Robert";"l3";"southey-1813";"BIOGR OTHER";"c";"c";"G";"scip";"Strong";"A-Stem";"N";"l3";"k_l3";"c_lmod"
"salt:/ppcmbe2/southey-1813-1#sTok8433";"many";"many";"Both in *ICH*-1 the <font> Bellona <$$font> and the <font> Isis <$$font> many men were lost by the bursting of their guns .";"men";"man";"1";"";"Southey, Robert";"l3";"southey-1813";"BIOGR OTHER";"c";"c";"G";"mann";"Weak";"Consonant-Stem";"M/N";"l3";"k_l3";"c_lmod"
"salt:/ppcmbe2/southey-1813-1#sTok8568";"any";"any";"of any single ship";"ship";"ship";"";"1";"Southey, Robert";"l3";"southey-1813";"BIOGR OTHER";"c";"c";"G";"scip";"Strong";"A-Stem";"N";"l3";"k_l3";"c_lmod"
"salt:/ppcmbe2/southey-1813-1#sTok9377";"every";"every";"nearly every man in the praams , ahead and astern of her , was killed";"man";"man";"";"1";"Southey, Robert";"l3";"southey-1813";"BIOGR OTHER";"c";"c";"G";"mann";"Weak";"Consonant-Stem";"M/N";"l3";"k_l3";"c_lmod"
"salt:/ppcmbe2/southey-1813-1#sTok10826";"no";"no";"and no man could tell for what friends 0 he might have *T*-1 to mourn .";"man";"man";"";"1";"Southey, Robert";"l3";"southey-1813";"BIOGR OTHER";"c";"c";"G";"mann";"Weak";"Consonant-Stem";"M/N";"l3";"k_l3";"c_lmod"
"salt:/ppcmbe2/southey-1813-1#sTok11451";"all";"all";"The boats of Sir Hyde's division were actively employed all night in bringing out the prizes , and in getting afloat the ships which 0 *T*-1 were on shore .";"night";"night";"";"1";"Southey, Robert";"l3";"southey-1813";"BIOGR OTHER";"c";"a";"G";"niht";"Strong";"A-Stem";"N";"l3";"k_l3";"c_lmod"
"salt:/ppcmbe2/southey-1813-1#sTok11853";"every";"every";"in every house";"house";"house";"";"1";"Southey, Robert";"l3";"southey-1813";"BIOGR OTHER";"c";"c";"G";"hus";"Strong";"A-Stem";"N";"l3";"k_l3";"c_lmod"
"salt:/ppcmbe2/st-john-1711-2#sTok4085";"no";"no";"of no manner of use";"manner";"manner";"";"1";"St. John, Henry, viscount Bolingbroke";"l1";"st-john-1711";"LET NON-PRIV";"u";"a";"R";"";"";"";"";"l1";"i_l1";"c_lmod"
"salt:/ppcmbe2/st-john-1711-2#sTok4332";"any";"any";"to any man living";"man";"man";"";"1";"St. John, Henry, viscount Bolingbroke";"l1";"st-john-1711";"LET NON-PRIV";"c";"c";"G";"mann";"Weak";"Consonant-Stem";"M/N";"l1";"i_l1";"c_lmod"
"salt:/ppcmbe2/st-john-1711-2#sTok5328";"all";"all";"to all the countries and places , which 0 *T*-2 shall become , by virtue of any former or any future treaty , the barrier of the States-General";"countries";"country";"1";"";"St. John, Henry, viscount Bolingbroke";"l1";"st-john-1711";"LET NON-PRIV";"c";"c";"R";"";"";"";"";"l1";"i_l1";"c_lmod"
"salt:/ppcmbe2/st-john-1711-2#sTok9499";"every";"every";"this country comes every day more and more to its senses";"day";"day";"";"1";"St. John, Henry, viscount Bolingbroke";"l1";"st-john-1711";"LET NON-PRIV";"c";"a";"G";"dæg";"Strong";"A-Stem";"M";"l1";"i_l1";"c_lmod"
"salt:/ppcmbe2/st-john-1711-2#sTok13342";"any";"any";"there was not any man *ICH*-2 in the Queen's council capable of so great a <font> la`chete`";"man";"man";"";"1";"St. John, Henry, viscount Bolingbroke";"l1";"st-john-1711";"LET NON-PRIV";"c";"c";"G";"mann";"Weak";"Consonant-Stem";"M/N";"l1";"i_l1";"c_lmod"
"salt:/ppcmbe2/statutes-171x-1#sTok4443";"many";"many";"for many Years last past";"Years";"year";"1";"";"n/a";"l1";"statutes-171x";"LAW";"c";"a";"G";"gear";"Strong";"A-Stem";"N";"l1";"i_l1";"c_lmod"
"salt:/ppcmbe2/statutes-171x-1#sTok5032";"any";"any";"in any one Year";"Year";"year";"";"1";"n/a";"l1";"statutes-171x";"LAW";"c";"a";"G";"gear";"Strong";"A-Stem";"N";"l1";"i_l1";"c_lmod"
"salt:/ppcmbe2/statutes-171x-1#sTok5738";"many";"many";"for many Years past";"Years";"year";"1";"";"n/a";"l1";"statutes-171x";"LAW";"c";"a";"G";"gear";"Strong";"A-Stem";"N";"l1";"i_l1";"c_lmod"
"salt:/ppcmbe2/statutes-171x-1#sTok7028";"no";"no";"no House or Warehouse whatsoever shall be opened to search for or seize such Leaves , Herbs , Plants , Materials or Mixtures , or such Engines , Utensils , or Tools , but at reasonable Hours";"House";"house";"";"1";"n/a";"l1";"statutes-171x";"LAW";"c";"c";"G";"hus";"Strong";"A-Stem";"N";"l1";"i_l1";"c_lmod"
"salt:/ppcmbe2/statutes-171x-1#sTok9308";"any";"any";"or any other Tree or Trees";"Tree";"tree";"";"1";"n/a";"l1";"statutes-171x";"LAW";"c";"c";"G";"treow";"Strong";"A-Stem";"N";"l1";"i_l1";"c_lmod"
"salt:/ppcmbe2/statutes-171x-1#sTok9868";"no";"no";"*T*-1 there are no Houses of Correction in any County , Riding , Division , Stewartry , Regality , City , Town or Borough where 0 *T*-3 such Offender or Offenders shall be convicted";"Houses";"house";"1";"";"n/a";"l1";"statutes-171x";"LAW";"c";"c";"G";"hus";"Strong";"A-Stem";"N";"l1";"i_l1";"c_lmod"
"salt:/ppcmbe2/statutes-171x-1#sTok10057";"no";"no";"*T*-1 there is no House of Correction";"House";"house";"";"1";"n/a";"l1";"statutes-171x";"LAW";"c";"c";"G";"hus";"Strong";"A-Stem";"N";"l1";"i_l1";"c_lmod"
"salt:/ppcmbe2/statutes-171x-1#sTok10279";"any";"any";"any Wood , Underwood , or Coppice , or any Part thereof";"Wood";"wood";"";"1";"n/a";"l1";"statutes-171x";"LAW";"u";"s";"G";"wudu";"Strong";"U-Stem";"M";"l1";"i_l1";"c_lmod"
"salt:/ppcmbe2/statutes-171x-1#sTok10851";"any";"any";"any manner of Way , nor by any Title of Conveyance whatsoever";"manner";"manner";"";"1";"n/a";"l1";"statutes-171x";"LAW";"u";"a";"R";"";"";"";"";"l1";"i_l1";"c_lmod"
"salt:/ppcmbe2/statutes-171x-1#sTok11346";"all";"all";"with all Virtues and Qualifications requisite to render Posterity flourishing and happy";"Virtues";"virtue";"1";"";"n/a";"l1";"statutes-171x";"LAW";"u";"a";"R";"";"";"";"";"l1";"i_l1";"c_lmod"
"salt:/ppcmbe2/statutes-1745-1#sTok3508";"any";"any";"any Ship or Vessel , Ships or Vessels , belonging to any {COM:sic} his Majesty's Subjects , shall find out and sail through any Passage by Sea between <font> Hudson's Bay <$$font> and the Western and Southern Ocean of <font> America";"Ship";"ship";"";"1";"n/a";"l1";"statutes-1745";"LAW";"c";"c";"G";"scip";"Strong";"A-Stem";"N";"l1";"i_l1";"c_lmod"
"salt:/ppcmbe2/statutes-1745-1#sTok5301";"any";"any";"of any Lands or Tenements which 0 *T*-4 have not been charged or affected to the publick Taxes , Church Rates , and Parish Duties , in such Proportion as 0 0 *T*-5 other Lands or Tenements of forty Shillings <font> per Annum <$$font> , within the same Parish or Township wherein 0 *T*-6 the same shall lie or be , are usually charged";"Lands";"land";"1";"";"n/a";"l1";"statutes-1745";"LAW";"u";"a";"G";"land";"Strong";"A-Stem";"N";"l1";"i_l1";"c_lmod"
"salt:/ppcmbe2/statutes-1745-1#sTok5693";"any";"any";"of any Lands or Tenements which 0 *T*-4 have not been charged or assessed as therein mentioned";"Lands";"land";"1";"";"n/a";"l1";"statutes-1745";"LAW";"u";"a";"G";"land";"Strong";"A-Stem";"N";"l1";"i_l1";"c_lmod"
"salt:/ppcmbe2/statutes-1745-1#sTok7158";"any";"any";"for any Lands , Tenements , or other Freehold Estate , sworn by the said Oath * to be lying and being at some Parish , Town or Place , or Parishes , Towns or Places , which Parish , Town or Place , or Parishes , Towns or Places , or any of them , or any Part of them , 0 *T*-3 is not , or are not mentioned in the List so made out for such Booth or Polling Places as aforesaid";"Lands";"land";"1";"";"n/a";"l1";"statutes-1745";"LAW";"u";"a";"G";"land";"Strong";"A-Stem";"N";"l1";"i_l1";"c_lmod"
"salt:/ppcmbe2/statutes-1745-1#sTok7330";"every";"every";"for every Poll Book";"Book";"book";"";"1";"n/a";"l1";"statutes-1745";"LAW";"c";"c";"G";"boc";"Weak";"Consonant-Stem";"F";"l1";"i_l1";"c_lmod"
"salt:/ppcmbe2/statutes-1745-1#sTok7512";"some";"some";"to some convenient Day";"Day";"day";"";"1";"n/a";"l1";"statutes-1745";"LAW";"c";"a";"G";"dæg";"Strong";"A-Stem";"M";"l1";"i_l1";"c_lmod"
"salt:/ppcmbe2/statutes-1745-1#sTok9902";"any";"any";"upon any Lands , Tenements , or Hereditaments , not contained in such Oath as aforesaid";"Lands";"land";"1";"";"n/a";"l1";"statutes-1745";"LAW";"u";"a";"G";"land";"Strong";"A-Stem";"N";"l1";"i_l1";"c_lmod"
"salt:/ppcmbe2/statutes-1745-1#sTok10162";"no";"no";"upon the Trial of the Issue in any Action , Suit , Information , 0 *T*-2 to be brought as aforesaid , no Lands , Tenements , or Hereditaments , which 0 *T*-4 are not contained in such Oath and Notice as aforesaid , or one of them , shall be allowed to be insisted upon *-3 by the Defendant , as any Part of his Qualification";"Lands";"land";"1";"";"n/a";"l1";"statutes-1745";"LAW";"u";"a";"G";"land";"Strong";"A-Stem";"N";"l1";"i_l1";"c_lmod"
"salt:/ppcmbe2/statutes-1775-1#sTok3779";"any";"any";"board any Ship or Vessel";"Ship";"ship";"";"1";"n/a";"l2";"statutes-1775";"LAW";"c";"c";"G";"scip";"Strong";"A-Stem";"N";"l2";"j_l2";"c_lmod"
"salt:/ppcmbe2/statutes-1775-1#sTok4569";"any";"any";"board any Ship or Vessel";"Ship";"ship";"";"1";"n/a";"l2";"statutes-1775";"LAW";"c";"c";"G";"scip";"Strong";"A-Stem";"N";"l2";"j_l2";"c_lmod"
"salt:/ppcmbe2/statutes-1775-1#sTok5122";"any";"any";"board any Ship or Vessel";"Ship";"ship";"";"1";"n/a";"l2";"statutes-1775";"LAW";"c";"c";"G";"scip";"Strong";"A-Stem";"N";"l2";"j_l2";"c_lmod"
"salt:/ppcmbe2/statutes-1775-1#sTok5662";"any";"any";"board any Ship or Vessel";"Ship";"ship";"";"1";"n/a";"l2";"statutes-1775";"LAW";"c";"c";"G";"scip";"Strong";"A-Stem";"N";"l2";"j_l2";"c_lmod"
"salt:/ppcmbe2/statutes-1775-1#sTok9313";"every";"every";"of every Fishing Season";"Fishing";"fish";"";"1";"n/a";"l2";"statutes-1775";"LAW";"u";"c";"G";"fisc";"Strong";"A-Stem";"M";"l2";"j_l2";"c_lmod"
"salt:/ppcmbe2/statutes-1775-1#sTok9689";"each";"each";"in each succeeding Year";"Year";"year";"";"1";"n/a";"l2";"statutes-1775";"LAW";"c";"a";"G";"gear";"Strong";"A-Stem";"N";"l2";"j_l2";"c_lmod"
"salt:/ppcmbe2/statutes-1775-1#sTok9777";"each";"each";"in each Year";"Year";"year";"";"1";"n/a";"l2";"statutes-1775";"LAW";"c";"a";"G";"gear";"Strong";"A-Stem";"N";"l2";"j_l2";"c_lmod"
"salt:/ppcmbe2/statutes-1775-1#sTok9934";"each";"each";"in each Year";"Year";"year";"";"1";"n/a";"l2";"statutes-1775";"LAW";"c";"a";"G";"gear";"Strong";"A-Stem";"N";"l2";"j_l2";"c_lmod"
"salt:/ppcmbe2/statutes-1775-1#sTok10008";"each";"each";"in each Year";"Year";"year";"";"1";"n/a";"l2";"statutes-1775";"LAW";"c";"a";"G";"gear";"Strong";"A-Stem";"N";"l2";"j_l2";"c_lmod"
"salt:/ppcmbe2/statutes-1775-1#sTok10349";"all";"all";"all the Fish on both Trips were catched on the Banks of <font> Newfoundland";"Fish";"fish";"";"1";"n/a";"l2";"statutes-1775";"LAW";"u";"c";"G";"fisc";"Strong";"A-Stem";"M";"l2";"j_l2";"c_lmod"
"salt:/ppcmbe2/statutes-1775-1#sTok10960";"each";"each";"in each succeeding Year";"Year";"year";"";"1";"n/a";"l2";"statutes-1775";"LAW";"c";"a";"G";"gear";"Strong";"A-Stem";"N";"l2";"j_l2";"c_lmod"
"salt:/ppcmbe2/statutes-1775-1#sTok11267";"each";"each";"in each Year";"Year";"year";"";"1";"n/a";"l2";"statutes-1775";"LAW";"c";"a";"G";"gear";"Strong";"A-Stem";"N";"l2";"j_l2";"c_lmod"
"salt:/ppcmbe2/statutes-1775-1#sTok11460";"each";"each";"of each Year in which 0 *T*-2 such Vessel shall arrive";"Year";"year";"";"1";"n/a";"l2";"statutes-1775";"LAW";"c";"a";"G";"gear";"Strong";"A-Stem";"N";"l2";"j_l2";"c_lmod"
"salt:/ppcmbe2/statutes-1775-1#sTok11630";"any";"any";"from any other Country except from <font> Great Britain <$$font> , or one of the <font> British <$$font> Dominions in <font> Europe";"Country";"country";"";"1";"n/a";"l2";"statutes-1775";"LAW";"c";"c";"R";"";"";"";"";"l2";"j_l2";"c_lmod"
"salt:/ppcmbe2/statutes-1775-1#sTok11727";"any";"any";"board any Ship or Vessel which 0 *T*-5 may lawfully trade or fish there";"Ship";"ship";"";"1";"n/a";"l2";"statutes-1775";"LAW";"c";"c";"G";"scip";"Strong";"A-Stem";"N";"l2";"j_l2";"c_lmod"
"salt:/ppcmbe2/statutes-1805-1#sTok1314";"any";"any";"in any manner";"manner";"manner";"";"1";"n/a";"l2";"statutes-1805";"LAW";"u";"a";"R";"";"";"";"";"l2";"j_l2";"c_lmod"
"salt:/ppcmbe2/statutes-1805-1#sTok3340";"any";"any";"in any year";"year";"year";"";"1";"n/a";"l2";"statutes-1805";"LAW";"c";"a";"G";"gear";"Strong";"A-Stem";"N";"l2";"j_l2";"c_lmod"
"salt:/ppcmbe2/statutes-1805-1#sTok5350";"every";"every";"in every year";"year";"year";"";"1";"n/a";"l2";"statutes-1805";"LAW";"c";"a";"G";"gear";"Strong";"A-Stem";"N";"l2";"j_l2";"c_lmod"
"salt:/ppcmbe2/statutes-1805-1#sTok5391";"every";"every";"in every year";"year";"year";"";"1";"n/a";"l2";"statutes-1805";"LAW";"c";"a";"G";"gear";"Strong";"A-Stem";"N";"l2";"j_l2";"c_lmod"
"salt:/ppcmbe2/statutes-1805-1#sTok6680";"any";"any";"doing any matter or thing in pursuance of this act";"matter";"matter";"";"1";"n/a";"l2";"statutes-1805";"LAW";"c";"s";"R";"";"";"";"";"l2";"j_l2";"c_lmod"
"salt:/ppcmbe2/statutes-1805-1#sTok6995";"any";"any";"of any matter or thing therein contained";"matter";"matter";"";"1";"n/a";"l2";"statutes-1805";"LAW";"c";"s";"R";"";"";"";"";"l2";"j_l2";"c_lmod"
"salt:/ppcmbe2/statutes-1805-1#sTok8102";"every";"every";"of every ship or vessel";"ship";"ship";"";"1";"n/a";"l2";"statutes-1805";"LAW";"c";"c";"G";"scip";"Strong";"A-Stem";"N";"l2";"j_l2";"c_lmod"
"salt:/ppcmbe2/statutes-1805-1#sTok8229";"every";"every";"of every such ship or vessel , which 0 *T*-1 shall have so arrived without a clean bill of health";"ship";"ship";"";"1";"n/a";"l2";"statutes-1805";"LAW";"c";"c";"G";"scip";"Strong";"A-Stem";"N";"l2";"j_l2";"c_lmod"
"salt:/ppcmbe2/statutes-1805-1#sTok8258";"every";"every";"of every such ship or vessel";"ship";"ship";"";"1";"n/a";"l2";"statutes-1805";"LAW";"c";"c";"G";"scip";"Strong";"A-Stem";"N";"l2";"j_l2";"c_lmod"
"salt:/ppcmbe2/statutes-1805-1#sTok8373";"every";"every";"of every such ship or vessel";"ship";"ship";"";"1";"n/a";"l2";"statutes-1805";"LAW";"c";"c";"G";"scip";"Strong";"A-Stem";"N";"l2";"j_l2";"c_lmod"
"salt:/ppcmbe2/statutes-1805-1#sTok8401";"every";"every";"of every such ship or vessel arriving in any <P_45,558> port or place in <font> Great Britain <$$font> , or the islands aforesaid , with a cargo which 0 *T*-1 in whole or in part shall consist of goods , wares , or merchandize , the growth , produce , or manufacture of <font> Turkey <$$font> , or of any port or place in <font> Africa <$$font> , within the streights of <font> Gibraltar <$$font> , or in the <font> West Barbary <$$font> on the <font> Atlantic <$$font> ocean , and which ship or vessel , or the cargo of which or any part whereof 0 *T*-2 shall have performed quarantine in any port or place in <font> Great Britain <$$font> , or the islands aforesaid , and which 0 *T*-3 shall have arrived from any port or place whatever";"ship";"ship";"";"1";"n/a";"l2";"statutes-1805";"LAW";"c";"c";"G";"scip";"Strong";"A-Stem";"N";"l2";"j_l2";"c_lmod"
"salt:/ppcmbe2/statutes-1805-1#sTok8552";"every";"every";"of every ship or vessel which 0 *T*-1 shall have so arrived under such circumstances as 0 0 *T*-2 shall induce his Majesty , by and with the advice of his privy council , or the lords or others of the privy council , or any three or more of them , under the authority herein-after given , to subject such ship or vessel to the like quarantine as ships arriving from <font> Turkey <$$font> with clean bills of health";"ship";"ship";"";"1";"n/a";"l2";"statutes-1805";"LAW";"c";"c";"G";"scip";"Strong";"A-Stem";"N";"l2";"j_l2";"c_lmod"
"salt:/ppcmbe2/statutes-1805-1#sTok8643";"every";"every";"of every ship or vessel which 0 *T*-1 shall have so arrived under such circumstances as 0 0 *T*-2 shall induce his Majesty , by and with the advice aforesaid , or the lords or others of the privy council , or any three or more of them as aforesaid , to subject such ship or vessel to the like quarantine as ships arriving from <font> Turkey <$$font> without clean bills of health";"ship";"ship";"";"1";"n/a";"l2";"statutes-1805";"LAW";"c";"c";"G";"scip";"Strong";"A-Stem";"N";"l2";"j_l2";"c_lmod"
"salt:/ppcmbe2/statutes-1805-1#sTok8725";"every";"every";"of every ship or vessel";"ship";"ship";"";"1";"n/a";"l2";"statutes-1805";"LAW";"c";"c";"G";"scip";"Strong";"A-Stem";"N";"l2";"j_l2";"c_lmod"
"salt:/ppcmbe2/statutes-1805-1#sTok8874";"no";"no";"no ship or vessel of war , or transport or other ship or vessel employed in the service of his Majesty's government";"ship";"ship";"";"1";"n/a";"l2";"statutes-1805";"LAW";"c";"c";"G";"scip";"Strong";"A-Stem";"N";"l2";"j_l2";"c_lmod"
"salt:/ppcmbe2/statutes-1805-1#sTok8898";"any";"any";"nor any ship or vessel which 0 *T*-2 shall not be bound to any port or place in <font> Great Britain <$$font> , or the islands of <font> Guernsey <$$font> , <font> Jersey <$$font> , <font> Alderney <$$font> , <font> Sark <$$font> or <font> Man <$$font> , and which 0 *T*-3 shall have really put into any port or place in <font> Great Britain <$$font> , or the islands aforesaid , in distress";"ship";"ship";"";"1";"n/a";"l2";"statutes-1805";"LAW";"c";"c";"G";"scip";"Strong";"A-Stem";"N";"l2";"j_l2";"c_lmod"
"salt:/ppcmbe2/statutes-1805-1#sTok8972";"any";"any";"nor any ship or vessel which 0 *T*-4 shall have been obliged to perform quarantine only by reason of having certain goods , wares , and merchandize on board , and not producing the proper declaration or document as to their growth , produce , or manufacture";"ship";"ship";"";"1";"n/a";"l2";"statutes-1805";"LAW";"c";"c";"G";"scip";"Strong";"A-Stem";"N";"l2";"j_l2";"c_lmod"
"salt:/ppcmbe2/statutes-1805-1#sTok9020";"any";"any";"nor any ship or vessel arriving in any port or place in <font> Great Britain <$$font> , or the islands aforesaid , with a clean bill of health , from any port or place whatever , except from any part of <font> Turkey <$$font> , or from any port or place in <font> Africa <$$font> , within the streights of <font> Gibraltar <$$font> , or in the <font> West Barbary <$$font> on the <P_45,559> <font> Atlantic <$$font> ocean , in ballast , or whose cargo 0 *T*-5 shall consist wholly of salt";"ship";"ship";"";"1";"n/a";"l2";"statutes-1805";"LAW";"c";"c";"G";"scip";"Strong";"A-Stem";"N";"l2";"j_l2";"c_lmod"
"salt:/ppcmbe2/statutes-1805-1#sTok9113";"any";"any";"nor any ship or vessel which 0 *T*-6 shall , together with its cargo , have duly performed quarantine in the lazarets of <font> Malta <$$font> , <font> Ancona <$$font> , <font> Venice <$$font> , <font> Messina <$$font> , <font> Leghorn <$$font> , or one of them , and *T*-6 shall sail from thence , and arrive at any port or place in <font> Great Britain <$$font> , or the islands aforesaid , with proper documents and vouchers attesting the same , to the satisfation of his Majesty , his heirs or successors , or of his or their privy council";"ship";"ship";"";"1";"n/a";"l2";"statutes-1805";"LAW";"c";"c";"G";"scip";"Strong";"A-Stem";"N";"l2";"j_l2";"c_lmod"
"salt:/ppcmbe2/statutes-1805-1#sTok9590";"no";"no";"no ship or vessel upon which 0 *T*-3 the tonnage-duty by this act imposed shall be due and payable shall be permitted *-2 to be cleared inwards in any port of <font> Great Britain <$$font> , or the islands of <font> Guernsey <$$font> , <font> Jersey <$$font> , <font> Alderney <$$font> , <font> Sark <$$font> , or <font> Man <$$font> , unless 0 the said tonnage-duty shall have been first duly paid to the proper officers of the customs appointed to receive the same , or the commissioners of the customs shall otherwise direct";"ship";"ship";"";"1";"n/a";"l2";"statutes-1805";"LAW";"c";"c";"G";"scip";"Strong";"A-Stem";"N";"l2";"j_l2";"c_lmod"
"salt:/ppcmbe2/statutes-1805-1#sTok9690";"every";"every";"of every ship or vessel";"ship";"ship";"";"1";"n/a";"l2";"statutes-1805";"LAW";"c";"c";"G";"scip";"Strong";"A-Stem";"N";"l2";"j_l2";"c_lmod"
"salt:/ppcmbe2/statutes-1805-1#sTok9804";"any";"any";"of any ship or vessel , in respect of which 0 *T*-3 any of the duties imposed by this act shall have been paid";"ship";"ship";"";"1";"n/a";"l2";"statutes-1805";"LAW";"c";"c";"G";"scip";"Strong";"A-Stem";"N";"l2";"j_l2";"c_lmod"
"salt:/ppcmbe2/statutes-1805-1#sTok9850";"any";"any";"in any such ship or vessel";"ship";"ship";"";"1";"n/a";"l2";"statutes-1805";"LAW";"c";"c";"G";"scip";"Strong";"A-Stem";"N";"l2";"j_l2";"c_lmod"
"salt:/ppcmbe2/statutes-1805-1#sTok10504";"all";"all";"all ships and vessels , as well *ICH*-3 his Majesty's ships of war as all others , coming from or having touched at any place from whence 0 *T*-4 his Majesty , his heirs or successors , by and with the advice of his or their privy council , shall have adjudged and declared it probable that the plague or any other infectious disease or distemper , highly dangerous to the health of his Majesty's subjects , may be brought ; and all ships , vessels , and boats receiving any person , goods , wares , and merchandize , packets , packages , baggage , wearing apparel , books , letters , or any other articles whatever , from or out of any ships or vessels so coming from or having touched at such infected place as aforesaid , whether 0 such persons , goods , wares , and merchandize , packets , packages , baggage , wearing apparel , books , letters , or other articles , shall have come or been brought in such ships or vessels , or such persons shall have gone , or articles have been put on board the same , either before or after the arrival of such ships or vessls at any port or place in <font> Great Britain <$$font> , or the islands of <font> Guernsey <$$font> , <font> Jersey <$$font> , <font> Alderney <$$font> , <font> Sark <$$font> , or <font> Man <$$font> , and whether 0 such ships or vessels were or were not bound to any port or place in <font> Great Britain <$$font> or the islands aforesaid ; and all persons , goods , wares , and merchandize , packets , packages , baggage , wearing apparel , books , letters , or any other articles whatever , on board of any such ships or vessels so coming from or having touched at such infected place as aforesaid or on board of any such receiving ships , vessels , or boats as aforesaid";"ships";"ship";"1";"";"n/a";"l2";"statutes-1805";"LAW";"c";"c";"G";"scip";"Strong";"A-Stem";"N";"l2";"j_l2";"c_lmod"
"salt:/ppcmbe2/statutes-1805-1#sTok10586";"all";"all";"and all ships , vessels , and boats receiving any person , goods , wares , and merchandize , packets , packages , baggage , wearing apparel , books , letters , or any other articles whatever , from or out of any ships or vessels so coming from or having touched at such infected place as aforesaid , whether 0 such persons , goods , wares , and merchandize , packets , packages , baggage , wearing apparel , books , letters , or other articles , shall have come or been brought in such ships or vessels , or such persons shall have gone , or articles have been put on board the same , either before or after the arrival of such ships or vessls at any port or place in <font> Great Britain <$$font> , or the islands of <font> Guernsey <$$font> , <font> Jersey <$$font> , <font> Alderney <$$font> , <font> Sark <$$font> , or <font> Man <$$font> , and whether 0 such ships or vessels were or were not bound to any port or place in <font> Great Britain <$$font> or the islands aforesaid";"ships";"ship";"1";"";"n/a";"l2";"statutes-1805";"LAW";"c";"c";"G";"scip";"Strong";"A-Stem";"N";"l2";"j_l2";"c_lmod"
"salt:/ppcmbe2/statutes-1805-1#sTok10627";"any";"any";"from or out of any ships or vessels so coming from or having touched at such infected place as aforesaid";"ships";"ship";"1";"";"n/a";"l2";"statutes-1805";"LAW";"c";"c";"G";"scip";"Strong";"A-Stem";"N";"l2";"j_l2";"c_lmod"
"salt:/ppcmbe2/statutes-1805-1#sTok10809";"any";"any";"of any such ships or vessels so coming from or having touched at such infected place as aforesaid";"ships";"ship";"1";"";"n/a";"l2";"statutes-1805";"LAW";"c";"c";"G";"scip";"Strong";"A-Stem";"N";"l2";"j_l2";"c_lmod"
"salt:/ppcmbe2/statutes-1805-1#sTok10830";"any";"any";"of any such receiving ships , vessels , or boats as aforesaid";"ships";"ship";"1";"";"n/a";"l2";"statutes-1805";"LAW";"c";"c";"G";"scip";"Strong";"A-Stem";"N";"l2";"j_l2";"c_lmod"
"salt:/ppcmbe2/statutes-1805-1#sTok10958";"all";"all";"all such ships , vessels , and boats as aforeaid , and all persons , <paren> as well *ICH*-1 pilots as others <$$paren> , goods , wares , and merchandize , and other articles as aforesaid , whether coming or brought in such ships , vessels , or boats , from such infected place as aforesaid , or going , or being put on board the same , either before or after the arrival of such ships , vessels , or boats , at any port or place in <font> Great Britain <$$font> , or the islands aforesaid ; and all persons , goods , wares , and merchandize , and other articles as aforesaid , on board any such receiving ship , vessel , or boat as aforesaid";"ships";"ship";"1";"";"n/a";"l2";"statutes-1805";"LAW";"c";"c";"G";"scip";"Strong";"A-Stem";"N";"l2";"j_l2";"c_lmod"
"salt:/ppcmbe2/statutes-1805-1#sTok11076";"any";"any";"board any such receiving ship , vessel , or boat";"ship";"ship";"";"1";"n/a";"l2";"statutes-1805";"LAW";"c";"c";"G";"scip";"Strong";"A-Stem";"N";"l2";"j_l2";"c_lmod"
"salt:/ppcmbe2/statutes-1805-1#sTok11270";"any";"any";"board any other ship , vessel , or boat";"ship";"ship";"";"1";"n/a";"l2";"statutes-1805";"LAW";"c";"c";"G";"scip";"Strong";"A-Stem";"N";"l2";"j_l2";"c_lmod"
"salt:/ppcmbe2/statutes-1805-1#sTok11374";"all";"all";"all such ships , vessels , and boats , whether coming from such infected place as aforesaid , or being otherwise liable to quarantine as aforesaid , and all persons , <paren> as well *ICH*-1 pilots as others <$$paren> , goods , wares , and merchandize , and other articles as aforesaid , whether coming or brought in such ships , vessels , or boats , or going or being put on board the same , either before or after the arrival of such ships , vessels , or boats , at any port or place in <font> Great Britain <$$font> or the islands aforesaid , although 0 such ships , vessels , or boats shall not be bound to any port or place in <font> Great Britain <$$font> , or the islands aforesaid , and all commanders , masters , or other persons having the charge or command of any such ships , vessels , or boats , whether coming from any infected place , or being otherwise liable to quarantine , as aforesaid";"ships";"ship";"1";"";"n/a";"l2";"statutes-1805";"LAW";"c";"c";"G";"scip";"Strong";"A-Stem";"N";"l2";"j_l2";"c_lmod"
"salt:/ppcmbe2/statutes-1805-1#sTok11524";"any";"any";"of any such ships , vessels , or boats , whether coming from any infected place , or being otherwise liable to quarantine , as aforesaid";"ships";"ship";"1";"";"n/a";"l2";"statutes-1805";"LAW";"c";"c";"G";"scip";"Strong";"A-Stem";"N";"l2";"j_l2";"c_lmod"
"salt:/ppcmbe2/statutes-1835-1#sTok269";"all";"all";"of all Matters Criminal and Civil";"Matters";"matter";"1";"";"n/a";"l3";"statutes-1835";"LAW";"c";"s";"R";"";"";"";"";"l3";"k_l3";"c_lmod"
"salt:/ppcmbe2/statutes-1835-1#sTok1083";"all";"all";"to do and perform $, {TEXT:.} and suffer to be done and performed , all such Matters and Things as 0 0 *T*-9 may be necessary for carrying into effect and executing such Sentence";"Matters";"matter";"1";"";"n/a";"l3";"statutes-1835";"LAW";"c";"s";"R";"";"";"";"";"l3";"k_l3";"c_lmod"
"salt:/ppcmbe2/statutes-1835-1#sTok6305";"any";"any";"and any Man having been enrolled to serve in the Militia at the Time of offering to enlist 0 $that {TEXT:missing_\"that\"_in_text} *T*-1 shall deny that he is a Militia Man then actually enrolled and engaged to serve , or *T*-1 shall deny to the Justice before whom 0 *T*-2 he shall be attested that he belongs to the Militia , shall , on Conviction thereof before any One Justice in the United Kingdom , either upon Oath of One Witness or upon his own Confession , or upon the Production of the Attestation , and the before-mentioned Declaration of such Person , certified by the Secretary at War or Deputy Secretary at War , be committed to the Common Gaol or House of Correction , there to remain without Bail or Mainprize <P_75,11> for and during any Time not exceeding Six Calendar Months , over and above any Penalty or Punishment to which 0 such Person so offending may be otherwise liable *T*-3 ,";"Man";"man";"";"1";"n/a";"l3";"statutes-1835";"LAW";"c";"c";"G";"mann";"Weak";"Consonant-Stem";"M/N";"l3";"k_l3";"c_lmod"
"salt:/ppcmbe2/statutes-1835-1#sTok6953";"any";"any";"in any Manner";"Manner";"manner";"";"1";"n/a";"l3";"statutes-1835";"LAW";"u";"a";"R";"";"";"";"";"l3";"k_l3";"c_lmod"
"salt:/ppcmbe2/statutes-1835-1#sTok7387";"any";"any";"in any House";"House";"house";"";"1";"n/a";"l3";"statutes-1835";"LAW";"c";"c";"G";"hus";"Strong";"A-Stem";"N";"l3";"k_l3";"c_lmod"
"salt:/ppcmbe2/statutes-1835-1#sTok7502";"any";"any";"in any such Houses";"Houses";"house";"1";"";"n/a";"l3";"statutes-1835";"LAW";"c";"c";"G";"hus";"Strong";"A-Stem";"N";"l3";"k_l3";"c_lmod"
"salt:/ppcmbe2/statutes-1835-1#sTok7723";"each";"each";"for each Horse";"Horse";"horse";"";"1";"n/a";"l3";"statutes-1835";"LAW";"c";"c";"G";"hors";"Strong";"A-Stem";"N";"l3";"k_l3";"c_lmod"
"salt:/ppcmbe2/statutes-1835-1#sTok7766";"each";"each";"for each Horse";"Horse";"horse";"";"1";"n/a";"l3";"statutes-1835";"LAW";"c";"c";"G";"hors";"Strong";"A-Stem";"N";"l3";"k_l3";"c_lmod"
"salt:/ppcmbe2/statutes-1835-1#sTok8811";"all";"all";"against all Enemies";"Enemies";"enemy";"1";"";"n/a";"l3";"statutes-1835";"LAW";"c";"c";"R";"";"";"";"";"l3";"k_l3";"c_lmod"
"salt:/ppcmbe2/statutes-1865-1#sTok2705";"any";"any";"respecting any Matter regulated by any of the foregoing Provisions of this Act";"Matter";"matter";"";"1";"n/a";"l4";"statutes-1865";"LAW";"c";"s";"R";"";"";"";"";"l4";"l_l4";"c_lmod"
"salt:/ppcmbe2/statutes-1865-1#sTok3413";"every";"every";"17 . Until 0 the Parliament of the <font> Cape of Good Hope <$$font> otherwise provides , there shall , from and after the Incorporation , be payable every Year to Her Majesty , out of the Revenue accruing within <font> British Kaffraria <$$font> after the Incorporation , the Sum of Eighteen thousand two hundred and twenty-five Pounds , for defraying the <P_105,7> Expenses of the several Services described in the Schedule to this Act ;";"Year";"year";"";"1";"n/a";"l4";"statutes-1865";"LAW";"c";"a";"G";"gear";"Strong";"A-Stem";"N";"l4";"l_l4";"c_lmod"
"salt:/ppcmbe2/statutes-1865-1#sTok5415";"any";"any";"in any Matter , whether Civil or Criminal";"Matter";"matter";"";"1";"n/a";"l4";"statutes-1865";"LAW";"c";"s";"R";"";"";"";"";"l4";"l_l4";"c_lmod"
"salt:/ppcmbe2/statutes-1865-1#sTok5599";"any";"any";"any Person making such solemn Affirmation or Declaration shall wilfully , falsely , and corruptly affirm or declare any Matter or thing which , 0 *T*-1 if 0 the same had been sworn in the usual Form , would have amounted to wilful and corrupt Perjury";"Matter";"matter";"";"1";"n/a";"l4";"statutes-1865";"LAW";"c";"s";"R";"";"";"";"";"l4";"l_l4";"c_lmod"
"salt:/ppcmbe2/statutes-1865-1#sTok6007";"no";"no";"no Man can be forejudged of Life or Limb";"Man";"man";"";"1";"n/a";"l4";"statutes-1865";"LAW";"c";"c";"G";"mann";"Weak";"Consonant-Stem";"M/N";"l4";"l_l4";"c_lmod"
"salt:/ppcmbe2/statutes-1865-1#sTok6038";"any";"any";"in any other Manner than by Judgment of his Peers , and according to the known and established Laws of this Realm";"Manner";"manner";"";"1";"n/a";"l4";"statutes-1865";"LAW";"u";"a";"R";"";"";"";"";"l4";"l_l4";"c_lmod"
"salt:/ppcmbe2/statutes-1865-1#sTok7121";"any";"any";"in any Matter relating to any Proceeding before the same";"Matter";"matter";"";"1";"n/a";"l4";"statutes-1865";"LAW";"c";"s";"R";"";"";"";"";"l4";"l_l4";"c_lmod"
"salt:/ppcmbe2/statutes-1865-1#sTok9952";"any";"any";"any Man while belonging to a Militia Regiment shall enlist in and be attested for Her Majesty's Army";"Man";"man";"";"1";"n/a";"l4";"statutes-1865";"LAW";"c";"c";"G";"mann";"Weak";"Consonant-Stem";"M/N";"l4";"l_l4";"c_lmod"
"salt:/ppcmbe2/statutes-1895-1#sTok1067";"any";"any";"*T*-1 cultivates for his own use any land under a contract made by him with the occupier of the land for the purpose of growing potatoes , seed potatoes not exceeding six hundredweight";"land";"land";"";"1";"n/a";"l4";"statutes-1895";"LAW";"u";"a";"G";"land";"Strong";"A-Stem";"N";"l4";"l_l4";"c_lmod"
"salt:/ppcmbe2/statutes-1895-1#sTok1208";"all";"all";"of all seed which 0 *T*-1 is paid for *-1 in cash";"seed";"seed";"";"1";"n/a";"l4";"statutes-1895";"LAW";"c";"s";"G";"seed";"Strong";"A-Stem";"N";"l4";"l_l4";"c_lmod"
"salt:/ppcmbe2/statutes-1895-1#sTok1310";"any";"any";"of any seed sold";"seed";"seed";"";"1";"n/a";"l4";"statutes-1895";"LAW";"c";"s";"G";"seed";"Strong";"A-Stem";"N";"l4";"l_l4";"c_lmod"
"salt:/ppcmbe2/statutes-1895-1#sTok1735";"any";"any";"to any day not later than the first day of August one thousand eight hundred and ninety-nine";"day";"day";"";"1";"n/a";"l4";"statutes-1895";"LAW";"c";"a";"G";"dæg";"Strong";"A-Stem";"M";"l4";"l_l4";"c_lmod"
"salt:/ppcmbe2/statutes-1895-1#sTok1969";"any";"any";"into and examine any land occupied or tilled by a purchaser of seed *ICH*-2 under this Act from such Guardians";"land";"land";"";"1";"n/a";"l4";"statutes-1895";"LAW";"u";"a";"G";"land";"Strong";"A-Stem";"N";"l4";"l_l4";"c_lmod"
"salt:/ppcmbe2/statutes-1895-1#sTok2094";"any";"any";"to any land which 0 such Guardian or person is entitled *T*-1 to enter or examine";"land";"land";"";"1";"n/a";"l4";"statutes-1895";"LAW";"u";"a";"G";"land";"Strong";"A-Stem";"N";"l4";"l_l4";"c_lmod"
"salt:/ppcmbe2/statutes-1895-1#sTok2844";"any";"any";"in any manner";"manner";"manner";"";"1";"n/a";"l4";"statutes-1895";"LAW";"u";"a";"R";"";"";"";"";"l4";"l_l4";"c_lmod"
"salt:/ppcmbe2/statutes-1895-1#sTok2952";"any";"any";"*T*-1 any land occupied <P_32,6> is not separately valued under those Acts";"land";"land";"";"1";"n/a";"l4";"statutes-1895";"LAW";"u";"a";"G";"land";"Strong";"A-Stem";"N";"l4";"l_l4";"c_lmod"
"salt:/ppcmbe2/statutes-1895-1#sTok3704";"any";"any";"in any manner in which 0 *T*-2 such fund is available";"manner";"manner";"";"1";"n/a";"l4";"statutes-1895";"LAW";"u";"a";"R";"";"";"";"";"l4";"l_l4";"c_lmod"
"salt:/ppcmbe2/statutes-1895-1#sTok4515";"no";"no";"no man can be forejudged of life or limb";"man";"man";"";"1";"n/a";"l4";"statutes-1895";"LAW";"c";"c";"G";"mann";"Weak";"Consonant-Stem";"M/N";"l4";"l_l4";"c_lmod"
"salt:/ppcmbe2/statutes-1895-1#sTok4546";"any";"any";"in any other manner than by the judgment of his peers and according to the known and established laws of this realm";"manner";"manner";"";"1";"n/a";"l4";"statutes-1895";"LAW";"u";"a";"R";"";"";"";"";"l4";"l_l4";"c_lmod"
"salt:/ppcmbe2/statutes-1895-1#sTok5729";"any";"any";"of any work of maintenance";"work";"work";"";"1";"n/a";"l4";"statutes-1895";"LAW";"u";"a";"G";"weorc";"Strong";"A-Stem";"N";"l4";"l_l4";"c_lmod"
"salt:/ppcmbe2/statutes-1895-1#sTok7679";"any";"any";"in any manner";"manner";"manner";"";"1";"n/a";"l4";"statutes-1895";"LAW";"u";"a";"R";"";"";"";"";"l4";"l_l4";"c_lmod"
"salt:/ppcmbe2/statutes-1895-1#sTok8708";"any";"any";"in any manner in which 0 *T*-2 such fund is available";"manner";"manner";"";"1";"n/a";"l4";"statutes-1895";"LAW";"u";"a";"R";"";"";"";"";"l4";"l_l4";"c_lmod"
"salt:/ppcmbe2/stevens-1745-1#sTok263";"all";"all";"with all my Heart";"Heart";"heart";"";"1";"Stevens, John";"l1";"stevens-1745";"DRAMA COMEDY";"c";"c";"G";"heorte";"Weak";"N-Stem";"F";"l1";"i_l1";"c_lmod"
"salt:/ppcmbe2/stevens-1745-1#sTok1748";"any";"any";"you had any Grace in you";"Grace";"grace";"";"1";"Stevens, John";"l1";"stevens-1745";"DRAMA COMEDY";"u";"a";"R";"";"";"";"";"l1";"i_l1";"c_lmod"
"salt:/ppcmbe2/stevens-1745-1#sTok2803";"all";"all";"with all my Heart";"Heart";"heart";"";"1";"Stevens, John";"l1";"stevens-1745";"DRAMA COMEDY";"c";"c";"G";"heorte";"Weak";"N-Stem";"F";"l1";"i_l1";"c_lmod"
"salt:/ppcmbe2/stevens-1745-1#sTok2866";"any";"any";"as any Man 0 0 *T*-1 I know";"Man";"man";"";"1";"Stevens, John";"l1";"stevens-1745";"DRAMA COMEDY";"c";"c";"G";"mann";"Weak";"Consonant-Stem";"M/N";"l1";"i_l1";"c_lmod"
"salt:/ppcmbe2/stevens-1745-1#sTok2890";"all";"all";"with all my Heart";"Heart";"heart";"";"1";"Stevens, John";"l1";"stevens-1745";"DRAMA COMEDY";"c";"c";"G";"heorte";"Weak";"N-Stem";"F";"l1";"i_l1";"c_lmod"
"salt:/ppcmbe2/stevens-1745-1#sTok4791";"all";"all";"<font> Jul. <$$font> Her Ladyship put on all the Wife ;";"Wife";"wife";"";"1";"Stevens, John";"l1";"stevens-1745";"DRAMA COMEDY";"c";"c";"G";"wif";"Strong";"A-Stem";"N";"l1";"i_l1";"c_lmod"
"salt:/ppcmbe2/stevens-1745-1#sTok6551";"no";"no";"seeing no Man with us at the Play";"Man";"man";"";"1";"Stevens, John";"l1";"stevens-1745";"DRAMA COMEDY";"c";"c";"G";"mann";"Weak";"Consonant-Stem";"M/N";"l1";"i_l1";"c_lmod"
"salt:/ppcmbe2/stevens-1745-1#sTok7692";"all";"all";"- and if 0 he does * , - Farewel all happy Day . <bracket> <font> Aside . <$$font>";"Day";"day";"";"1";"Stevens, John";"l1";"stevens-1745";"DRAMA COMEDY";"c";"a";"G";"dæg";"Strong";"A-Stem";"M";"l1";"i_l1";"c_lmod"
"salt:/ppcmbe2/stevens-1745-1#sTok8922";"any";"any";"he has any Grace";"Grace";"grace";"";"1";"Stevens, John";"l1";"stevens-1745";"DRAMA COMEDY";"u";"a";"R";"";"";"";"";"l1";"i_l1";"c_lmod"
"salt:/ppcmbe2/stevens-1745-1#sTok13775";"all";"all";"With all my Heart";"Heart";"heart";"";"1";"Stevens, John";"l1";"stevens-1745";"DRAMA COMEDY";"c";"c";"G";"heorte";"Weak";"N-Stem";"F";"l1";"i_l1";"c_lmod"
"salt:/ppcmbe2/stevens-1745-1#sTok15588";"all";"all";"of all their Honey";"Honey";"honey";"";"1";"Stevens, John";"l1";"stevens-1745";"DRAMA COMEDY";"u";"s";"G";"hunig";"Strong";"A-Stem";"N";"l1";"i_l1";"c_lmod"
"salt:/ppcmbe2/stokes-1887-2#sTok3696";"no";"no";"For it appears to be a rule that the stimulation of a given nerve produces a given sensation , no matter to what part of the nerve 0 *T*-2 the stimulus be applied .";"matter";"matter";"";"1";"Stokes, George Gabriel";"l4";"stokes-1887";"SCIENCE OTHER";"c";"s";"R";"";"";"";"";"l4";"l_l4";"c_lmod"
"salt:/ppcmbe2/stokes-1887-2#sTok4070";"both";"both";"with both eyes";"eyes";"eye";"1";"";"Stokes, George Gabriel";"l4";"stokes-1887";"SCIENCE OTHER";"c";"c";"G";"eage";"Strong";"A-Stem";"M";"l4";"l_l4";"c_lmod"
"salt:/ppcmbe2/stokes-1887-2#sTok4353";"some";"some";"in some manner which 0 *T*-1 seems likely always to remain a <P_304> mystery";"manner";"manner";"";"1";"Stokes, George Gabriel";"l4";"stokes-1887";"SCIENCE OTHER";"u";"a";"R";"";"";"";"";"l4";"l_l4";"c_lmod"
"salt:/ppcmbe2/stokes-1887-2#sTok4630";"no";"no";"there is no substance *ICH*-2 in the neighbourhood , at least in the case of the human eye , capable of exercising so intense an absorption as the black pigment";"substance";"substance";"";"1";"Stokes, George Gabriel";"l4";"stokes-1887";"SCIENCE OTHER";"c";"s";"R";"";"";"";"";"l4";"l_l4";"c_lmod"
"salt:/ppcmbe2/stokes-1887-2#sTok8183";"both";"both";"we use both eyes together";"eyes";"eye";"1";"";"Stokes, George Gabriel";"l4";"stokes-1887";"SCIENCE OTHER";"c";"c";"G";"eage";"Strong";"A-Stem";"M";"l4";"l_l4";"c_lmod"
"salt:/ppcmbe2/stokes-1887-2#sTok9113";"either";"either";"of either eye";"eye";"eye";"";"1";"Stokes, George Gabriel";"l4";"stokes-1887";"SCIENCE OTHER";"c";"c";"G";"eage";"Strong";"A-Stem";"M";"l4";"l_l4";"c_lmod"
"salt:/ppcmbe2/stokes-1887-2#sTok9130";"no";"no";"the stimulation of a given point of the retina of either eye by the image of a point falling upon it , produces a given sensation <P_320> no matter how 0 *T*-2 the eye-ball {COM:sic} be turned in its socket";"matter";"matter";"";"1";"Stokes, George Gabriel";"l4";"stokes-1887";"SCIENCE OTHER";"c";"s";"R";"";"";"";"";"l4";"l_l4";"c_lmod"
"salt:/ppcmbe2/stokes-1887-2#sTok9164";"both";"both";"using both our eyes";"eyes";"eye";"1";"";"Stokes, George Gabriel";"l4";"stokes-1887";"SCIENCE OTHER";"c";"c";"G";"eage";"Strong";"A-Stem";"M";"l4";"l_l4";"c_lmod"
"salt:/ppcmbe2/stokes-1887-2#sTok9770";"each";"each";"under each eye";"eye";"eye";"";"1";"Stokes, George Gabriel";"l4";"stokes-1887";"SCIENCE OTHER";"c";"c";"G";"eage";"Strong";"A-Stem";"M";"l4";"l_l4";"c_lmod"
"salt:/ppcmbe2/strutt-1890-1#sTok2024";"Some";"some";"Some years ago";"years";"year";"1";"";"Strutt, John William, 3rd baron Rayleigh";"l4";"strutt-1890";"SCIENCE OTHER";"c";"a";"G";"gear";"Strong";"A-Stem";"N";"l4";"l_l4";"c_lmod"
"salt:/ppcmbe2/strutt-1890-1#sTok6495";"many";"many";"many years ago";"years";"year";"1";"";"Strutt, John William, 3rd baron Rayleigh";"l4";"strutt-1890";"SCIENCE OTHER";"c";"a";"G";"gear";"Strong";"A-Stem";"N";"l4";"l_l4";"c_lmod"
"salt:/ppcmbe2/strutt-1890-1#sTok6768";"some";"some";"I have here some water containing a very small fraction of ether , about 1$$240th part .";"water";"water";"";"1";"Strutt, John William, 3rd baron Rayleigh";"l4";"strutt-1890";"SCIENCE OTHER";"u";"s";"G";"wæter";"Strong";"A-Stem";"N";"l4";"l_l4";"c_lmod"
"salt:/ppcmbe2/strutt-1890-1#sTok7170";"some";"some";"or some analogous substance";"substance";"substance";"";"1";"Strutt, John William, 3rd baron Rayleigh";"l4";"strutt-1890";"SCIENCE OTHER";"c";"s";"R";"";"";"";"";"l4";"l_l4";"c_lmod"
"salt:/ppcmbe2/strutt-1890-1#sTok8340";"many";"many";"In many books";"books";"book";"1";"";"Strutt, John William, 3rd baron Rayleigh";"l4";"strutt-1890";"SCIENCE OTHER";"c";"c";"G";"boc";"Weak";"Consonant-Stem";"F";"l4";"l_l4";"c_lmod"
"salt:/ppcmbe2/strutt-1890-1#sTok9244";"half";"half";"to half a year";"year";"year";"";"1";"Strutt, John William, 3rd baron Rayleigh";"l4";"strutt-1890";"SCIENCE OTHER";"c";"a";"G";"gear";"Strong";"A-Stem";"N";"l4";"l_l4";"c_lmod"
"salt:/ppcmbe2/strutt-1890-1#sTok9981";"some";"some";"some years ago";"years";"year";"1";"";"Strutt, John William, 3rd baron Rayleigh";"l4";"strutt-1890";"SCIENCE OTHER";"c";"a";"G";"gear";"Strong";"A-Stem";"N";"l4";"l_l4";"c_lmod"
"salt:/ppcmbe2/sturt-1890-2#sTok1284";"all";"all";"through all these years";"years";"year";"1";"";"Sturt, George";"l4";"sturt-189x";"DIARY PRIV";"c";"a";"G";"gear";"Strong";"A-Stem";"N";"l4";"l_l4";"c_lmod"
"salt:/ppcmbe2/sturt-1890-2#sTok3972";"all";"all";"being about all day";"day";"day";"";"1";"Sturt, George";"l4";"sturt-189x";"DIARY PRIV";"c";"a";"G";"dæg";"Strong";"A-Stem";"M";"l4";"l_l4";"c_lmod"
"salt:/ppcmbe2/sturt-1890-2#sTok4871";"each";"each";"an hour later each night";"night";"night";"";"1";"Sturt, George";"l4";"sturt-189x";"DIARY PRIV";"c";"a";"G";"niht";"Strong";"A-Stem";"N";"l4";"l_l4";"c_lmod"
"salt:/ppcmbe2/sturt-1890-2#sTok5445";"No";"no";"No book suits ,";"book";"book";"";"1";"Sturt, George";"l4";"sturt-189x";"DIARY PRIV";"c";"c";"G";"boc";"Weak";"Consonant-Stem";"F";"l4";"l_l4";"c_lmod"
"salt:/ppcmbe2/sturt-1890-2#sTok7807";"few";"few";"But there has been an effort and tension this last few days .";"days";"day";"1";"";"Sturt, George";"l4";"sturt-189x";"DIARY PRIV";"c";"a";"G";"dæg";"Strong";"A-Stem";"M";"l4";"l_l4";"c_lmod"
"salt:/ppcmbe2/sturt-1890-2#sTok8732";"all";"all";"*T*-2 has not ceased all day , save in the bright sunshine";"day";"day";"";"1";"Sturt, George";"l4";"sturt-189x";"DIARY PRIV";"c";"a";"G";"dæg";"Strong";"A-Stem";"M";"l4";"l_l4";"c_lmod"
"salt:/ppcmbe2/sturt-1890-2#sTok8945";"any";"any";"this brutality of ' sport ' holds in it any seeds of humanity , 0 *T*-1 to grow up and *T*-1 * choke it";"seeds";"seed";"1";"";"Sturt, George";"l4";"sturt-189x";"DIARY PRIV";"c";"s";"G";"seed";"Strong";"A-Stem";"N";"l4";"l_l4";"c_lmod"
"salt:/ppcmbe2/sturt-1890-2#sTok8966";"every";"every";"It $is $n't {TEXT:isn't} every stone 0 0 *T*-1 hits the bird aimed at * ,";"stone";"stone";"";"1";"Sturt, George";"l4";"sturt-189x";"DIARY PRIV";"u";"c";"G";"stan";"Strong";"A-Stem";"M";"l4";"l_l4";"c_lmod"
"salt:/ppcmbe2/sturt-1890-2#sTok10359";"all";"all";"entirely with all books , pictures , music and the rest of it";"books";"book";"1";"";"Sturt, George";"l4";"sturt-189x";"DIARY PRIV";"c";"c";"G";"boc";"Weak";"Consonant-Stem";"F";"l4";"l_l4";"c_lmod"
"salt:/ppcmbe2/sturt-1890-2#sTok10925";"all";"all";"all day Sunday";"day";"day";"";"1";"Sturt, George";"l4";"sturt-189x";"DIARY PRIV";"c";"a";"G";"dæg";"Strong";"A-Stem";"M";"l4";"l_l4";"c_lmod"
"salt:/ppcmbe2/sturt-1890-2#sTok11514";"any";"any";"of any idle man";"man";"man";"";"1";"Sturt, George";"l4";"sturt-189x";"DIARY PRIV";"c";"c";"G";"mann";"Weak";"Consonant-Stem";"M/N";"l4";"l_l4";"c_lmod"
"salt:/ppcmbe2/sturt-1914-2#sTok2403";"Several";"several";"Several days ago";"days";"day";"1";"";"Sturt, George";"l4";"sturt-1914";"DIARY PRIV";"c";"a";"G";"dæg";"Strong";"A-Stem";"M";"l4";"l_l4";"c_lmod"
"salt:/ppcmbe2/sturt-1914-2#sTok2499";"some";"some";"some days ago";"days";"day";"1";"";"Sturt, George";"l4";"sturt-1914";"DIARY PRIV";"c";"a";"G";"dæg";"Strong";"A-Stem";"M";"l4";"l_l4";"c_lmod"
"salt:/ppcmbe2/sturt-1914-2#sTok3804";"all";"all";"Without definite thought , one brooded all day over this calamity .";"day";"day";"";"1";"Sturt, George";"l4";"sturt-1914";"DIARY PRIV";"c";"a";"G";"dæg";"Strong";"A-Stem";"M";"l4";"l_l4";"c_lmod"
"salt:/ppcmbe2/sturt-1914-2#sTok4259";"half";"half";"than half the horses";"horses";"horse";"1";"";"Sturt, George";"l4";"sturt-1914";"DIARY PRIV";"c";"c";"G";"hors";"Strong";"A-Stem";"N";"l4";"l_l4";"c_lmod"
"salt:/ppcmbe2/sturt-1914-2#sTok5168";"many";"many";"*T*-3 has been dominating the Prussian ruling classes , these many years";"years";"year";"1";"";"Sturt, George";"l4";"sturt-1914";"DIARY PRIV";"c";"a";"G";"gear";"Strong";"A-Stem";"N";"l4";"l_l4";"c_lmod"
"salt:/ppcmbe2/sturt-1914-2#sTok5558";"little";"little";"I for one having little heart for it";"heart";"heart";"";"1";"Sturt, George";"l4";"sturt-1914";"DIARY PRIV";"c";"c";"G";"heorte";"Weak";"N-Stem";"F";"l4";"l_l4";"c_lmod"
"salt:/ppcmbe2/sturt-1914-2#sTok7156";"few";"few";"coughing , this last few days";"days";"day";"1";"";"Sturt, George";"l4";"sturt-1914";"DIARY PRIV";"c";"a";"G";"dæg";"Strong";"A-Stem";"M";"l4";"l_l4";"c_lmod"
"salt:/ppcmbe2/sturt-1914-2#sTok8890";"Each";"each";"Each man is there , and <font> knows it <$$font> , not chiefly or at all for himself , but for his comrades , and for the Nation left at home ...";"man";"man";"";"1";"Sturt, George";"l4";"sturt-1914";"DIARY PRIV";"c";"c";"G";"mann";"Weak";"Consonant-Stem";"M/N";"l4";"l_l4";"c_lmod"
"salt:/ppcmbe2/sturt-1914-2#sTok9950";"all";"all";"of all the old country crafts";"country";"country";"";"1";"Sturt, George";"l4";"sturt-1914";"DIARY PRIV";"c";"c";"R";"";"";"";"";"l4";"l_l4";"c_lmod"
"salt:/ppcmbe2/sturt-1914-2#sTok9950";"all";"all";"of all the old country crafts";"crafts";"craft";"1";"";"Sturt, George";"l4";"sturt-1914";"DIARY PRIV";"c";"a";"G";"cræft";"Strong";"A-Stem";"M";"l4";"l_l4";"c_lmod"
"salt:/ppcmbe2/sturt-1914-2#sTok12738";"few";"few";"for the few years of one's life";"years";"year";"1";"";"Sturt, George";"l4";"sturt-1914";"DIARY PRIV";"c";"a";"G";"gear";"Strong";"A-Stem";"N";"l4";"l_l4";"c_lmod"
"salt:/ppcmbe2/sturt-1914-2#sTok12970";"no";"no";"We have no regular ' man ' now in the garden -";"man";"man";"";"1";"Sturt, George";"l4";"sturt-1914";"DIARY PRIV";"c";"c";"G";"mann";"Weak";"Consonant-Stem";"M/N";"l4";"l_l4";"c_lmod"
"salt:/ppcmbe2/swift-1726-2#sTok812";"either";"either";"of either Ship";"Ship";"ship";"";"1";"Swift, Jonathan";"l1";"swift-1726";"FICTION";"c";"c";"G";"scip";"Strong";"A-Stem";"N";"l1";"i_l1";"c_lmod"
"salt:/ppcmbe2/swift-1726-2#sTok1223";"no";"no";"*con* would permit no Man to search me";"Man";"man";"";"1";"Swift, Jonathan";"l1";"swift-1726";"FICTION";"c";"c";"G";"mann";"Weak";"Consonant-Stem";"M/N";"l1";"i_l1";"c_lmod"
"salt:/ppcmbe2/swift-1726-2#sTok1705";"all";"all";"I lay all Night in the Cave where 0 *T*-1 I had lodged my Provisions .";"Night";"night";"";"1";"Swift, Jonathan";"l1";"swift-1726";"FICTION";"c";"a";"G";"niht";"Strong";"A-Stem";"N";"l1";"i_l1";"c_lmod"
"salt:/ppcmbe2/swift-1726-2#sTok4662";"some";"some";"some Days longer";"Days";"day";"1";"";"Swift, Jonathan";"l1";"swift-1726";"FICTION";"c";"a";"G";"dæg";"Strong";"A-Stem";"M";"l1";"i_l1";"c_lmod"
"salt:/ppcmbe2/swift-1726-2#sTok6461";"every";"every";"*T*-2 beat her every Day";"Day";"day";"";"1";"Swift, Jonathan";"l1";"swift-1726";"FICTION";"c";"a";"G";"dæg";"Strong";"A-Stem";"M";"l1";"i_l1";"c_lmod"
"salt:/ppcmbe2/swift-1726-2#sTok9573";"several";"several";"of the several Countries where 0 *T*-1 I had travelled";"Countries";"country";"1";"";"Swift, Jonathan";"l1";"swift-1726";"FICTION";"c";"c";"R";"";"";"";"";"l1";"i_l1";"c_lmod"
"salt:/ppcmbe2/swift-1726-2#sTok10283";"some";"some";"and *con* had been some Years Governor of <font> Lagado <$$font> ;";"Years";"year";"1";"";"Swift, Jonathan";"l1";"swift-1726";"FICTION";"c";"a";"G";"gear";"Strong";"A-Stem";"N";"l1";"i_l1";"c_lmod"
"salt:/ppcmbe2/swift-1726-2#sTok11212";"all";"all";"*T*-1 all the Fruits of the Earth shall come to Maturity at whatever Season 0 *T*-3 we think *T*-3 fit 0 *T*-4 to chuse";"Fruits";"fruit";"1";"";"Swift, Jonathan";"l1";"swift-1726";"FICTION";"c";"s";"R";"";"";"";"";"l1";"i_l1";"c_lmod"
"salt:/ppcmbe2/swift-1726-2#sTok11916";"several";"several";"of several Houses";"Houses";"house";"1";"";"Swift, Jonathan";"l1";"swift-1726";"FICTION";"c";"c";"G";"hus";"Strong";"A-Stem";"N";"l1";"i_l1";"c_lmod"
"salt:/ppcmbe2/swift-1726-2#sTok11953";"many";"many";"for many Days";"Days";"day";"1";"";"Swift, Jonathan";"l1";"swift-1726";"FICTION";"c";"a";"G";"dæg";"Strong";"A-Stem";"M";"l1";"i_l1";"c_lmod"
"salt:/ppcmbe2/swift-1735-2#sTok2013";"some";"some";"some skillfull man would take me into guardian-ship";"man";"man";"";"1";"Swift, Jonathan";"l1";"swift-1735";"LET PRIV";"c";"c";"G";"mann";"Weak";"Consonant-Stem";"M/N";"l1";"i_l1";"c_lmod"
"salt:/ppcmbe2/swift-1735-2#sTok3884";"every";"every";"my poor revenues are sinking every day";"day";"day";"";"1";"Swift, Jonathan";"l1";"swift-1735";"LET PRIV";"c";"a";"G";"dæg";"Strong";"A-Stem";"M";"l1";"i_l1";"c_lmod"
"salt:/ppcmbe2/swift-1735-2#sTok4863";"every";"every";"*T*-1 although not equal to yours , I drink a bottle to myself every day";"day";"day";"";"1";"Swift, Jonathan";"l1";"swift-1735";"LET PRIV";"c";"a";"G";"dæg";"Strong";"A-Stem";"M";"l1";"i_l1";"c_lmod"
"salt:/ppcmbe2/swift-1735-2#sTok5124";"any";"any";"any man *T*-1 so";"man";"man";"";"1";"Swift, Jonathan";"l1";"swift-1735";"LET PRIV";"c";"c";"G";"mann";"Weak";"Consonant-Stem";"M/N";"l1";"i_l1";"c_lmod"
"salt:/ppcmbe2/swift-1735-2#sTok6288";"all";"all";"of all honest men";"men";"man";"1";"";"Swift, Jonathan";"l1";"swift-1735";"LET PRIV";"c";"c";"G";"mann";"Weak";"Consonant-Stem";"M/N";"l1";"i_l1";"c_lmod"
"salt:/ppcmbe2/swift-1735-2#sTok6447";"some";"some";"some days ago";"days";"day";"1";"";"Swift, Jonathan";"l1";"swift-1735";"LET PRIV";"c";"a";"G";"dæg";"Strong";"A-Stem";"M";"l1";"i_l1";"c_lmod"
"salt:/ppcmbe2/swift-1735-2#sTok6885";"any";"any";"in any young man";"man";"man";"";"1";"Swift, Jonathan";"l1";"swift-1735";"LET PRIV";"c";"c";"G";"mann";"Weak";"Consonant-Stem";"M/N";"l1";"i_l1";"c_lmod"
"salt:/ppcmbe2/swift-1735-2#sTok7232";"many";"many";"many years since 0 I had the honour of being known to you";"years";"year";"1";"";"Swift, Jonathan";"l1";"swift-1735";"LET PRIV";"c";"a";"G";"gear";"Strong";"A-Stem";"N";"l1";"i_l1";"c_lmod"
"salt:/ppcmbe2/swift-1735-2#sTok8156";"some";"some";"some days ago";"days";"day";"1";"";"Swift, Jonathan";"l1";"swift-1735";"LET PRIV";"c";"a";"G";"dæg";"Strong";"A-Stem";"M";"l1";"i_l1";"c_lmod"
"salt:/ppcmbe2/swift-1735-2#sTok8330";"some";"some";"S=r= . Your Memorandum about borrowing for you from D=r= Helsham Galen's Notes on Hippocrates , hath layn some days before me upon my Table ,";"days";"day";"1";"";"Swift, Jonathan";"l1";"swift-1735";"LET PRIV";"c";"a";"G";"dæg";"Strong";"A-Stem";"M";"l1";"i_l1";"c_lmod"
"salt:/ppcmbe2/swift-1735-2#sTok8862";"any";"any";"to fix any day during this Vacation to dine at the Deanry";"day";"day";"";"1";"Swift, Jonathan";"l1";"swift-1735";"LET PRIV";"c";"a";"G";"dæg";"Strong";"A-Stem";"M";"l1";"i_l1";"c_lmod"
"salt:/ppcmbe2/swift-1735-2#sTok9083";"every";"every";"*T*-2 possesseth every virtue";"virtue";"virtue";"";"1";"Swift, Jonathan";"l1";"swift-1735";"LET PRIV";"u";"a";"R";"";"";"";"";"l1";"i_l1";"c_lmod"
"salt:/ppcmbe2/swift-1735-2#sTok9644";"all";"all";"like all Kings";"Kings";"king";"1";"";"Swift, Jonathan";"l1";"swift-1735";"LET PRIV";"c";"c";"G";"cyning";"Strong";"A-Stem";"M";"l1";"i_l1";"c_lmod"
"salt:/ppcmbe2/swift-1735-2#sTok10462";"some";"some";"some days before 0 You left us";"days";"day";"1";"";"Swift, Jonathan";"l1";"swift-1735";"LET PRIV";"c";"a";"G";"dæg";"Strong";"A-Stem";"M";"l1";"i_l1";"c_lmod"
"salt:/ppcmbe2/swift-1735-2#sTok11397";"some";"some";"for some years";"years";"year";"1";"";"Swift, Jonathan";"l1";"swift-1735";"LET PRIV";"c";"a";"G";"gear";"Strong";"A-Stem";"N";"l1";"i_l1";"c_lmod"
"salt:/ppcmbe2/swift-1735-2#sTok11650";"some";"some";"from some years";"years";"year";"1";"";"Swift, Jonathan";"l1";"swift-1735";"LET PRIV";"c";"a";"G";"gear";"Strong";"A-Stem";"N";"l1";"i_l1";"c_lmod"
"salt:/ppcmbe2/talbot-1901-1#sTok3084";"some";"some";"in some <P_98> manner";"manner";"manner";"";"1";"Talbot, Edward Stuart";"l4";"talbot-1901";"SERMON";"u";"a";"R";"";"";"";"";"l4";"l_l4";"c_lmod"
"salt:/ppcmbe2/talbot-1901-1#sTok4031";"any";"any";"by any man to whom 0 *T*-3 has been given faith in the living God , eternal and infinite , revealed as the Father of our Lord Jesus Christ , and who 0 *T*-4 has pondered on that faith";"man";"man";"";"1";"Talbot, Edward Stuart";"l4";"talbot-1901";"SERMON";"c";"c";"G";"mann";"Weak";"Consonant-Stem";"M/N";"l4";"l_l4";"c_lmod"
"salt:/ppcmbe2/talbot-1901-1#sTok4281";"all";"all";"all the day long";"day";"day";"";"1";"Talbot, Edward Stuart";"l4";"talbot-1901";"SERMON";"c";"a";"G";"dæg";"Strong";"A-Stem";"M";"l4";"l_l4";"c_lmod"
"salt:/ppcmbe2/talbot-1901-1#sTok5018";"all";"all";"and all the crafts";"crafts";"craft";"1";"";"Talbot, Edward Stuart";"l4";"talbot-1901";"SERMON";"c";"a";"G";"cræft";"Strong";"A-Stem";"M";"l4";"l_l4";"c_lmod"
"salt:/ppcmbe2/talbot-1901-1#sTok5408";"any";"any";"*T*-1 any man have not";"man";"man";"";"1";"Talbot, Edward Stuart";"l4";"talbot-1901";"SERMON";"c";"c";"G";"mann";"Weak";"Consonant-Stem";"M/N";"l4";"l_l4";"c_lmod"
"salt:/ppcmbe2/talbot-1901-1#sTok5691";"any";"any";"there be any virtue";"virtue";"virtue";"";"1";"Talbot, Edward Stuart";"l4";"talbot-1901";"SERMON";"u";"a";"R";"";"";"";"";"l4";"l_l4";"c_lmod"
"salt:/ppcmbe2/talbot-1901-1#sTok10549";"No";"no";"No man can serve two masters";"man";"man";"";"1";"Talbot, Edward Stuart";"l4";"talbot-1901";"SERMON";"c";"c";"G";"mann";"Weak";"Consonant-Stem";"M/N";"l4";"l_l4";"c_lmod"
"salt:/ppcmbe2/temple-1914-2#sTok1157";"some";"some";"with some great virtue";"virtue";"virtue";"";"1";"Temple, William";"l4";"temple-1914";"SERMON";"u";"a";"R";"";"";"";"";"l4";"l_l4";"c_lmod"
"salt:/ppcmbe2/temple-1914-2#sTok1273";"some";"some";"we must come out of our own circle some day";"day";"day";"";"1";"Temple, William";"l4";"temple-1914";"SERMON";"c";"a";"G";"dæg";"Strong";"A-Stem";"M";"l4";"l_l4";"c_lmod"
"salt:/ppcmbe2/temple-1914-2#sTok2620";"every";"every";"we <font> say <$$font> our prayers indeed every day";"day";"day";"";"1";"Temple, William";"l4";"temple-1914";"SERMON";"c";"a";"G";"dæg";"Strong";"A-Stem";"M";"l4";"l_l4";"c_lmod"
"salt:/ppcmbe2/temple-1914-2#sTok3938";"every";"every";"*T*-2 every year on the successive Sundays we went through the Creeds clause by clause , trying to see more clearly not only the meaning but the importance of each , and why 0 *T*-3 it matters";"year";"year";"";"1";"Temple, William";"l4";"temple-1914";"SERMON";"c";"a";"G";"gear";"Strong";"A-Stem";"N";"l4";"l_l4";"c_lmod"
"salt:/ppcmbe2/temple-1914-2#sTok5408";"some";"some";"but some sins seem to be mere passing episodes in our life .";"sins";"sin";"1";"";"Temple, William";"l4";"temple-1914";"SERMON";"c";"a";"G";"syn";"Strong";"O-Stem";"F";"l4";"l_l4";"c_lmod"
"salt:/ppcmbe2/temple-1914-2#sTok10614";"some";"some";"we need some supreme virtue which 0 *T*-3 shall regulate all the others";"virtue";"virtue";"";"1";"Temple, William";"l4";"temple-1914";"SERMON";"u";"a";"R";"";"";"";"";"l4";"l_l4";"c_lmod"
"salt:/ppcmbe2/temple-1914-2#sTok10793";"all";"all";"of all virtues";"virtues";"virtue";"1";"";"Temple, William";"l4";"temple-1914";"SERMON";"u";"a";"R";"";"";"";"";"l4";"l_l4";"c_lmod"
"salt:/ppcmbe2/thackeray-1855-2#sTok43";"no";"no";"*T*-1 Mr Tom Potts showed the orator no mercy";"mercy";"mercy";"";"1";"Thackeray, William Makepeace";"l3";"thackeray-1855";"FICTION";"u";"a";"R";"";"";"";"";"l3";"k_l3";"c_lmod"
"salt:/ppcmbe2/thackeray-1855-2#sTok458";"all";"all";"of all honest men";"men";"man";"1";"";"Thackeray, William Makepeace";"l3";"thackeray-1855";"FICTION";"c";"c";"G";"mann";"Weak";"Consonant-Stem";"M/N";"l3";"k_l3";"c_lmod"
"salt:/ppcmbe2/thackeray-1855-2#sTok992";"Every";"every";"' Every man who 0 *T*-1 can read and write ought to have a vote , sir ;";"man";"man";"";"1";"Thackeray, William Makepeace";"l3";"thackeray-1855";"FICTION";"c";"c";"G";"mann";"Weak";"Consonant-Stem";"M/N";"l3";"k_l3";"c_lmod"
"salt:/ppcmbe2/thackeray-1855-2#sTok1190";"any";"any";"than any man in Newcome";"man";"man";"";"1";"Thackeray, William Makepeace";"l3";"thackeray-1855";"FICTION";"c";"c";"G";"mann";"Weak";"Consonant-Stem";"M/N";"l3";"k_l3";"c_lmod"
"salt:/ppcmbe2/thackeray-1855-2#sTok2591";"any";"any";"Is there any man *ICH*-2 in Newcome , except , perhaps , our twaddling old contemporary the <font> Sentinel <$$font> , who 0 *T*-2 believes in Sir B. N. any more";"man";"man";"";"1";"Thackeray, William Makepeace";"l3";"thackeray-1855";"FICTION";"c";"c";"G";"mann";"Weak";"Consonant-Stem";"M/N";"l3";"k_l3";"c_lmod"
"salt:/ppcmbe2/thackeray-1855-2#sTok2760";"any";"any";"to any name";"name";"name";"";"1";"Thackeray, William Makepeace";"l3";"thackeray-1855";"FICTION";"c";"a";"G";"nama";"Weak";"N-Stem";"M";"l3";"k_l3";"c_lmod"
"salt:/ppcmbe2/thackeray-1855-2#sTok3609";"every";"every";"every man to vote";"man";"man";"";"1";"Thackeray, William Makepeace";"l3";"thackeray-1855";"FICTION";"c";"c";"G";"mann";"Weak";"Consonant-Stem";"M/N";"l3";"k_l3";"c_lmod"
"salt:/ppcmbe2/thackeray-1855-2#sTok3614";"every";"every";"every poor man to labour short time";"man";"man";"";"1";"Thackeray, William Makepeace";"l3";"thackeray-1855";"FICTION";"c";"c";"G";"mann";"Weak";"Consonant-Stem";"M/N";"l3";"k_l3";"c_lmod"
"salt:/ppcmbe2/thackeray-1855-2#sTok3638";"every";"every";"every bishop to be docked of his salary";"bishop";"bishop";"";"1";"Thackeray, William Makepeace";"l3";"thackeray-1855";"FICTION";"c";"c";"G";"bisceop";"Strong";"A-Stem";"M";"l3";"k_l3";"c_lmod"
"salt:/ppcmbe2/thackeray-1855-2#sTok4331";"every";"every";"Does not every day bring its own duty and task";"day";"day";"";"1";"Thackeray, William Makepeace";"l3";"thackeray-1855";"FICTION";"c";"a";"G";"dæg";"Strong";"A-Stem";"M";"l3";"k_l3";"c_lmod"
"salt:/ppcmbe2/thackeray-1855-2#sTok4818";"both";"both";"The poor old woman , whose wits 0 *T*-1 are very nearly gone , held both our hands ,";"hands";"hand";"1";"";"Thackeray, William Makepeace";"l3";"thackeray-1855";"FICTION";"c";"c";"G";"hand";"Strong";"U-Stem";"F";"l3";"k_l3";"c_lmod"
"salt:/ppcmbe2/thackeray-1855-2#sTok6058";"much";"much";"until much later days";"days";"day";"1";"";"Thackeray, William Makepeace";"l3";"thackeray-1855";"FICTION";"c";"a";"G";"dæg";"Strong";"A-Stem";"M";"l3";"k_l3";"c_lmod"
"salt:/ppcmbe2/thackeray-1855-2#sTok7869";"many";"many";"for many a long day and year";"day";"day";"";"1";"Thackeray, William Makepeace";"l3";"thackeray-1855";"FICTION";"c";"a";"G";"dæg";"Strong";"A-Stem";"M";"l3";"k_l3";"c_lmod"
"salt:/ppcmbe2/thackeray-1855-2#sTok8756";"many";"many";"for many a day";"day";"day";"";"1";"Thackeray, William Makepeace";"l3";"thackeray-1855";"FICTION";"c";"a";"G";"dæg";"Strong";"A-Stem";"M";"l3";"k_l3";"c_lmod"
"salt:/ppcmbe2/thackeray-1855-2#sTok9821";"every";"every";"to be done every day";"day";"day";"";"1";"Thackeray, William Makepeace";"l3";"thackeray-1855";"FICTION";"c";"a";"G";"dæg";"Strong";"A-Stem";"M";"l3";"k_l3";"c_lmod"
"salt:/ppcmbe2/thackeray-1855-2#sTok10194";"All";"all";"All the country papers in England teemed with electioneering addresses ;";"country";"country";"";"1";"Thackeray, William Makepeace";"l3";"thackeray-1855";"FICTION";"c";"c";"R";"";"";"";"";"l3";"k_l3";"c_lmod"
"salt:/ppcmbe2/thackeray-1855-2#sTok10931";"No";"no";"No man was louder in his cries of <font> mea culpa <$$font> than Barnes ;";"man";"man";"";"1";"Thackeray, William Makepeace";"l3";"thackeray-1855";"FICTION";"c";"c";"G";"mann";"Weak";"Consonant-Stem";"M/N";"l3";"k_l3";"c_lmod"
"salt:/ppcmbe2/thackeray-1855-2#sTok10947";"no";"no";"no man professed a more edifying repentance .";"man";"man";"";"1";"Thackeray, William Makepeace";"l3";"thackeray-1855";"FICTION";"c";"c";"G";"mann";"Weak";"Consonant-Stem";"M/N";"l3";"k_l3";"c_lmod"
"salt:/ppcmbe2/thackeray-1855-2#sTok11972";"some";"some";"*T*-1 some men have";"men";"man";"1";"";"Thackeray, William Makepeace";"l3";"thackeray-1855";"FICTION";"c";"c";"G";"mann";"Weak";"Consonant-Stem";"M/N";"l3";"k_l3";"c_lmod"
"salt:/ppcmbe2/thompson-1859-2#sTok3437";"both";"both";"with both hands";"hands";"hand";"1";"";"Thompson, Robert";"l3";"";"HANDB OTHER";"c";"c";"G";"hand";"Strong";"U-Stem";"F";"l3";"k_l3";"c_lmod"
"salt:/ppcmbe2/thompson-1859-2#sTok6896";"both";"both";"with both hands";"hands";"hand";"1";"";"Thompson, Robert";"l3";"";"HANDB OTHER";"c";"c";"G";"hand";"Strong";"U-Stem";"F";"l3";"k_l3";"c_lmod"
"salt:/ppcmbe2/thomson-1862-2#sTok8329";"every";"every";"the sun radiates every year from his whole surface about 6 x 10=30= <paren> six million million million million million <$$paren> times as much heat as 0 0 *T*-1 is sufficient to raise the temperature of 1 lb. of water by 1=o= Cent";"year";"year";"";"1";"Thomson, William, baron Kelvin";"l4";"thomson-1862";"SCIENCE OTHER";"c";"a";"G";"gear";"Strong";"A-Stem";"N";"l4";"l_l4";"c_lmod"
"salt:/ppcmbe2/thomson-1862-2#sTok8400";"many";"many";"for many years";"years";"year";"1";"";"Thomson, William, baron Kelvin";"l4";"thomson-1862";"SCIENCE OTHER";"c";"a";"G";"gear";"Strong";"A-Stem";"N";"l4";"l_l4";"c_lmod"
"salt:/ppcmbe2/thomson-1862-2#sTok11116";"many";"many";"many million years longer";"years";"year";"1";"";"Thomson, William, baron Kelvin";"l4";"thomson-1862";"SCIENCE OTHER";"c";"a";"G";"gear";"Strong";"A-Stem";"N";"l4";"l_l4";"c_lmod"
"salt:/ppcmbe2/thring-187x-1#sTok374";"much";"much";"There is much work *ICH*-2 cut out 0 *T*-3 to be done .";"work";"work";"";"1";"Thring, Edward";"l4";"thring-187x";"DIARY PRIV";"u";"a";"G";"weorc";"Strong";"A-Stem";"N";"l4";"l_l4";"c_lmod"
"salt:/ppcmbe2/thring-187x-1#sTok1803";"all";"all";"out of all one's work";"work";"work";"";"1";"Thring, Edward";"l4";"thring-187x";"DIARY PRIV";"u";"a";"G";"weorc";"Strong";"A-Stem";"N";"l4";"l_l4";"c_lmod"
"salt:/ppcmbe2/thring-187x-1#sTok4730";"every";"every";"Since quite the beginning every man had built because 0 he wished to * .";"man";"man";"";"1";"Thring, Edward";"l4";"thring-187x";"DIARY PRIV";"c";"c";"G";"mann";"Weak";"Consonant-Stem";"M/N";"l4";"l_l4";"c_lmod"
"salt:/ppcmbe2/thring-187x-1#sTok4759";"any";"any";"and *con* had not encouraged any man ,";"man";"man";"";"1";"Thring, Edward";"l4";"thring-187x";"DIARY PRIV";"c";"c";"G";"mann";"Weak";"Consonant-Stem";"M/N";"l4";"l_l4";"c_lmod"
"salt:/ppcmbe2/thring-187x-1#sTok6702";"some";"some";"some six years or more";"years";"year";"1";"";"Thring, Edward";"l4";"thring-187x";"DIARY PRIV";"c";"a";"G";"gear";"Strong";"A-Stem";"N";"l4";"l_l4";"c_lmod"
"salt:/ppcmbe2/thring-187x-1#sTok6718";"every";"every";"*con* has been here at their meetings every year";"year";"year";"";"1";"Thring, Edward";"l4";"thring-187x";"DIARY PRIV";"c";"a";"G";"gear";"Strong";"A-Stem";"N";"l4";"l_l4";"c_lmod"
"salt:/ppcmbe2/thring-187x-1#sTok7245";"many";"many";"I have waited many years for this ,";"years";"year";"1";"";"Thring, Edward";"l4";"thring-187x";"DIARY PRIV";"c";"a";"G";"gear";"Strong";"A-Stem";"N";"l4";"l_l4";"c_lmod"
"salt:/ppcmbe2/thring-187x-1#sTok9118";"much";"much";"much evil";"evil";"evil";"";"1";"Thring, Edward";"l4";"thring-187x";"DIARY PRIV";"u";"a";"G";"yfel";"Strong";"A-Stem";"N";"l4";"l_l4";"c_lmod"
"salt:/ppcmbe2/thring-187x-1#sTok9842";"no";"no";"In all the long battle here no man of power and wealth has been on my side , so that I could trust and feel support in him , till 0 I knew Mr. Gladstone .";"man";"man";"";"1";"Thring, Edward";"l4";"thring-187x";"DIARY PRIV";"c";"c";"G";"mann";"Weak";"Consonant-Stem";"M/N";"l4";"l_l4";"c_lmod"
"salt:/ppcmbe2/thring-187x-1#sTok10492";"much";"much";"much good work is clearly done there .";"work";"work";"";"1";"Thring, Edward";"l4";"thring-187x";"DIARY PRIV";"u";"a";"G";"weorc";"Strong";"A-Stem";"N";"l4";"l_l4";"c_lmod"
"salt:/ppcmbe2/thring-187x-1#sTok11652";"many";"many";"touching many hearts";"hearts";"heart";"1";"";"Thring, Edward";"l4";"thring-187x";"DIARY PRIV";"c";"c";"G";"heorte";"Weak";"N-Stem";"F";"l4";"l_l4";"c_lmod"
"salt:/ppcmbe2/thring-187x-1#sTok12437";"all";"all";"reserving , however , all legal rights for the future";"rights";"right";"1";"";"Thring, Edward";"l4";"thring-187x";"DIARY PRIV";"c";"a";"G";"riht";"Strong";"A-Stem";"N";"l4";"l_l4";"c_lmod"
"salt:/ppcmbe2/thring-187x-1#sTok12840";"no";"no";"no man pursueth";"man";"man";"";"1";"Thring, Edward";"l4";"thring-187x";"DIARY PRIV";"c";"c";"G";"mann";"Weak";"Consonant-Stem";"M/N";"l4";"l_l4";"c_lmod"
"salt:/ppcmbe2/thring-1883-2#sTok486";"all";"all";"of all early work , either eye-sight , or mental sight";"work";"work";"";"1";"Thring, Edward";"l4";"thring-1883";"EDUC TREAT";"u";"a";"G";"weorc";"Strong";"A-Stem";"N";"l4";"l_l4";"c_lmod"
"salt:/ppcmbe2/thring-1883-2#sTok2461";"much";"much";"in much teaching work in language";"work";"work";"";"1";"Thring, Edward";"l4";"thring-1883";"EDUC TREAT";"u";"a";"G";"weorc";"Strong";"A-Stem";"N";"l4";"l_l4";"c_lmod"
"salt:/ppcmbe2/thring-1883-2#sTok2526";"Many";"many";"Many men pass their days without ever having <font> composed <$$font> a lesson in their lives .";"men";"man";"1";"";"Thring, Edward";"l4";"thring-1883";"EDUC TREAT";"c";"c";"G";"mann";"Weak";"Consonant-Stem";"M/N";"l4";"l_l4";"c_lmod"
"salt:/ppcmbe2/thring-1883-2#sTok2714";"no";"no";"There is no work so untrained as the attempt of a master to uncoil a chain of reasoning , and * put it into the boy mind .";"work";"work";"";"1";"Thring, Edward";"l4";"thring-1883";"EDUC TREAT";"u";"a";"G";"weorc";"Strong";"A-Stem";"N";"l4";"l_l4";"c_lmod"
"salt:/ppcmbe2/thring-1883-2#sTok4094";"any";"any";"any true work is done";"work";"work";"";"1";"Thring, Edward";"l4";"thring-1883";"EDUC TREAT";"u";"a";"G";"weorc";"Strong";"A-Stem";"N";"l4";"l_l4";"c_lmod"
"salt:/ppcmbe2/thring-1883-2#sTok7315";"many";"many";"for many a year";"year";"year";"";"1";"Thring, Edward";"l4";"thring-1883";"EDUC TREAT";"c";"a";"G";"gear";"Strong";"A-Stem";"N";"l4";"l_l4";"c_lmod"
"salt:/ppcmbe2/tindall-1814-1#sTok173";"all";"all";"of all creatures";"creatures";"creature";"1";"";"Tindall, John";"l3";"tindall-1814";"HANDB OTHER";"c";"c";"R";"";"";"";"";"l3";"k_l3";"c_lmod"
"salt:/ppcmbe2/tindall-1814-1#sTok3555";"few";"few";"in a few days";"days";"day";"1";"";"Tindall, John";"l3";"tindall-1814";"HANDB OTHER";"c";"a";"G";"dæg";"Strong";"A-Stem";"M";"l3";"k_l3";"c_lmod"
"salt:/ppcmbe2/tindall-1814-1#sTok4074";"some";"some";"for some horses 0 that *T*-1 live to be very old , never have any tusks at all .";"horses";"horse";"1";"";"Tindall, John";"l3";"tindall-1814";"HANDB OTHER";"c";"c";"G";"hors";"Strong";"A-Stem";"N";"l3";"k_l3";"c_lmod"
"salt:/ppcmbe2/tindall-1814-1#sTok5153";"all";"all";"all men could be induced to think alike on a subject which , 0 *T*-2 however , admits of multifarious and varied opinions";"men";"man";"1";"";"Tindall, John";"l3";"tindall-1814";"HANDB OTHER";"c";"c";"G";"mann";"Weak";"Consonant-Stem";"M/N";"l3";"k_l3";"c_lmod"
"salt:/ppcmbe2/tindall-1814-1#sTok6094";"many";"many";"many years experience";"years";"year";"1";"";"Tindall, John";"l3";"tindall-1814";"HANDB OTHER";"c";"a";"G";"gear";"Strong";"A-Stem";"N";"l3";"k_l3";"c_lmod"
"salt:/ppcmbe2/tindall-1814-1#sTok7642";"some";"some";"some young horses are troubled with a cough in the beginning of summer , from worms , &c.";"horses";"horse";"1";"";"Tindall, John";"l3";"tindall-1814";"HANDB OTHER";"c";"c";"G";"hors";"Strong";"A-Stem";"N";"l3";"k_l3";"c_lmod"
"salt:/ppcmbe2/tindall-1814-1#sTok11232";"Many";"many";"Many valuable horses are sometimes seized with it in the same instant of time , which 0 *T*-1 constitutes what 0 *T*-2 is called *-2 epidemical , which 0 *T*-3 is allowed to proceed from destructive particles contained in the air , and which 0 *T*-4 may be of a fermentative , putrid , or caustic nature ;";"horses";"horse";"1";"";"Tindall, John";"l3";"tindall-1814";"HANDB OTHER";"c";"c";"G";"hors";"Strong";"A-Stem";"N";"l3";"k_l3";"c_lmod"
"salt:/ppcmbe2/townley-1746-1#sTok37";"All";"all";"<font> Cryer . Daniel Ponton <$$font> , One , <paren> and so on till 0 the Twelve sworn all answer'd to their Names <$$paren> All good *ICH*-1 Men and true , stand together ,";"Men";"man";"1";"";"n/a";"l1";"townley-1746";"PROC TRIAL";"c";"c";"G";"mann";"Weak";"Consonant-Stem";"M/N";"l1";"i_l1";"c_lmod"
"salt:/ppcmbe2/townley-1746-1#sTok2831";"every";"every";"a Guard from the said Regiment was mounted every Day";"Day";"day";"";"1";"n/a";"l1";"townley-1746";"PROC TRIAL";"c";"a";"G";"dæg";"Strong";"A-Stem";"M";"l1";"i_l1";"c_lmod"
"salt:/ppcmbe2/townley-1746-1#sTok3217";"all";"all";"lodg'd all Night in the Prisoner's own Room";"Night";"night";"";"1";"n/a";"l1";"townley-1746";"PROC TRIAL";"c";"a";"G";"niht";"Strong";"A-Stem";"N";"l1";"i_l1";"c_lmod"
"salt:/ppcmbe2/townley-1746-1#sTok3245";"all";"all";"the Prisoner had two Centinels always at his Door all Night for fear 0 the Duke of <font> Cumberland <$$font> was nearer to them then 0 0 *T*-4 they imagined";"Night";"night";"";"1";"n/a";"l1";"townley-1746";"PROC TRIAL";"c";"a";"G";"niht";"Strong";"A-Stem";"N";"l1";"i_l1";"c_lmod"
"salt:/ppcmbe2/townley-1746-1#sTok6092";"few";"few";"a few Years since";"Years";"year";"1";"";"n/a";"l1";"townley-1746";"PROC TRIAL";"c";"a";"G";"gear";"Strong";"A-Stem";"N";"l1";"i_l1";"c_lmod"
"salt:/ppcmbe2/townley-1746-1#sTok6475";"many";"many";"Col. <font> Townley <$$font> was many Years in the <font> French <$$font> Service , under a Commission from the <font> French <$$font> King";"Years";"year";"1";"";"n/a";"l1";"townley-1746";"PROC TRIAL";"c";"a";"G";"gear";"Strong";"A-Stem";"N";"l1";"i_l1";"c_lmod"
"salt:/ppcmbe2/townley-1746-1#sTok6844";"no";"no";"for no Man 0 that *T*-1 is a liege Subject of his Majesty can justify taking up Arms , and acting in the Service of a Prince 0 that *T*-2 is actually in War against his Majesty .";"Man";"man";"";"1";"n/a";"l1";"townley-1746";"PROC TRIAL";"c";"c";"G";"mann";"Weak";"Consonant-Stem";"M/N";"l1";"i_l1";"c_lmod"
"salt:/ppcmbe2/townley-1746-1#sTok13079";"all";"all";"and what 0 *T*-1 I have sowrn in this honourable Court is all Matters of Fact .";"Matters";"matter";"1";"";"n/a";"l1";"townley-1746";"PROC TRIAL";"c";"s";"R";"";"";"";"";"l1";"i_l1";"c_lmod"
"salt:/ppcmbe2/townley-1746-1#sTok13382";"many";"many";"<font> Evid. <$$font> I have known him many Years ,";"Years";"year";"1";"";"n/a";"l1";"townley-1746";"PROC TRIAL";"c";"a";"G";"gear";"Strong";"A-Stem";"N";"l1";"i_l1";"c_lmod"
"salt:/ppcmbe2/trevelyan-1911-2#sTok2945";"several";"several";"several days before";"days";"day";"1";"";"Trevelyan, George Macaulay";"l4";"trevelyan-1911";"HISTORY";"c";"a";"G";"dæg";"Strong";"A-Stem";"M";"l4";"l_l4";"c_lmod"
"salt:/ppcmbe2/trevelyan-1911-2#sTok3435";"some";"some";"For some days";"days";"day";"1";"";"Trevelyan, George Macaulay";"l4";"trevelyan-1911";"HISTORY";"c";"a";"G";"dæg";"Strong";"A-Stem";"M";"l4";"l_l4";"c_lmod"
"salt:/ppcmbe2/trevelyan-1911-2#sTok4422";"any";"any";"for any man";"man";"man";"";"1";"Trevelyan, George Macaulay";"l4";"trevelyan-1911";"HISTORY";"c";"c";"G";"mann";"Weak";"Consonant-Stem";"M/N";"l4";"l_l4";"c_lmod"
"salt:/ppcmbe2/trevelyan-1913-2#sTok160";"no";"no";"*T*-1 *con* did no political or public work except in Rochdale and the neighbouring towns";"work";"work";"";"1";"Trevelyan, George Macaulay";"l4";"trevelyan-1913";"BIOGR OTHER";"u";"a";"G";"weorc";"Strong";"A-Stem";"N";"l4";"l_l4";"c_lmod"
"salt:/ppcmbe2/trevelyan-1913-2#sTok554";"many";"many";"for many years";"years";"year";"1";"";"Trevelyan, George Macaulay";"l4";"trevelyan-1913";"BIOGR OTHER";"c";"a";"G";"gear";"Strong";"A-Stem";"N";"l4";"l_l4";"c_lmod"
"salt:/ppcmbe2/trevelyan-1913-2#sTok715";"few";"few";"few hands employed";"hands";"hand";"1";"";"Trevelyan, George Macaulay";"l4";"trevelyan-1913";"BIOGR OTHER";"c";"c";"G";"hand";"Strong";"U-Stem";"F";"l4";"l_l4";"c_lmod"
"salt:/ppcmbe2/trevelyan-1913-2#sTok1827";"many";"many";"for many years";"years";"year";"1";"";"Trevelyan, George Macaulay";"l4";"trevelyan-1913";"BIOGR OTHER";"c";"a";"G";"gear";"Strong";"A-Stem";"N";"l4";"l_l4";"c_lmod"
"salt:/ppcmbe2/trevelyan-1913-2#sTok1890";"many";"many";"for many days , I think for fourteen days";"days";"day";"1";"";"Trevelyan, George Macaulay";"l4";"trevelyan-1913";"BIOGR OTHER";"c";"a";"G";"dæg";"Strong";"A-Stem";"M";"l4";"l_l4";"c_lmod"
"salt:/ppcmbe2/trevelyan-1913-2#sTok2116";"several";"several";"for several years";"years";"year";"1";"";"Trevelyan, George Macaulay";"l4";"trevelyan-1913";"BIOGR OTHER";"c";"a";"G";"gear";"Strong";"A-Stem";"N";"l4";"l_l4";"c_lmod"
"salt:/ppcmbe2/trevelyan-1913-2#sTok2186";"many";"many";"many years after the time of which 0 *T*-1 I am now writing";"years";"year";"1";"";"Trevelyan, George Macaulay";"l4";"trevelyan-1913";"BIOGR OTHER";"c";"a";"G";"gear";"Strong";"A-Stem";"N";"l4";"l_l4";"c_lmod"
"salt:/ppcmbe2/trevelyan-1913-2#sTok7846";"any";"any";"or any other House of Commons constituted , on the present suffrage";"House";"house";"";"1";"Trevelyan, George Macaulay";"l4";"trevelyan-1913";"BIOGR OTHER";"c";"c";"G";"hus";"Strong";"A-Stem";"N";"l4";"l_l4";"c_lmod"
"salt:/ppcmbe2/trevelyan-1913-2#sTok10734";"many";"many";"with many admirable virtues";"virtues";"virtue";"1";"";"Trevelyan, George Macaulay";"l4";"trevelyan-1913";"BIOGR OTHER";"u";"a";"R";"";"";"";"";"l4";"l_l4";"c_lmod"
"salt:/ppcmbe2/trollope-1879-2#sTok1021";"all";"all";"of all good men";"men";"man";"1";"";"Trollope, Anthony";"l4";"trollope-1879";"FICTION";"c";"c";"G";"mann";"Weak";"Consonant-Stem";"M/N";"l4";"l_l4";"c_lmod"
"salt:/ppcmbe2/trollope-1879-2#sTok1097";"no";"no";"But there had been no other human soul to whom 0 *T*-2 he could open himself .";"soul";"soul";"";"1";"Trollope, Anthony";"l4";"trollope-1879";"FICTION";"c";"a";"G";"sawel";"Strong";"O-Stem";"F";"l4";"l_l4";"c_lmod"
"salt:/ppcmbe2/trollope-1879-2#sTok2218";"no";"no";"no book open before him , and no pen ready to his hand";"book";"book";"";"1";"Trollope, Anthony";"l4";"trollope-1879";"FICTION";"c";"c";"G";"boc";"Weak";"Consonant-Stem";"F";"l4";"l_l4";"c_lmod"
"salt:/ppcmbe2/trollope-1879-2#sTok2321";"many";"many";"many men are able *T*-1 to preserve for themselves a look *ICH*-2 , if not of youth , at any rate of freshness";"men";"man";"1";"";"Trollope, Anthony";"l4";"trollope-1879";"FICTION";"c";"c";"G";"mann";"Weak";"Consonant-Stem";"M/N";"l4";"l_l4";"c_lmod"
"salt:/ppcmbe2/trollope-1879-2#sTok3694";"no";"no";"*T*-2 no other father would be treated";"father";"father";"";"1";"Trollope, Anthony";"l4";"trollope-1879";"FICTION";"c";"c";"G";"fæder";"Irregular";"Stem in -r";"M";"l4";"l_l4";"c_lmod"
"salt:/ppcmbe2/trollope-1879-2#sTok4385";"few";"few";"during those few days of acute illness";"days";"day";"1";"";"Trollope, Anthony";"l4";"trollope-1879";"FICTION";"c";"a";"G";"dæg";"Strong";"A-Stem";"M";"l4";"l_l4";"c_lmod"
"salt:/ppcmbe2/trollope-1879-2#sTok6125";"any";"any";"of any one man to whom 0 he would feel himself called upon *-2 *T*-1 to devote his time";"man";"man";"";"1";"Trollope, Anthony";"l4";"trollope-1879";"FICTION";"c";"c";"G";"mann";"Weak";"Consonant-Stem";"M/N";"l4";"l_l4";"c_lmod"
"salt:/ppcmbe2/trollope-1879-2#sTok8167";"Every";"every";"Every day 0 that *T*-1 he is kept in the dark is an injury to you . '";"day";"day";"";"1";"Trollope, Anthony";"l4";"trollope-1879";"FICTION";"c";"a";"G";"dæg";"Strong";"A-Stem";"M";"l4";"l_l4";"c_lmod"
"salt:/ppcmbe2/trollope-1879-2#sTok8210";"every";"every";"I were seeing him every day";"day";"day";"";"1";"Trollope, Anthony";"l4";"trollope-1879";"FICTION";"c";"a";"G";"dæg";"Strong";"A-Stem";"M";"l4";"l_l4";"c_lmod"
"salt:/ppcmbe2/trollope-1879-2#sTok8604";"no";"no";"Having heard all this I have no right to keep it from him .";"right";"right";"";"1";"Trollope, Anthony";"l4";"trollope-1879";"FICTION";"c";"a";"G";"riht";"Strong";"A-Stem";"N";"l4";"l_l4";"c_lmod"
"salt:/ppcmbe2/trollope-1879-2#sTok9417";"all";"all";"all the young men were anxious to know him";"men";"man";"1";"";"Trollope, Anthony";"l4";"trollope-1879";"FICTION";"c";"c";"G";"mann";"Weak";"Consonant-Stem";"M/N";"l4";"l_l4";"c_lmod"
"salt:/ppcmbe2/trollope-1882-1#sTok222";"many";"many";"over many years";"years";"year";"1";"";"Trollope, Anthony";"l4";"trollope-1882";"BIOGR OTHER";"c";"a";"G";"gear";"Strong";"A-Stem";"N";"l4";"l_l4";"c_lmod"
"salt:/ppcmbe2/trollope-1882-1#sTok237";"any";"any";"the Emperor of Russia had on his side any legal rights which 0 *T*-1 a state of war can give";"rights";"right";"1";"";"Trollope, Anthony";"l4";"trollope-1882";"BIOGR OTHER";"c";"a";"G";"riht";"Strong";"A-Stem";"N";"l4";"l_l4";"c_lmod"
"salt:/ppcmbe2/trollope-1882-1#sTok547";"no";"no";"so long as 0 0 *T*-3 Russian troops occupy the Principalities , or *T*-3 *con* hold a position in any other part of the Turkish territory , no Russian ships of war can be allowed *-4 to show themselves out of port in the Black Sea";"ships";"ship";"1";"";"Trollope, Anthony";"l4";"trollope-1882";"BIOGR OTHER";"c";"c";"G";"scip";"Strong";"A-Stem";"N";"l4";"l_l4";"c_lmod"
"salt:/ppcmbe2/trollope-1882-1#sTok1035";"few";"few";"a few days later";"days";"day";"1";"";"Trollope, Anthony";"l4";"trollope-1882";"BIOGR OTHER";"c";"a";"G";"dæg";"Strong";"A-Stem";"M";"l4";"l_l4";"c_lmod"
"salt:/ppcmbe2/trollope-1882-1#sTok2023";"each";"each";"and each man has a heart *ICH*-1 in his bosom in which 0 *T*-2 he carries his memories of the past as well as his hopes for the future .";"man";"man";"";"1";"Trollope, Anthony";"l4";"trollope-1882";"BIOGR OTHER";"c";"c";"G";"mann";"Weak";"Consonant-Stem";"M/N";"l4";"l_l4";"c_lmod"
"salt:/ppcmbe2/trollope-1882-1#sTok2188";"no";"no";"Indeed there was no other man than Lord Palmerston in England who 0 *T*-2 could have carried on the war .";"man";"man";"";"1";"Trollope, Anthony";"l4";"trollope-1882";"BIOGR OTHER";"c";"c";"G";"mann";"Weak";"Consonant-Stem";"M/N";"l4";"l_l4";"c_lmod"
"salt:/ppcmbe2/trollope-1882-1#sTok4701";"each";"each";"each man should have that which 0 *T*-2 was properly his own";"man";"man";"";"1";"Trollope, Anthony";"l4";"trollope-1882";"BIOGR OTHER";"c";"c";"G";"mann";"Weak";"Consonant-Stem";"M/N";"l4";"l_l4";"c_lmod"
"salt:/ppcmbe2/trollope-1882-1#sTok6113";"few";"few";"a few years back";"years";"year";"1";"";"Trollope, Anthony";"l4";"trollope-1882";"BIOGR OTHER";"c";"a";"G";"gear";"Strong";"A-Stem";"N";"l4";"l_l4";"c_lmod"
"salt:/ppcmbe2/trollope-1882-1#sTok6149";"some";"some";"some years earlier , when 0 a similar opportunity had come to him";"years";"year";"1";"";"Trollope, Anthony";"l4";"trollope-1882";"BIOGR OTHER";"c";"a";"G";"gear";"Strong";"A-Stem";"N";"l4";"l_l4";"c_lmod"
"salt:/ppcmbe2/trollope-1882-1#sTok6571";"many";"many";"for many years";"years";"year";"1";"";"Trollope, Anthony";"l4";"trollope-1882";"BIOGR OTHER";"c";"a";"G";"gear";"Strong";"A-Stem";"N";"l4";"l_l4";"c_lmod"
"salt:/ppcmbe2/trollope-1882-1#sTok7912";"all";"all";"with all their horses , appurtenances , clothing , and armour";"horses";"horse";"1";"";"Trollope, Anthony";"l4";"trollope-1882";"BIOGR OTHER";"c";"c";"G";"hors";"Strong";"A-Stem";"N";"l4";"l_l4";"c_lmod"
"salt:/ppcmbe2/trollope-1882-1#sTok7961";"no";"no";"no other country ever made such an effort";"country";"country";"";"1";"Trollope, Anthony";"l4";"trollope-1882";"BIOGR OTHER";"c";"c";"R";"";"";"";"";"l4";"l_l4";"c_lmod"
"salt:/ppcmbe2/trollope-1882-1#sTok8221";"some";"some";"of some other countries";"countries";"country";"1";"";"Trollope, Anthony";"l4";"trollope-1882";"BIOGR OTHER";"c";"c";"R";"";"";"";"";"l4";"l_l4";"c_lmod"
"salt:/ppcmbe2/trollope-1882-1#sTok9090";"some";"some";"*T*-1 will some day make us tremble";"day";"day";"";"1";"Trollope, Anthony";"l4";"trollope-1882";"BIOGR OTHER";"c";"a";"G";"dæg";"Strong";"A-Stem";"M";"l4";"l_l4";"c_lmod"
"salt:/ppcmbe2/trollope-1882-1#sTok11447";"few";"few";"a few days previouslsy";"days";"day";"1";"";"Trollope, Anthony";"l4";"trollope-1882";"BIOGR OTHER";"c";"a";"G";"dæg";"Strong";"A-Stem";"M";"l4";"l_l4";"c_lmod"
"salt:/ppcmbe2/trollope-1882-1#sTok11758";"all";"all";"In all these matters";"matters";"matter";"1";"";"Trollope, Anthony";"l4";"trollope-1882";"BIOGR OTHER";"c";"s";"R";"";"";"";"";"l4";"l_l4";"c_lmod"
"salt:/ppcmbe2/turner1-1799-1#sTok900";"every";"every";"*T*-1 is every year disclosing more and more of its solid base to the invading waters";"year";"year";"";"1";"Turner, Sharon";"l2";"turner1-1799";"HISTORY";"c";"a";"G";"gear";"Strong";"A-Stem";"N";"l2";"j_l2";"c_lmod"
"salt:/ppcmbe2/turner1-1799-1#sTok995";"no";"no";"no trees provide their grateful shade and agreeable prospect ;";"trees";"tree";"1";"";"Turner, Sharon";"l2";"turner1-1799";"HISTORY";"c";"c";"G";"treow";"Strong";"A-Stem";"N";"l2";"j_l2";"c_lmod"
"salt:/ppcmbe2/turner1-1799-1#sTok2694";"all";"all";"to denominate all that country which 0 *T*-1 is contained within the Eyder , the Elbe , and the Trave";"country";"country";"";"1";"Turner, Sharon";"l2";"turner1-1799";"HISTORY";"c";"c";"R";"";"";"";"";"l2";"j_l2";"c_lmod"
"salt:/ppcmbe2/turner1-1799-1#sTok4268";"many";"many";"like many other evils";"evils";"evil";"1";"";"Turner, Sharon";"l2";"turner1-1799";"HISTORY";"u";"a";"G";"yfel";"Strong";"A-Stem";"N";"l2";"j_l2";"c_lmod"
"salt:/ppcmbe2/turner1-1799-1#sTok4907";"no";"no";"no country *ICH*-2 worthy to have produced Francs , but that which 0 *T*-3 their modern offspring inhabit";"country";"country";"";"1";"Turner, Sharon";"l2";"turner1-1799";"HISTORY";"c";"c";"R";"";"";"";"";"l2";"j_l2";"c_lmod"
"salt:/ppcmbe2/turner1-1799-1#sTok5484";"many";"many";"to many learned men , who 0 *T*-1 have invited them to recollect , that it was no disgrace to have sprung from warriors , who 0 *T*-3 ultimately subdued the victorious genius of Rome";"men";"man";"1";"";"Turner, Sharon";"l2";"turner1-1799";"HISTORY";"c";"c";"G";"mann";"Weak";"Consonant-Stem";"M/N";"l2";"j_l2";"c_lmod"
"salt:/ppcmbe2/turner1-1799-1#sTok6405";"every";"every";"*T*-1 were every year assaulting the Roman state with increasing momentum";"year";"year";"";"1";"Turner, Sharon";"l2";"turner1-1799";"HISTORY";"c";"a";"G";"gear";"Strong";"A-Stem";"N";"l2";"j_l2";"c_lmod"
"salt:/ppcmbe2/turner1-1799-1#sTok6726";"many";"many";"of many ships";"ships";"ship";"1";"";"Turner, Sharon";"l2";"turner1-1799";"HISTORY";"c";"c";"G";"scip";"Strong";"A-Stem";"N";"l2";"j_l2";"c_lmod"
"salt:/ppcmbe2/turner1-1799-1#sTok7135";"few";"few";"within a few years subsequent";"years";"year";"1";"";"Turner, Sharon";"l2";"turner1-1799";"HISTORY";"c";"a";"G";"gear";"Strong";"A-Stem";"N";"l2";"j_l2";"c_lmod"
"salt:/ppcmbe2/turner1-1799-1#sTok10659";"many";"many";"many years elapsed";"years";"year";"1";"";"Turner, Sharon";"l2";"turner1-1799";"HISTORY";"c";"a";"G";"gear";"Strong";"A-Stem";"N";"l2";"j_l2";"c_lmod"
"salt:/ppcmbe2/turner2-1800-1#sTok1618";"few";"few";"and few days *ICH*-1 passed , in which 0 *T*-2 he did not spend some hours with me .";"days";"day";"1";"";"Turner, Samuel";"l2";"turner2-1800";"TRAVELOGUE";"c";"a";"G";"dæg";"Strong";"A-Stem";"M";"l2";"j_l2";"c_lmod"
"salt:/ppcmbe2/turner2-1800-1#sTok2853";"no";"no";"there was no manner of difference between them";"manner";"manner";"";"1";"Turner, Samuel";"l2";"turner2-1800";"TRAVELOGUE";"u";"a";"R";"";"";"";"";"l2";"j_l2";"c_lmod"
"salt:/ppcmbe2/turner2-1800-1#sTok3480";"few";"few";"within a few days";"days";"day";"1";"";"Turner, Samuel";"l2";"turner2-1800";"TRAVELOGUE";"c";"a";"G";"dæg";"Strong";"A-Stem";"M";"l2";"j_l2";"c_lmod"
"salt:/ppcmbe2/turner2-1800-1#sTok4815";"all";"all";"*T*-1 from its position , admitted the rays of the sun nearly all the day , during the time 0 0 *T*-2 he has southern declination , which , 0 *T*-3 of course , is their coldest season";"day";"day";"";"1";"Turner, Samuel";"l2";"turner2-1800";"TRAVELOGUE";"c";"a";"G";"dæg";"Strong";"A-Stem";"M";"l2";"j_l2";"c_lmod"
"salt:/ppcmbe2/turner2-1800-1#sTok6414";"any";"any";"from any other hand";"hand";"hand";"";"1";"Turner, Samuel";"l2";"turner2-1800";"TRAVELOGUE";"c";"c";"G";"hand";"Strong";"U-Stem";"F";"l2";"j_l2";"c_lmod"
"salt:/ppcmbe2/turner2-1800-1#sTok8909";"every";"every";"On every third day";"day";"day";"";"1";"Turner, Samuel";"l2";"turner2-1800";"TRAVELOGUE";"c";"a";"G";"dæg";"Strong";"A-Stem";"M";"l2";"j_l2";"c_lmod"
"salt:/ppcmbe2/turner3-1722-2#sTok72";"some";"some";"of some <font> Heterogeneous <$$font> Matter oftentimes admixt , or from an Obstruction of the Vessels , through some outward <P_1,12> Violence offer'd to the Liquor moving therein";"Matter";"matter";"";"1";"Turner, Daniel";"l1";"turner3-1722";"SCIENCE MEDICINE";"c";"s";"R";"";"";"";"";"l1";"i_l1";"c_lmod"
"salt:/ppcmbe2/turner3-1722-2#sTok454";"some";"some";"some foreign Matter being mixed with the Mass";"Matter";"matter";"";"1";"Turner, Daniel";"l1";"turner3-1722";"SCIENCE MEDICINE";"c";"s";"R";"";"";"";"";"l1";"i_l1";"c_lmod"
"salt:/ppcmbe2/turner3-1722-2#sTok2623";"some";"some";"some Oil or Ointment must be mixed";"Oil";"oil";"";"1";"Turner, Daniel";"l1";"turner3-1722";"SCIENCE MEDICINE";"u";"s";"G";"ele";"Strong";"A-Stem";"M";"l1";"i_l1";"c_lmod"
"salt:/ppcmbe2/turner3-1722-2#sTok4171";"any";"any";"*T*-3 you will press out any contained Matter";"Matter";"matter";"";"1";"Turner, Daniel";"l1";"turner3-1722";"SCIENCE MEDICINE";"c";"s";"R";"";"";"";"";"l1";"i_l1";"c_lmod"
"salt:/ppcmbe2/turner3-1722-2#sTok5870";"some";"some";"for some Days";"Days";"day";"1";"";"Turner, Daniel";"l1";"turner3-1722";"SCIENCE MEDICINE";"c";"a";"G";"dæg";"Strong";"A-Stem";"M";"l1";"i_l1";"c_lmod"
"salt:/ppcmbe2/turner3-1722-2#sTok7361";"some";"some";"of some Days";"Days";"day";"1";"";"Turner, Daniel";"l1";"turner3-1722";"SCIENCE MEDICINE";"c";"a";"G";"dæg";"Strong";"A-Stem";"M";"l1";"i_l1";"c_lmod"
"salt:/ppcmbe2/turner3-1722-2#sTok8356";"all";"all";"continued all Night : When 0 *T*-3 early the Day following , a Lancet was thrust thro' the <font> Eschar <$$font> , and about half a Pint of a well concocted Matter let out , upon which 0 *T*-5 she grew easy ; the Fever , Thirst , Inquietude , and other Symptoms now going off";"Night";"night";"";"1";"Turner, Daniel";"l1";"turner3-1722";"SCIENCE MEDICINE";"c";"a";"G";"niht";"Strong";"A-Stem";"N";"l1";"i_l1";"c_lmod"
"salt:/ppcmbe2/turner3-1722-2#sTok8991";"many";"many";"many Years ago ; when 0 *T*-1 by the Advice of a Physician , I bled a gross-habited Patient , then labouring with an <font> Erysipelas <$$font> , on the Face and Neck , from whence 0 *T*-2 the bilious Effervescence was presently translated to the bleeding Arm";"Years";"year";"1";"";"Turner, Daniel";"l1";"turner3-1722";"SCIENCE MEDICINE";"c";"a";"G";"gear";"Strong";"A-Stem";"N";"l1";"i_l1";"c_lmod"
"salt:/ppcmbe2/victoria-186x-diary-2#sTok577";"both";"both";"both Houses of Parliament , and the great National one";"Houses";"house";"1";"";"Victoria, queen of England";"l4";"victoria-186x-diary";"DIARY PRIV";"c";"c";"G";"hus";"Strong";"A-Stem";"N";"l4";"l_l4";"c_lmod"
"salt:/ppcmbe2/victoria-186x-diary-2#sTok4450";"all";"all";"with all love and peace";"love";"love";"";"1";"Victoria, queen of England";"l4";"victoria-186x-diary";"DIARY PRIV";"u";"a";"G";"lufu";"Strong";"O-Stem";"F";"l4";"l_l4";"c_lmod"
"salt:/ppcmbe2/victoria-186x-diary-2#sTok5583";"all";"all";"all our daughters , Marie $Brabant , and little William";"daughters";"daughter";"1";"";"Victoria, queen of England";"l4";"victoria-186x-diary";"DIARY PRIV";"c";"c";"G";"dohtor";"Irregular";"Stem in -r";"F";"l4";"l_l4";"c_lmod"
"salt:/ppcmbe2/victoria-186x-diary-2#sTok8542";"All";"all";"<font> All <$$font> the Kings and Princes are there ,";"Kings";"king";"1";"";"Victoria, queen of England";"l4";"victoria-186x-diary";"DIARY PRIV";"c";"c";"G";"cyning";"Strong";"A-Stem";"M";"l4";"l_l4";"c_lmod"
"salt:/ppcmbe2/victoria-186x-diary-2#sTok8784";"some";"some";"before some days";"days";"day";"1";"";"Victoria, queen of England";"l4";"victoria-186x-diary";"DIARY PRIV";"c";"a";"G";"dæg";"Strong";"A-Stem";"M";"l4";"l_l4";"c_lmod"
"salt:/ppcmbe2/victoria-186x-diary-2#sTok12166";"all";"all";"all eyes fixed upon me";"eyes";"eye";"1";"";"Victoria, queen of England";"l4";"victoria-186x-diary";"DIARY PRIV";"c";"c";"G";"eage";"Strong";"A-Stem";"M";"l4";"l_l4";"c_lmod"
"salt:/ppcmbe2/victoria-186x-official-letters-2#sTok728";"many";"many";"by many public men";"men";"man";"1";"";"Victoria, queen of England";"l4";"victoria-186x-official-letters";"LET NON-PRIV";"c";"c";"G";"mann";"Weak";"Consonant-Stem";"M/N";"l4";"l_l4";"c_lmod"
"salt:/ppcmbe2/victoria-186x-official-letters-2#sTok1875";"no";"no";"no stone should be <font> left unturned <$$font> to try and * prevent the resumption of hostilities";"stone";"stone";"";"1";"Victoria, queen of England";"l4";"victoria-186x-official-letters";"LET NON-PRIV";"u";"c";"G";"stan";"Strong";"A-Stem";"M";"l4";"l_l4";"c_lmod"
"salt:/ppcmbe2/victoria-186x-official-letters-2#sTok3641";"several";"several";"for several names , from other departments , to be submitted to her , in order that she might have a choice and decide upon the best";"names";"name";"1";"";"Victoria, queen of England";"l4";"victoria-186x-official-letters";"LET NON-PRIV";"c";"a";"G";"nama";"Weak";"N-Stem";"M";"l4";"l_l4";"c_lmod"
"salt:/ppcmbe2/victoria-186x-official-letters-2#sTok6574";"all";"all";"all day and till late at night";"day";"day";"";"1";"Victoria, queen of England";"l4";"victoria-186x-official-letters";"LET NON-PRIV";"c";"a";"G";"dæg";"Strong";"A-Stem";"M";"l4";"l_l4";"c_lmod"
"salt:/ppcmbe2/victoria-186x-official-letters-2#sTok6930";"some";"some";"for some days";"days";"day";"1";"";"Victoria, queen of England";"l4";"victoria-186x-official-letters";"LET NON-PRIV";"c";"a";"G";"dæg";"Strong";"A-Stem";"M";"l4";"l_l4";"c_lmod"
"salt:/ppcmbe2/victoria-186x-official-letters-2#sTok7242";"every";"every";"every day more and more shattered";"day";"day";"";"1";"Victoria, queen of England";"l4";"victoria-186x-official-letters";"LET NON-PRIV";"c";"a";"G";"dæg";"Strong";"A-Stem";"M";"l4";"l_l4";"c_lmod"
"salt:/ppcmbe2/victoria-186x-official-letters-2#sTok7604";"Every";"every";"Every public man has one";"man";"man";"";"1";"Victoria, queen of England";"l4";"victoria-186x-official-letters";"LET NON-PRIV";"c";"c";"G";"mann";"Weak";"Consonant-Stem";"M/N";"l4";"l_l4";"c_lmod"
"salt:/ppcmbe2/victoria-186x-official-letters-2#sTok7708";"every";"every";"every year the Queen will require more help and assistance instead of less";"year";"year";"";"1";"Victoria, queen of England";"l4";"victoria-186x-official-letters";"LET NON-PRIV";"c";"a";"G";"gear";"Strong";"A-Stem";"N";"l4";"l_l4";"c_lmod"
"salt:/ppcmbe2/victoria-186x-official-letters-2#sTok8154";"some";"some";"after some years";"years";"year";"1";"";"Victoria, queen of England";"l4";"victoria-186x-official-letters";"LET NON-PRIV";"c";"a";"G";"gear";"Strong";"A-Stem";"N";"l4";"l_l4";"c_lmod"
"salt:/ppcmbe2/victoria-186x-official-letters-2#sTok10006";"every";"every";"every year , which 0 *T*-1 adds to her age , finds her nervous system and general strength <font> more and more <$$font> shaken";"year";"year";"";"1";"Victoria, queen of England";"l4";"victoria-186x-official-letters";"LET NON-PRIV";"c";"a";"G";"gear";"Strong";"A-Stem";"N";"l4";"l_l4";"c_lmod"
"salt:/ppcmbe2/victoria-186x-official-letters-2#sTok10038";"some";"some";"She always fears some complete breakdown some day ;";"day";"day";"";"1";"Victoria, queen of England";"l4";"victoria-186x-official-letters";"LET NON-PRIV";"c";"a";"G";"dæg";"Strong";"A-Stem";"M";"l4";"l_l4";"c_lmod"
"salt:/ppcmbe2/victoria-186x-official-letters-2#sTok10196";"any";"any";"but *con* can see any of the Ministers there <font> any day <$$font> between 12 and 4 , if 0 they will only let her know .";"day";"day";"";"1";"Victoria, queen of England";"l4";"victoria-186x-official-letters";"LET NON-PRIV";"c";"a";"G";"dæg";"Strong";"A-Stem";"M";"l4";"l_l4";"c_lmod"
"salt:/ppcmbe2/victoria-186x-official-letters-2#sTok13117";"any";"any";"Lord Stanley would bring him here any day , before the 19th , in the hope of being able to put an end to this sad captivity , or at least detention of these unfortunate people";"day";"day";"";"1";"Victoria, queen of England";"l4";"victoria-186x-official-letters";"LET NON-PRIV";"c";"a";"G";"dæg";"Strong";"A-Stem";"M";"l4";"l_l4";"c_lmod"
"salt:/ppcmbe2/victoria-186x-official-letters-2#sTok14580";"all";"all";"all the English Bishops disapproved what 0 *T*-1 the Archbishop <paren> who 0 *T*-2 is a mild and amiable man <$$paren> had done";"Bishops";"bishop";"1";"";"Victoria, queen of England";"l4";"victoria-186x-official-letters";"LET NON-PRIV";"c";"c";"G";"bisceop";"Strong";"A-Stem";"M";"l4";"l_l4";"c_lmod"
"salt:/ppcmbe2/victoria-186x-private-letters-1#sTok888";"every";"every";"I go every day to the beloved Mausoleum , where <font> 0 *T*-1 all <$$font> is peace and quiet !";"day";"day";"";"1";"Victoria, queen of England";"l4";"victoria-186x-private-letters";"LET PRIV";"c";"a";"G";"dæg";"Strong";"A-Stem";"M";"l4";"l_l4";"c_lmod"
"salt:/ppcmbe2/victoria-186x-private-letters-1#sTok2496";"no";"no";"no house 0 to live in *T*-4";"house";"house";"";"1";"Victoria, queen of England";"l4";"victoria-186x-private-letters";"LET PRIV";"c";"c";"G";"hus";"Strong";"A-Stem";"N";"l4";"l_l4";"c_lmod"
"salt:/ppcmbe2/victoria-186x-private-letters-1#sTok3119";"few";"few";"*T*-1 a <font> few <$$font> years more would be desirable";"years";"year";"1";"";"Victoria, queen of England";"l4";"victoria-186x-private-letters";"LET PRIV";"c";"a";"G";"gear";"Strong";"A-Stem";"N";"l4";"l_l4";"c_lmod"
"salt:/ppcmbe2/victoria-186x-private-letters-1#sTok7501";"all";"all";"all the rights of the Duchies being obtained";"rights";"right";"1";"";"Victoria, queen of England";"l4";"victoria-186x-private-letters";"LET PRIV";"c";"a";"G";"riht";"Strong";"A-Stem";"N";"l4";"l_l4";"c_lmod"
"salt:/ppcmbe2/victoria-186x-private-letters-1#sTok10955";"all";"all";"It is <font> not <$$font> dark <font> all <$$font> night";"night";"night";"";"1";"Victoria, queen of England";"l4";"victoria-186x-private-letters";"LET PRIV";"c";"a";"G";"niht";"Strong";"A-Stem";"N";"l4";"l_l4";"c_lmod"
"salt:/ppcmbe2/victoria-186x-private-letters-1#sTok10986";"some";"some";"with some meat";"meat";"meat";"";"1";"Victoria, queen of England";"l4";"victoria-186x-private-letters";"LET PRIV";"u";"s";"G";"mete";"Strong";"A-Stem";"M";"l4";"l_l4";"c_lmod"
"salt:/ppcmbe2/victoria-186x-private-letters-1#sTok11052";"some";"some";"for some fine old name";"name";"name";"";"1";"Victoria, queen of England";"l4";"victoria-186x-private-letters";"LET PRIV";"c";"a";"G";"nama";"Weak";"N-Stem";"M";"l4";"l_l4";"c_lmod"
"salt:/ppcmbe2/victoria-186x-private-letters-1#sTok12473";"all";"all";"but we have heard nothing more all day .";"day";"day";"";"1";"Victoria, queen of England";"l4";"victoria-186x-private-letters";"LET PRIV";"c";"a";"G";"dæg";"Strong";"A-Stem";"M";"l4";"l_l4";"c_lmod"
"salt:/ppcmbe2/walpole-174x-1#sTok3311";"either";"either";"on either hand";"hand";"hand";"";"1";"Walpole, Horace, earl of Orford";"l1";"walpole-174x";"LET PRIV";"c";"c";"G";"hand";"Strong";"U-Stem";"F";"l1";"i_l1";"c_lmod"
"salt:/ppcmbe2/walpole-174x-1#sTok3483";"every";"every";"The princess Craon has a constant pharaoh and supper *ICH*-1 every night , where 0 *T*-2 one is quite at one's ease .";"night";"night";"";"1";"Walpole, Horace, earl of Orford";"l1";"walpole-174x";"LET PRIV";"c";"a";"G";"niht";"Strong";"A-Stem";"N";"l1";"i_l1";"c_lmod"
"salt:/ppcmbe2/walpole-174x-1#sTok4607";"all";"all";"of all matter for filling up a letter";"matter";"matter";"";"1";"Walpole, Horace, earl of Orford";"l1";"walpole-174x";"LET PRIV";"c";"s";"R";"";"";"";"";"l1";"i_l1";"c_lmod"
"salt:/ppcmbe2/walpole-174x-1#sTok6585";"any";"any";"*T*-1 any man living";"man";"man";"";"1";"Walpole, Horace, earl of Orford";"l1";"walpole-174x";"LET PRIV";"c";"c";"G";"mann";"Weak";"Consonant-Stem";"M/N";"l1";"i_l1";"c_lmod"
"salt:/ppcmbe2/walpole-174x-1#sTok6591";"any";"any";"But any man living in that circumstance would think 0 I had been prompted by private reasons .";"man";"man";"";"1";"Walpole, Horace, earl of Orford";"l1";"walpole-174x";"LET PRIV";"c";"c";"G";"mann";"Weak";"Consonant-Stem";"M/N";"l1";"i_l1";"c_lmod"
"salt:/ppcmbe2/walpole-174x-1#sTok9144";"every";"every";"he passed by *T*-4 every day in Westminster-hall";"day";"day";"";"1";"Walpole, Horace, earl of Orford";"l1";"walpole-174x";"LET PRIV";"c";"a";"G";"dæg";"Strong";"A-Stem";"M";"l1";"i_l1";"c_lmod"
"salt:/ppcmbe2/walpole-174x-1#sTok10108";"no";"no";"no soul lives in it with me ; though 0 I could easily give you room at the butt end of it , and with vast pleasure";"soul";"soul";"";"1";"Walpole, Horace, earl of Orford";"l1";"walpole-174x";"LET PRIV";"c";"a";"G";"sawel";"Strong";"O-Stem";"F";"l1";"i_l1";"c_lmod"
"salt:/ppcmbe2/walpole-174x-1#sTok12598";"some";"some";"under some name or other";"name";"name";"";"1";"Walpole, Horace, earl of Orford";"l1";"walpole-174x";"LET PRIV";"c";"a";"G";"nama";"Weak";"N-Stem";"M";"l1";"i_l1";"c_lmod"
"salt:/ppcmbe2/walpole-179x-2#sTok1939";"no";"no";"they have no foreign enemy";"enemy";"enemy";"";"1";"Walpole, Horace, earl of Orford";"l2";"walpole-179x";"LET PRIV";"c";"c";"R";"";"";"";"";"l2";"j_l2";"c_lmod"
"salt:/ppcmbe2/walpole-179x-2#sTok3828";"Many";"many";"Many years ago";"years";"year";"1";"";"Walpole, Horace, earl of Orford";"l2";"walpole-179x";"LET PRIV";"c";"a";"G";"gear";"Strong";"A-Stem";"N";"l2";"j_l2";"c_lmod"
"salt:/ppcmbe2/walpole-179x-2#sTok4457";"every";"every";"of every house";"house";"house";"";"1";"Walpole, Horace, earl of Orford";"l2";"walpole-179x";"LET PRIV";"c";"c";"G";"hus";"Strong";"A-Stem";"N";"l2";"j_l2";"c_lmod"
"salt:/ppcmbe2/walpole-179x-2#sTok4563";"every";"every";"every day and every where";"day";"day";"";"1";"Walpole, Horace, earl of Orford";"l2";"walpole-179x";"LET PRIV";"c";"a";"G";"dæg";"Strong";"A-Stem";"M";"l2";"j_l2";"c_lmod"
"salt:/ppcmbe2/walpole-179x-2#sTok5079";"any";"any";"for any books , except modern novels , 0 that *T*-1 will not bring France to my mind , or 0 that *T*-2 at least will put it out for a <P_257> time";"books";"book";"1";"";"Walpole, Horace, earl of Orford";"l2";"walpole-179x";"LET PRIV";"c";"c";"G";"boc";"Weak";"Consonant-Stem";"F";"l2";"j_l2";"c_lmod"
"salt:/ppcmbe2/walpole-179x-2#sTok6382";"all";"all";"With all your friendly and benevolent heart";"heart";"heart";"";"1";"Walpole, Horace, earl of Orford";"l2";"walpole-179x";"LET PRIV";"c";"c";"G";"heorte";"Weak";"N-Stem";"F";"l2";"j_l2";"c_lmod"
"salt:/ppcmbe2/walpole-179x-2#sTok8056";"every";"every";"in every year";"year";"year";"";"1";"Walpole, Horace, earl of Orford";"l2";"walpole-179x";"LET PRIV";"c";"a";"G";"gear";"Strong";"A-Stem";"N";"l2";"j_l2";"c_lmod"
"salt:/ppcmbe2/walpole-179x-2#sTok10482";"any";"any";"than any man in England";"man";"man";"";"1";"Walpole, Horace, earl of Orford";"l2";"walpole-179x";"LET PRIV";"c";"c";"G";"mann";"Weak";"Consonant-Stem";"M/N";"l2";"j_l2";"c_lmod"
"salt:/ppcmbe2/walpole-179x-2#sTok11523";"every";"every";"every right has been trampled under foot .";"right";"right";"";"1";"Walpole, Horace, earl of Orford";"l2";"walpole-179x";"LET PRIV";"c";"a";"G";"riht";"Strong";"A-Stem";"N";"l2";"j_l2";"c_lmod"
"salt:/ppcmbe2/watson-1817-1#sTok381";"all";"all";"all the waste lands , mines , and quarries , were to be appropriated for the use of the government expence";"lands";"land";"1";"";"n/a";"l3";"watson-1817";"PROC TRIAL";"u";"a";"G";"land";"Strong";"A-Stem";"N";"l3";"k_l3";"c_lmod"
"salt:/ppcmbe2/watson-1817-1#sTok3087";"any";"any";"from any house in Greystoke Place";"house";"house";"";"1";"n/a";"l3";"watson-1817";"PROC TRIAL";"c";"c";"G";"hus";"Strong";"A-Stem";"N";"l3";"k_l3";"c_lmod"
"salt:/ppcmbe2/watson-1817-1#sTok3185";"any";"any";"out of any house in Greystoke Place";"house";"house";"";"1";"n/a";"l3";"watson-1817";"PROC TRIAL";"c";"c";"G";"hus";"Strong";"A-Stem";"N";"l3";"k_l3";"c_lmod"
"salt:/ppcmbe2/watson-1817-1#sTok9946";"all";"all";"and all those matters directly or indirectly , remotely , or nearly affecting the defence";"matters";"matter";"1";"";"n/a";"l3";"watson-1817";"PROC TRIAL";"c";"s";"R";"";"";"";"";"l3";"k_l3";"c_lmod"
"salt:/ppcmbe2/watson-1817-1#sTok14845";"any";"any";"or any other man";"man";"man";"";"1";"n/a";"l3";"watson-1817";"PROC TRIAL";"c";"c";"G";"mann";"Weak";"Consonant-Stem";"M/N";"l3";"k_l3";"c_lmod"
"salt:/ppcmbe2/watson-1817-1#sTok15327";"any";"any";"nor any other man";"man";"man";"";"1";"n/a";"l3";"watson-1817";"PROC TRIAL";"c";"c";"G";"mann";"Weak";"Consonant-Stem";"M/N";"l3";"k_l3";"c_lmod"
"salt:/ppcmbe2/watson-1817-1#sTok16313";"any";"any";"to any future day";"day";"day";"";"1";"n/a";"l3";"watson-1817";"PROC TRIAL";"c";"a";"G";"dæg";"Strong";"A-Stem";"M";"l3";"k_l3";"c_lmod"
"salt:/ppcmbe2/watson-1817-1#sTok16958";"any";"any";"Was any other day moved as an adjournment day by any other person";"day";"day";"";"1";"n/a";"l3";"watson-1817";"PROC TRIAL";"c";"a";"G";"dæg";"Strong";"A-Stem";"M";"l3";"k_l3";"c_lmod"
"salt:/ppcmbe2/watson-1817-1#sTok18412";"any";"any";"Was any day proposed to Mr. Hunt , as a day to which 0 *T*-1 the meeting should adjourn";"day";"day";"";"1";"n/a";"l3";"watson-1817";"PROC TRIAL";"c";"a";"G";"dæg";"Strong";"A-Stem";"M";"l3";"k_l3";"c_lmod"
"salt:/ppcmbe2/watson-1817-1#sTok20257";"some";"some";"or some other matters promotive of the matters charged in the Indictment";"matters";"matter";"1";"";"n/a";"l3";"watson-1817";"PROC TRIAL";"c";"s";"R";"";"";"";"";"l3";"k_l3";"c_lmod"
"salt:/ppcmbe2/watson-1817-1#sTok25233";"every";"every";"every man will do his duty";"man";"man";"";"1";"n/a";"l3";"watson-1817";"PROC TRIAL";"c";"c";"G";"mann";"Weak";"Consonant-Stem";"M/N";"l3";"k_l3";"c_lmod"
"salt:/ppcmbe2/watson-1817-1#sTok25835";"every";"every";"to place every man , in distress , in a comfortable situation";"man";"man";"";"1";"n/a";"l3";"watson-1817";"PROC TRIAL";"c";"c";"G";"mann";"Weak";"Consonant-Stem";"M/N";"l3";"k_l3";"c_lmod"
"salt:/ppcmbe2/watson-1817-1#sTok30759";"some";"some";"for some years";"years";"year";"1";"";"n/a";"l3";"watson-1817";"PROC TRIAL";"c";"a";"G";"gear";"Strong";"A-Stem";"N";"l3";"k_l3";"c_lmod"
"salt:/ppcmbe2/watson-1817-1#sTok32149";"no";"no";"and you have no right to ask it ;";"right";"right";"";"1";"n/a";"l3";"watson-1817";"PROC TRIAL";"c";"a";"G";"riht";"Strong";"A-Stem";"N";"l3";"k_l3";"c_lmod"
"salt:/ppcmbe2/watson-1817-1#sTok35997";"many";"many";"many very eminent men at the Bar had doubts";"men";"man";"1";"";"n/a";"l3";"watson-1817";"PROC TRIAL";"c";"c";"G";"mann";"Weak";"Consonant-Stem";"M/N";"l3";"k_l3";"c_lmod"
"salt:/ppcmbe2/watson-1817-1#sTok36124";"all";"all";"all that day , or the greater part";"day";"day";"";"1";"n/a";"l3";"watson-1817";"PROC TRIAL";"c";"a";"G";"dæg";"Strong";"A-Stem";"M";"l3";"k_l3";"c_lmod"
"salt:/ppcmbe2/watson-1817-1#sTok38650";"no";"no";"if 0 any body has contravened your Lordship's order , there is no man more ready to stand forth to enforce the law , or to punish any person brought before your Lordship , than 0 0 *T*-2 I shall be , on such an occasion as this";"man";"man";"";"1";"n/a";"l3";"watson-1817";"PROC TRIAL";"c";"c";"G";"mann";"Weak";"Consonant-Stem";"M/N";"l3";"k_l3";"c_lmod"
"salt:/ppcmbe2/watts-1726-2#sTok99";"several";"several";"with its several Lands , Seas , Rivers , Islands , <font> &c.";"Lands";"land";"1";"";"Watts, Isaac";"l1";"watts-1726";"SCIENCE OTHER";"u";"a";"G";"land";"Strong";"A-Stem";"N";"l1";"i_l1";"c_lmod"
"salt:/ppcmbe2/watts-1726-2#sTok643";"every";"every";"yet every Day changing its Place a little in the Heavens , till 0 in a Year's Time it returns to the same Place again";"Day";"day";"";"1";"Watts, Isaac";"l1";"watts-1726";"SCIENCE OTHER";"c";"a";"G";"dæg";"Strong";"A-Stem";"M";"l1";"i_l1";"c_lmod"
"salt:/ppcmbe2/watts-1726-2#sTok939";"no";"no";"*T*-1 in our Horizon at <font> London <$$font> there is no perfect Night in the very middle of Summer for two Months together";"Night";"night";"";"1";"Watts, Isaac";"l1";"watts-1726";"SCIENCE OTHER";"c";"a";"G";"niht";"Strong";"A-Stem";"N";"l1";"i_l1";"c_lmod"
"salt:/ppcmbe2/watts-1726-2#sTok2756";"every";"every";"*-2 to move slowly as a Snail thro' almost one Degree of the <font> Ecliptick <$$font> Line every Day <font> from the West to the East";"Day";"day";"";"1";"Watts, Isaac";"l1";"watts-1726";"SCIENCE OTHER";"c";"a";"G";"dæg";"Strong";"A-Stem";"M";"l1";"i_l1";"c_lmod"
"salt:/ppcmbe2/watts-1726-2#sTok2848";"all";"all";"all the Year long";"Year";"year";"";"1";"Watts, Isaac";"l1";"watts-1726";"SCIENCE OTHER";"c";"a";"G";"gear";"Strong";"A-Stem";"N";"l1";"i_l1";"c_lmod"
"salt:/ppcmbe2/watts-1726-2#sTok3037";"every";"every";"Therefore every fourth Year has 366 Days in it ,";"Year";"year";"";"1";"Watts, Isaac";"l1";"watts-1726";"SCIENCE OTHER";"c";"a";"G";"gear";"Strong";"A-Stem";"N";"l1";"i_l1";"c_lmod"
"salt:/ppcmbe2/watts-1726-2#sTok3336";"every";"every";"*T*-2 he is every Day in the Year";"Day";"day";"";"1";"Watts, Isaac";"l1";"watts-1726";"SCIENCE OTHER";"c";"a";"G";"dæg";"Strong";"A-Stem";"M";"l1";"i_l1";"c_lmod"
"salt:/ppcmbe2/watts-1726-2#sTok5046";"every";"every";"*T*-4 *con* advances 50 Seconds or almost a Minute of a Degree every Year , which 0 *T*-5 amounts to one whole Degree in 72 Years , and *T*-5 will fulfil a compleat Revolution in 25920 Years";"Year";"year";"";"1";"Watts, Isaac";"l1";"watts-1726";"SCIENCE OTHER";"c";"a";"G";"gear";"Strong";"A-Stem";"N";"l1";"i_l1";"c_lmod"
"salt:/ppcmbe2/watts-1726-2#sTok8338";"any";"any";"of any Day in the Year , or in any particular Town or City";"Day";"day";"";"1";"Watts, Isaac";"l1";"watts-1726";"SCIENCE OTHER";"c";"a";"G";"dæg";"Strong";"A-Stem";"M";"l1";"i_l1";"c_lmod"
"salt:/ppcmbe2/watts-1726-2#sTok8560";"every";"every";"the <font> Sun's <P_30> Path <$$font> every Day in the Year";"Day";"day";"";"1";"Watts, Isaac";"l1";"watts-1726";"SCIENCE OTHER";"c";"a";"G";"dæg";"Strong";"A-Stem";"M";"l1";"i_l1";"c_lmod"
"salt:/ppcmbe2/watts-1726-2#sTok9260";"every";"every";"the <font> Sun's Declination <$$font> alters near half a Degree every Day just about the <font> Equinoxes";"Day";"day";"";"1";"Watts, Isaac";"l1";"watts-1726";"SCIENCE OTHER";"c";"a";"G";"dæg";"Strong";"A-Stem";"M";"l1";"i_l1";"c_lmod"
"salt:/ppcmbe2/watts-1726-2#sTok11450";"any";"any";"But $'t $is {TEXT:'tis} not at the East or West at <font> six <$$font> a Clock any other Day in the Year besides the two Equinoctial Days , as 0 0 *T*-1 will easily appear in an <font> oblique Position of the Sphere <$$font> , <paren> of which *T*-2 see the next Section <$$paren> and especially in the last Section where 0 *T*-4 the <font> Analemma <$$font> shall be more fully described .";"Day";"day";"";"1";"Watts, Isaac";"l1";"watts-1726";"SCIENCE OTHER";"c";"a";"G";"dæg";"Strong";"A-Stem";"M";"l1";"i_l1";"c_lmod"
"salt:/ppcmbe2/weathers-1913-1#sTok413";"every";"every";"and *con* will spend an amount of money every year in cultivation 0 that the farmer would consider *T*-1 exorbitant or extravagant .";"year";"year";"";"1";"Weathers, John (ed.).";"l4";"weathers-1913";"HANDB OTHER";"c";"a";"G";"gear";"Strong";"A-Stem";"N";"l4";"l_l4";"c_lmod"
"salt:/ppcmbe2/weathers-1913-1#sTok984";"each";"each";"one firm alone sells each year about 50,000 bus. of culinary Peas : 51,000 bus. of root-crop seeds ; 6500 bus. of Beans ; 41 tons of seeds of the various Cabbage crops ; 1300 bus. of Radish seeds ; 25 tons of Beet seed ; 1400 bus. of Spinach seed ; 10 tons of Onion seed ; 17 tons of Carrot seed ; 220 bus. of Parsley seed ; 10 tons of Parsnip seed ; 15 tons of Sweet Pea seed ; 14 tons of Nasturtium <paren> Tropaeolum <$$paren> seed ; and 3 tons of Mignonette seed";"year";"year";"";"1";"Weathers, John (ed.).";"l4";"weathers-1913";"HANDB OTHER";"c";"a";"G";"gear";"Strong";"A-Stem";"N";"l4";"l_l4";"c_lmod"
"salt:/ppcmbe2/weathers-1913-1#sTok2739";"every";"every";"Some of the larger firms issue as many as eighty thousand beautifully prepared catalogues *ICH*-1 every year , weighing in the aggregate from 90 to 100 tons ; while 0 smaller men print and distribute catalogues according to their means .";"year";"year";"";"1";"Weathers, John (ed.).";"l4";"weathers-1913";"HANDB OTHER";"c";"a";"G";"gear";"Strong";"A-Stem";"N";"l4";"l_l4";"c_lmod"
"salt:/ppcmbe2/weathers-1913-1#sTok4231";"few";"few";"a few years ago";"years";"year";"1";"";"Weathers, John (ed.).";"l4";"weathers-1913";"HANDB OTHER";"c";"a";"G";"gear";"Strong";"A-Stem";"N";"l4";"l_l4";"c_lmod"
"salt:/ppcmbe2/weathers-1913-1#sTok6627";"every";"every";"*T*-2 are raised every year in different parts of England , Ireland , and Scotland";"year";"year";"";"1";"Weathers, John (ed.).";"l4";"weathers-1913";"HANDB OTHER";"c";"a";"G";"gear";"Strong";"A-Stem";"N";"l4";"l_l4";"c_lmod"
"salt:/ppcmbe2/weathers-1913-1#sTok6723";"all";"all";"*T*-2 could not only plant all the waste land in the United Kingdom in a comparatively short time";"land";"land";"";"1";"Weathers, John (ed.).";"l4";"weathers-1913";"HANDB OTHER";"u";"a";"G";"land";"Strong";"A-Stem";"N";"l4";"l_l4";"c_lmod"
"salt:/ppcmbe2/weathers-1913-1#sTok7872";"some";"some";"some fifty years ago";"years";"year";"1";"";"Weathers, John (ed.).";"l4";"weathers-1913";"HANDB OTHER";"c";"a";"G";"gear";"Strong";"A-Stem";"N";"l4";"l_l4";"c_lmod"
"salt:/ppcmbe2/weathers-1913-1#sTok8023";"many";"many";"of the many beautiful trees , shrubs , and other plants 0 that *T*-1 were likely to succeed under the climatic conditions 0 that *T*-2 obtain in the United Kingdom";"trees";"tree";"1";"";"Weathers, John (ed.).";"l4";"weathers-1913";"HANDB OTHER";"c";"c";"G";"treow";"Strong";"A-Stem";"N";"l4";"l_l4";"c_lmod"
"salt:/ppcmbe2/weathers-1913-1#sTok9386";"few";"few";"Within the past few years";"years";"year";"1";"";"Weathers, John (ed.).";"l4";"weathers-1913";"HANDB OTHER";"c";"a";"G";"gear";"Strong";"A-Stem";"N";"l4";"l_l4";"c_lmod"
"salt:/ppcmbe2/weathers-1913-1#sTok9746";"many";"many";"of the many beautiful trees , shrubs , &c. , 0 that *T*-1 had been introduced from Japan";"trees";"tree";"1";"";"Weathers, John (ed.).";"l4";"weathers-1913";"HANDB OTHER";"c";"c";"G";"treow";"Strong";"A-Stem";"N";"l4";"l_l4";"c_lmod"
"salt:/ppcmbe2/webster-1718-1#sTok1554";"many";"many";"*T*-4 many Men of but dull Genius , make Shift to rub through their Business";"Men";"man";"1";"";"Webster, William";"l1";"webster-1718";"EDUC TREAT";"c";"c";"G";"mann";"Weak";"Consonant-Stem";"M/N";"l1";"i_l1";"c_lmod"
"salt:/ppcmbe2/wellesley-1815-1#sTok3821";"no";"no";"no man breathing believes 0 it was intended *T*-3 to bear";"man";"man";"";"1";"Wellesley, Arthur, 1st duke of Wellington";"l3";"wellesley-1815";"LET NON-PRIV";"c";"c";"G";"mann";"Weak";"Consonant-Stem";"M/N";"l3";"k_l3";"c_lmod"
"salt:/ppcmbe2/wellesley-1815-1#sTok7241";"no";"no";"no country , particularly one which 0 *T*-3 has at its command the means of inundation , can make an exertion for its defence against a foreign enemy , without individual inconvenience and injury";"country";"country";"";"1";"Wellesley, Arthur, 1st duke of Wellington";"l3";"wellesley-1815";"LET NON-PRIV";"c";"c";"R";"";"";"";"";"l3";"k_l3";"c_lmod"
"salt:/ppcmbe2/wellesley-1815-1#sTok9031";"Every";"every";"Every man who 0 *T*-1 shall have in his possession a voucher or receipt on the part of the officers of Louis XVIII. will feel an interest in the success of the cause , in proportion as 0 0 *T*-2 he shall value the property taken from him .";"man";"man";"";"1";"Wellesley, Arthur, 1st duke of Wellington";"l3";"wellesley-1815";"LET NON-PRIV";"c";"c";"G";"mann";"Weak";"Consonant-Stem";"M/N";"l3";"k_l3";"c_lmod"
"salt:/ppcmbe2/wellesley-1815-1#sTok12591";"many";"many";"for many years";"years";"year";"1";"";"Wellesley, Arthur, 1st duke of Wellington";"l3";"wellesley-1815";"LET NON-PRIV";"c";"a";"G";"gear";"Strong";"A-Stem";"N";"l3";"k_l3";"c_lmod"
"salt:/ppcmbe2/wesley-174x-1#sTok878";"some";"some";"into some Houses";"Houses";"house";"1";"";"Wesley, John";"l1";"wesley-174x";"DIARY PRIV";"c";"c";"G";"hus";"Strong";"A-Stem";"N";"l1";"i_l1";"c_lmod"
"salt:/ppcmbe2/wesley-174x-1#sTok941";"all";"all";"The Mob had been gathering all <font> Monday <$$font> Night ,";"Night";"night";"";"1";"Wesley, John";"l1";"wesley-174x";"DIARY PRIV";"c";"a";"G";"niht";"Strong";"A-Stem";"N";"l1";"i_l1";"c_lmod"
"salt:/ppcmbe2/wesley-174x-1#sTok967";"all";"all";"They assaulted , one after another , all the Houses of those who 0 *T*-1 were called <font> *-1 Methodists . <$$font>";"Houses";"house";"1";"";"Wesley, John";"l1";"wesley-174x";"DIARY PRIV";"c";"c";"G";"hus";"Strong";"A-Stem";"N";"l1";"i_l1";"c_lmod"
"salt:/ppcmbe2/wesley-174x-1#sTok1189";"every";"every";"every Man loading himself with as much as 0 0 *T*-2 he could well carry , of whatever 0 *T*-3 he liked best";"Man";"man";"";"1";"Wesley, John";"l1";"wesley-174x";"DIARY PRIV";"c";"c";"G";"mann";"Weak";"Consonant-Stem";"M/N";"l1";"i_l1";"c_lmod"
"salt:/ppcmbe2/wesley-174x-1#sTok1404";"many";"many";"*T*-1 plundered many Houses there , as 0 0 *T*-2 they had done in several other Villages";"Houses";"house";"1";"";"Wesley, John";"l1";"wesley-174x";"DIARY PRIV";"c";"c";"G";"hus";"Strong";"A-Stem";"N";"l1";"i_l1";"c_lmod"
"salt:/ppcmbe2/wesley-174x-1#sTok1515";"every";"every";"every Man who 0 *T*-2 had been plundered , might come";"Man";"man";"";"1";"Wesley, John";"l1";"wesley-174x";"DIARY PRIV";"c";"c";"G";"mann";"Weak";"Consonant-Stem";"M/N";"l1";"i_l1";"c_lmod"
"salt:/ppcmbe2/wesley-174x-1#sTok1911";"several";"several";"several Days before";"Days";"day";"1";"";"Wesley, John";"l1";"wesley-174x";"DIARY PRIV";"c";"a";"G";"dæg";"Strong";"A-Stem";"M";"l1";"i_l1";"c_lmod"
"salt:/ppcmbe2/wesley-174x-1#sTok1946";"all";"all";"inviting all the Country to come and * join them";"Country";"country";"";"1";"Wesley, John";"l1";"wesley-174x";"DIARY PRIV";"c";"c";"R";"";"";"";"";"l1";"i_l1";"c_lmod"
"salt:/ppcmbe2/wesley-174x-1#sTok1974";"all";"all";"they have suffered all Manner of Outrages for several Months past :";"Manner";"manner";"";"1";"Wesley, John";"l1";"wesley-174x";"DIARY PRIV";"u";"a";"R";"";"";"";"";"l1";"i_l1";"c_lmod"
"salt:/ppcmbe2/wesley-174x-1#sTok2003";"any";"any";"burning any House";"House";"house";"";"1";"Wesley, John";"l1";"wesley-174x";"DIARY PRIV";"c";"c";"G";"hus";"Strong";"A-Stem";"N";"l1";"i_l1";"c_lmod"
"salt:/ppcmbe2/wesley-174x-1#sTok3572";"all";"all";"We of the Clergy in particular , put all Men in mind , to revere the higher Powers as of God ;";"Men";"man";"1";"";"Wesley, John";"l1";"wesley-174x";"DIARY PRIV";"c";"c";"G";"mann";"Weak";"Consonant-Stem";"M/N";"l1";"i_l1";"c_lmod"
"salt:/ppcmbe2/wesley-174x-1#sTok3667";"all";"all";"of all the Kings of the Earth";"Kings";"king";"1";"";"Wesley, John";"l1";"wesley-174x";"DIARY PRIV";"c";"c";"G";"cyning";"Strong";"A-Stem";"M";"l1";"i_l1";"c_lmod"
"salt:/ppcmbe2/wesley-174x-1#sTok3676";"all";"all";"against all the Enemies of your Majesty";"Enemies";"enemy";"1";"";"Wesley, John";"l1";"wesley-174x";"DIARY PRIV";"c";"c";"R";"";"";"";"";"l1";"i_l1";"c_lmod"
"salt:/ppcmbe2/wesley-174x-1#sTok3793";"few";"few";"for me , to spend a few Days at <font> Bristol";"Days";"day";"1";"";"Wesley, John";"l1";"wesley-174x";"DIARY PRIV";"c";"a";"G";"dæg";"Strong";"A-Stem";"M";"l1";"i_l1";"c_lmod"
"salt:/ppcmbe2/wesley-174x-1#sTok5207";"few";"few";"and a few Stones or Pieces of Dirt";"Stones";"stone";"1";"";"Wesley, John";"l1";"wesley-174x";"DIARY PRIV";"u";"c";"G";"stan";"Strong";"A-Stem";"M";"l1";"i_l1";"c_lmod"
"salt:/ppcmbe2/wesley-174x-1#sTok5836";"all";"all";"and all Manner of Wickedness";"Manner";"manner";"";"1";"Wesley, John";"l1";"wesley-174x";"DIARY PRIV";"u";"a";"R";"";"";"";"";"l1";"i_l1";"c_lmod"
"salt:/ppcmbe2/wesley-174x-1#sTok6084";"any";"any";"*T*-3 never before <font> knew any Work of <$$font> God <font> upon his Soul";"Work";"work";"";"1";"Wesley, John";"l1";"wesley-174x";"DIARY PRIV";"u";"a";"G";"weorc";"Strong";"A-Stem";"N";"l1";"i_l1";"c_lmod"
"salt:/ppcmbe2/wesley-174x-1#sTok6345";"either";"either";"on either hand";"hand";"hand";"";"1";"Wesley, John";"l1";"wesley-174x";"DIARY PRIV";"c";"c";"G";"hand";"Strong";"U-Stem";"F";"l1";"i_l1";"c_lmod"
"salt:/ppcmbe2/wesley-174x-1#sTok7900";"many";"many";"on many Hearts";"Hearts";"heart";"1";"";"Wesley, John";"l1";"wesley-174x";"DIARY PRIV";"c";"c";"G";"heorte";"Weak";"N-Stem";"F";"l1";"i_l1";"c_lmod"
"salt:/ppcmbe2/wesley-174x-1#sTok8726";"any";"any";"for any manner of Mischief";"manner";"manner";"";"1";"Wesley, John";"l1";"wesley-174x";"DIARY PRIV";"u";"a";"R";"";"";"";"";"l1";"i_l1";"c_lmod"
"salt:/ppcmbe2/wesley-174x-1#sTok8758";"All";"all";"All the Men in the Congregation would be prest";"Men";"man";"1";"";"Wesley, John";"l1";"wesley-174x";"DIARY PRIV";"c";"c";"G";"mann";"Weak";"Consonant-Stem";"M/N";"l1";"i_l1";"c_lmod"
"salt:/ppcmbe2/wesley-174x-1#sTok8843";"no";"no";"But no Man opened his Lips against us .";"Man";"man";"";"1";"Wesley, John";"l1";"wesley-174x";"DIARY PRIV";"c";"c";"G";"mann";"Weak";"Consonant-Stem";"M/N";"l1";"i_l1";"c_lmod"
"salt:/ppcmbe2/wesley-174x-1#sTok9030";"no";"no";"no Man interrupting me";"Man";"man";"";"1";"Wesley, John";"l1";"wesley-174x";"DIARY PRIV";"c";"c";"G";"mann";"Weak";"Consonant-Stem";"M/N";"l1";"i_l1";"c_lmod"
"salt:/ppcmbe2/wesley-174x-1#sTok10470";"many";"many";"and many other Souls";"Souls";"soul";"1";"";"Wesley, John";"l1";"wesley-174x";"DIARY PRIV";"c";"a";"G";"sawel";"Strong";"O-Stem";"F";"l1";"i_l1";"c_lmod"
"salt:/ppcmbe2/wesley-174x-1#sTok10594";"some";"some";"Perhaps God may give us some Fruit here also .";"Fruit";"fruit";"";"1";"Wesley, John";"l1";"wesley-174x";"DIARY PRIV";"c";"s";"R";"";"";"";"";"l1";"i_l1";"c_lmod"
"salt:/ppcmbe2/wesley-174x-1#sTok11652";"few";"few";"Perhaps few Men of Note would have given a Sermon of mine the Reading , if 0 I had put it into their Hands .";"Men";"man";"1";"";"Wesley, John";"l1";"wesley-174x";"DIARY PRIV";"c";"c";"G";"mann";"Weak";"Consonant-Stem";"M/N";"l1";"i_l1";"c_lmod"
"salt:/ppcmbe2/wesley-174x-1#sTok11693";"every";"every";"by every Man of Eminence in the University";"Man";"man";"";"1";"Wesley, John";"l1";"wesley-174x";"DIARY PRIV";"c";"c";"G";"mann";"Weak";"Consonant-Stem";"M/N";"l1";"i_l1";"c_lmod"
"salt:/ppcmbe2/wesley-174x-1#sTok12034";"few";"few";"a few Days before 0 she died";"Days";"day";"1";"";"Wesley, John";"l1";"wesley-174x";"DIARY PRIV";"c";"a";"G";"dæg";"Strong";"A-Stem";"M";"l1";"i_l1";"c_lmod"
"salt:/ppcmbe2/wesley-174x-1#sTok12232";"no";"no";"and *con* fear no Evil . \"";"Evil";"evil";"";"1";"Wesley, John";"l1";"wesley-174x";"DIARY PRIV";"u";"a";"G";"yfel";"Strong";"A-Stem";"N";"l1";"i_l1";"c_lmod"
"salt:/ppcmbe2/wesley-174x-1#sTok12391";"every";"every";"and *con* every Day grew worse ; so that when 0 I came to the House on <font> Monday , <$$font> the 10th , <paren> though 0 I knew nothing of him , or of his Ilness {COM:sic} before <$$paren> he was just gasping for Breath .";"Day";"day";"";"1";"Wesley, John";"l1";"wesley-174x";"DIARY PRIV";"c";"a";"G";"dæg";"Strong";"A-Stem";"M";"l1";"i_l1";"c_lmod"
"salt:/ppcmbe2/wesley-174x-1#sTok12514";"All";"all";"All this Day as 0 0 *T*-2 his Illness so his Terrors increased .";"Day";"day";"";"1";"Wesley, John";"l1";"wesley-174x";"DIARY PRIV";"c";"a";"G";"dæg";"Strong";"A-Stem";"M";"l1";"i_l1";"c_lmod"
"salt:/ppcmbe2/wesley-1750-2#sTok984";"all";"all";"To count all the Sins *ICH*-2 , whether against God or our Neighbour , not which 0 *T*-3 Imagination might paint , but which 0 *T*-4 may be Matter of daily melancholy Experience";"Sins";"sin";"1";"";"Wesley, John";"l1";"wesley-1750";"SERMON";"c";"a";"G";"syn";"Strong";"O-Stem";"F";"l1";"i_l1";"c_lmod"
"salt:/ppcmbe2/wesley-1750-2#sTok1022";"all";"all";"over all the Earth";"Earth";"earth";"";"1";"Wesley, John";"l1";"wesley-1750";"SERMON";"u";"s";"G";"eorþe";"Weak";"N-Stem";"F";"l1";"i_l1";"c_lmod"
"salt:/ppcmbe2/wesley-1750-2#sTok1035";"any";"any";"any single Country , or City or Town";"Country";"country";"";"1";"Wesley, John";"l1";"wesley-1750";"SERMON";"c";"c";"R";"";"";"";"";"l1";"i_l1";"c_lmod"
"salt:/ppcmbe2/wesley-1750-2#sTok1810";"many";"many";"many wise Men after the Flesh , <$$font> according to the human Methods of judging , <font> many mighty <$$font> , in Power , in Courage , in Riches many <font> noble";"Men";"man";"1";"";"Wesley, John";"l1";"wesley-1750";"SERMON";"c";"c";"G";"mann";"Weak";"Consonant-Stem";"M/N";"l1";"i_l1";"c_lmod"
"salt:/ppcmbe2/wesley-1750-2#sTok2122";"all";"all";"from all his Sins";"Sins";"sin";"1";"";"Wesley, John";"l1";"wesley-1750";"SERMON";"c";"a";"G";"syn";"Strong";"O-Stem";"F";"l1";"i_l1";"c_lmod"
"salt:/ppcmbe2/wesley-1750-2#sTok2302";"all";"all";"unto all Men";"Men";"man";"1";"";"Wesley, John";"l1";"wesley-1750";"SERMON";"c";"c";"G";"mann";"Weak";"Consonant-Stem";"M/N";"l1";"i_l1";"c_lmod"
"salt:/ppcmbe2/wesley-1750-2#sTok2311";"all";"all";"Evil , all Manner of Evil";"Manner";"manner";"";"1";"Wesley, John";"l1";"wesley-1750";"SERMON";"u";"a";"R";"";"";"";"";"l1";"i_l1";"c_lmod"
"salt:/ppcmbe2/wesley-1750-2#sTok2630";"all";"all";"unto all Men";"Men";"man";"1";"";"Wesley, John";"l1";"wesley-1750";"SERMON";"c";"c";"G";"mann";"Weak";"Consonant-Stem";"M/N";"l1";"i_l1";"c_lmod"
"salt:/ppcmbe2/wesley-1750-2#sTok3124";"many";"many";"For there are many mighty and noble and powerful Men , as well as wise , in the Road 0 that *T*-2 leadeth to Destruction ;";"Men";"man";"1";"";"Wesley, John";"l1";"wesley-1750";"SERMON";"c";"c";"G";"mann";"Weak";"Consonant-Stem";"M/N";"l1";"i_l1";"c_lmod"
"salt:/ppcmbe2/wesley-1750-2#sTok3211";"all";"all";"of all Men";"Men";"man";"1";"";"Wesley, John";"l1";"wesley-1750";"SERMON";"c";"c";"G";"mann";"Weak";"Consonant-Stem";"M/N";"l1";"i_l1";"c_lmod"
"salt:/ppcmbe2/wesley-1750-2#sTok4664";"no";"no";"*T*-1 no Man can see the Lord";"Man";"man";"";"1";"Wesley, John";"l1";"wesley-1750";"SERMON";"c";"c";"G";"mann";"Weak";"Consonant-Stem";"M/N";"l1";"i_l1";"c_lmod"
"salt:/ppcmbe2/wesley-1750-2#sTok4887";"all";"all";"to all Men";"Men";"man";"1";"";"Wesley, John";"l1";"wesley-1750";"SERMON";"c";"c";"G";"mann";"Weak";"Consonant-Stem";"M/N";"l1";"i_l1";"c_lmod"
"salt:/ppcmbe2/wesley-1755-2#sTok297";"every";"every";"every Man *ICH*-2 is <font> beside himself <$$font> , who 0 *T*-3 says , 0 The Love of God is shed abroad in his Heart , by the Holy Ghost given unto him";"Man";"man";"";"1";"Wesley, John";"l1";"wesley-1755";"SERMON";"c";"c";"G";"mann";"Weak";"Consonant-Stem";"M/N";"l1";"i_l1";"c_lmod"
"salt:/ppcmbe2/wesley-1755-2#sTok1275";"no";"no";"there is no Man excellent in his Profession , whatsoever 0 *T*-2 it be , who 0 *T*-3 has not in his Temper a strong Tincture of <font> Enthusiasm";"Man";"man";"";"1";"Wesley, John";"l1";"wesley-1755";"SERMON";"c";"c";"G";"mann";"Weak";"Consonant-Stem";"M/N";"l1";"i_l1";"c_lmod"
"salt:/ppcmbe2/wesley-1755-2#sTok1790";"some";"some";"in some such Manner as this : a religious Madness arising from some falsely imagined Influence or Inspiration of God : at least , from imputing something *ICH*-1 to God which 0 *T*-2 ought not to be imputed to him , or expecting something *ICH*-3 from God which 0 *T*-4 ought not to be expected from him";"Manner";"manner";"";"1";"Wesley, John";"l1";"wesley-1755";"SERMON";"u";"a";"R";"";"";"";"";"l1";"i_l1";"c_lmod"
"salt:/ppcmbe2/wesley-1755-2#sTok2640";"many";"many";"many Years ago";"Years";"year";"1";"";"Wesley, John";"l1";"wesley-1755";"SERMON";"c";"a";"G";"gear";"Strong";"A-Stem";"N";"l1";"i_l1";"c_lmod"
"salt:/ppcmbe2/wesley-1755-2#sTok3666";"any";"any";"any Man have not the Spirit of Christ";"Man";"man";"";"1";"Wesley, John";"l1";"wesley-1755";"SERMON";"c";"c";"G";"mann";"Weak";"Consonant-Stem";"M/N";"l1";"i_l1";"c_lmod"
"salt:/ppcmbe2/wesley-1755-2#sTok5606";"all";"all";"over all Men in the Universe";"Men";"man";"1";"";"Wesley, John";"l1";"wesley-1755";"SERMON";"c";"c";"G";"mann";"Weak";"Consonant-Stem";"M/N";"l1";"i_l1";"c_lmod"
"salt:/ppcmbe2/wesley-1755-2#sTok5664";"every";"every";"*T*-4 every Man under Heaven to be";"Man";"man";"";"1";"Wesley, John";"l1";"wesley-1755";"SERMON";"c";"c";"G";"mann";"Weak";"Consonant-Stem";"M/N";"l1";"i_l1";"c_lmod"
"salt:/ppcmbe2/wesley-1755-2#sTok6071";"all";"all";"even all Manner of Wickedness";"Manner";"manner";"";"1";"Wesley, John";"l1";"wesley-1755";"SERMON";"u";"a";"R";"";"";"";"";"l1";"i_l1";"c_lmod"
"salt:/ppcmbe2/wesley-1755-2#sTok6076";"all";"all";"all the Works of Darkness";"Works";"work";"1";"";"Wesley, John";"l1";"wesley-1755";"SERMON";"u";"a";"G";"weorc";"Strong";"A-Stem";"N";"l1";"i_l1";"c_lmod"
"salt:/ppcmbe2/wesley-1755-2#sTok6309";"any";"any";"any Man an <font> Enthusiast";"Man";"man";"";"1";"Wesley, John";"l1";"wesley-1755";"SERMON";"c";"c";"G";"mann";"Weak";"Consonant-Stem";"M/N";"l1";"i_l1";"c_lmod"
"salt:/ppcmbe2/wesley-1755-2#sTok6331";"any";"any";"giving any Name of Reproach to any Man";"Name";"name";"";"1";"Wesley, John";"l1";"wesley-1755";"SERMON";"c";"a";"G";"nama";"Weak";"N-Stem";"M";"l1";"i_l1";"c_lmod"
"salt:/ppcmbe2/wesley-1755-2#sTok6336";"any";"any";"to any Man";"Man";"man";"";"1";"Wesley, John";"l1";"wesley-1755";"SERMON";"c";"c";"G";"mann";"Weak";"Consonant-Stem";"M/N";"l1";"i_l1";"c_lmod"
"salt:/ppcmbe2/whewell-1837-1#sTok6239";"no";"no";"and *con* bring no day .";"day";"day";"";"1";"Whewell, William";"l3";"whewell-1837";"EDUC TREAT";"c";"a";"G";"dæg";"Strong";"A-Stem";"M";"l3";"k_l3";"c_lmod"
"salt:/ppcmbe2/whewell-1837-1#sTok7049";"no";"no";"This is no slight matter .";"matter";"matter";"";"1";"Whewell, William";"l3";"whewell-1837";"EDUC TREAT";"c";"s";"R";"";"";"";"";"l3";"k_l3";"c_lmod"
"salt:/ppcmbe2/whewell-1837-1#sTok7242";"some";"some";"in some countries";"countries";"country";"1";"";"Whewell, William";"l3";"whewell-1837";"EDUC TREAT";"c";"c";"R";"";"";"";"";"l3";"k_l3";"c_lmod"
"salt:/ppcmbe2/whewell-1837-1#sTok7378";"all";"all";"of all cultured men";"men";"man";"1";"";"Whewell, William";"l3";"whewell-1837";"EDUC TREAT";"c";"c";"G";"mann";"Weak";"Consonant-Stem";"M/N";"l3";"k_l3";"c_lmod"
"salt:/ppcmbe2/whewell-1837-1#sTok9844";"All";"all";"All the countries of lettered Europe have been one body , because 0 the same nutriment , the literature of the ancient world , was conveyed to all , by the organization of their institutions of education .";"countries";"country";"1";"";"Whewell, William";"l3";"whewell-1837";"EDUC TREAT";"c";"c";"R";"";"";"";"";"l3";"k_l3";"c_lmod"
"salt:/ppcmbe2/whewell-1837-1#sTok9915";"each";"each";"*T*-2 each man felt himself a denizen of the civilised world ; - free of all the privileges with which 0 *T*-3 it had been gifted from the dawn of Greek civilisation up to the present time";"man";"man";"";"1";"Whewell, William";"l3";"whewell-1837";"EDUC TREAT";"c";"c";"G";"mann";"Weak";"Consonant-Stem";"M/N";"l3";"k_l3";"c_lmod"
"salt:/ppcmbe2/white-1784-2#sTok560";"all";"all";"of all countries , whether barbarous or civilized";"countries";"country";"1";"";"White, Joseph";"l2";"white-1784";"SERMON";"c";"c";"R";"";"";"";"";"l2";"j_l2";"c_lmod"
"salt:/ppcmbe2/white-1784-2#sTok1810";"any";"any";"to criticise any other works , than those which 0 *T*-2 were addressed to the imagination , or the heart";"works";"work";"1";"";"White, Joseph";"l2";"white-1784";"SERMON";"u";"a";"G";"weorc";"Strong";"A-Stem";"N";"l2";"j_l2";"c_lmod"
"salt:/ppcmbe2/white-1784-2#sTok1964";"every";"every";"of every country";"country";"country";"";"1";"White, Joseph";"l2";"white-1784";"SERMON";"c";"c";"R";"";"";"";"";"l2";"j_l2";"c_lmod"
"salt:/ppcmbe2/white-1784-2#sTok4094";"every";"every";"through every country";"country";"country";"";"1";"White, Joseph";"l2";"white-1784";"SERMON";"c";"c";"R";"";"";"";"";"l2";"j_l2";"c_lmod"
"salt:/ppcmbe2/white-1784-2#sTok7548";"any";"any";"any man be a worshipper of God";"man";"man";"";"1";"White, Joseph";"l2";"white-1784";"SERMON";"c";"c";"G";"mann";"Weak";"Consonant-Stem";"M/N";"l2";"j_l2";"c_lmod"
"salt:/ppcmbe2/white-1784-2#sTok7578";"any";"any";"any man opened the eyes of one 0 that *T*-2 was born blind";"man";"man";"";"1";"White, Joseph";"l2";"white-1784";"SERMON";"c";"c";"G";"mann";"Weak";"Consonant-Stem";"M/N";"l2";"j_l2";"c_lmod"
"salt:/ppcmbe2/white-1784-2#sTok8064";"some";"some";"to perform some miraculous work";"work";"work";"";"1";"White, Joseph";"l2";"white-1784";"SERMON";"u";"a";"G";"weorc";"Strong";"A-Stem";"N";"l2";"j_l2";"c_lmod"
"salt:/ppcmbe2/white-1784-2#sTok8335";"all";"all";"If 0 we let him thus alone , all men will believe on him . <$$font>";"men";"man";"1";"";"White, Joseph";"l2";"white-1784";"SERMON";"c";"c";"G";"mann";"Weak";"Consonant-Stem";"M/N";"l2";"j_l2";"c_lmod"
"salt:/ppcmbe2/whitefield-1737-2#sTok53";"many";"many";"Among the many heinous Sins for which 0 *T*-1 this Nation is grown infamous";"Sins";"sin";"1";"";"Whitefield, George";"l1";"whitefield-1737";"SERMON";"c";"a";"G";"syn";"Strong";"O-Stem";"F";"l1";"i_l1";"c_lmod"
"salt:/ppcmbe2/whitefield-1737-2#sTok876";"any";"any";"by any Creature in common Discourse";"Creature";"creature";"";"1";"Whitefield, George";"l1";"whitefield-1737";"SERMON";"c";"c";"R";"";"";"";"";"l1";"i_l1";"c_lmod"
"salt:/ppcmbe2/whitefield-1737-2#sTok958";"any";"any";"by any Creature";"Creature";"creature";"";"1";"Whitefield, George";"l1";"whitefield-1737";"SERMON";"c";"c";"R";"";"";"";"";"l1";"i_l1";"c_lmod"
"salt:/ppcmbe2/whitefield-1737-2#sTok1245";"all";"all";"of all Evil";"Evil";"evil";"";"1";"Whitefield, George";"l1";"whitefield-1737";"SERMON";"u";"a";"G";"yfel";"Strong";"A-Stem";"N";"l1";"i_l1";"c_lmod"
"salt:/ppcmbe2/whitefield-1737-2#sTok2066";"no";"no";"there is no manner of Temptation *ICH*-2 in Nature to the Commission of his Crime";"manner";"manner";"";"1";"Whitefield, George";"l1";"whitefield-1737";"SERMON";"u";"a";"R";"";"";"";"";"l1";"i_l1";"c_lmod"
"salt:/ppcmbe2/whitefield-1737-2#sTok2182";"no";"no";"For tho' 0 he may have a natural Inclination to this or that Crime , yet no Man , it is to be presumed , 0 *ICH*-1 can say , 0 he is born of a <font> Swearing <$$font> Constitution .";"Man";"man";"";"1";"Whitefield, George";"l1";"whitefield-1737";"SERMON";"c";"c";"G";"mann";"Weak";"Consonant-Stem";"M/N";"l1";"i_l1";"c_lmod"
"salt:/ppcmbe2/whitefield-1737-2#sTok2328";"many";"many";"for many Years";"Years";"year";"1";"";"Whitefield, George";"l1";"whitefield-1737";"SERMON";"c";"a";"G";"gear";"Strong";"A-Stem";"N";"l1";"i_l1";"c_lmod"
"salt:/ppcmbe2/whitefield-1737-2#sTok2483";"any";"any";"of any Sin";"Sin";"sin";"";"1";"Whitefield, George";"l1";"whitefield-1737";"SERMON";"c";"a";"G";"syn";"Strong";"O-Stem";"F";"l1";"i_l1";"c_lmod"
"salt:/ppcmbe2/whitefield-1737-2#sTok2599";"many";"many";"In many other gross Sins";"Sins";"sin";"1";"";"Whitefield, George";"l1";"whitefield-1737";"SERMON";"c";"a";"G";"syn";"Strong";"O-Stem";"F";"l1";"i_l1";"c_lmod"
"salt:/ppcmbe2/whitefield-1737-2#sTok2659";"every";"every";"every Day , but only one in seven";"Day";"day";"";"1";"Whitefield, George";"l1";"whitefield-1737";"SERMON";"c";"a";"G";"dæg";"Strong";"A-Stem";"M";"l1";"i_l1";"c_lmod"
"salt:/ppcmbe2/whitefield-1737-2#sTok4974";"all";"all";"of all the Earth";"Earth";"earth";"";"1";"Whitefield, George";"l1";"whitefield-1737";"SERMON";"u";"s";"G";"eorþe";"Weak";"N-Stem";"F";"l1";"i_l1";"c_lmod"
"salt:/ppcmbe2/whitefield-1737-2#sTok7786";"no";"no";"*T*-4 no Man can work";"Man";"man";"";"1";"Whitefield, George";"l1";"whitefield-1737";"SERMON";"c";"c";"G";"mann";"Weak";"Consonant-Stem";"M/N";"l1";"i_l1";"c_lmod"
"salt:/ppcmbe2/whitefield-1737-2#sTok7942";"all";"all";"*T*-1 yet should stand <font> all the Day idle <$$font> ; neglecting to set out till 0 the Sun was about to go down";"Day";"day";"";"1";"Whitefield, George";"l1";"whitefield-1737";"SERMON";"c";"a";"G";"dæg";"Strong";"A-Stem";"M";"l1";"i_l1";"c_lmod"
"salt:/ppcmbe2/whitefield-1737-2#sTok9712";"All";"all";"All the <font> Days <$$font> of their <font> appointed <$$font> Time have they waited ,";"Days";"day";"1";"";"Whitefield, George";"l1";"whitefield-1737";"SERMON";"c";"a";"G";"dæg";"Strong";"A-Stem";"M";"l1";"i_l1";"c_lmod"
"salt:/ppcmbe2/whitefield-1737-2#sTok10567";"many";"many";"The many Souls 0 that *T*-1 are nourished weekly by the spiritual Body and Blood of Jesus Christ by your Means , the weekly and monthly Lectures 0 that *T*-2 are preached by your Contributions ; the daily Incense of Thanksgiving and Prayer which 0 *T*-3 is publickly sent up to the Throne of Grace by your Subscriptions ; the many Children which 0 *T*-4 are trained up <font> in the Nurture and Admonition of the Lord <$$font> by your Charities ; and lastly , the commendable and pious Zeal 0 0 *T*-5 you exert in promoting and encouraging divine Psalmody";"Souls";"soul";"1";"";"Whitefield, George";"l1";"whitefield-1737";"SERMON";"c";"a";"G";"sawel";"Strong";"O-Stem";"F";"l1";"i_l1";"c_lmod"
"salt:/ppcmbe2/whitefield-1737-2#sTok11552";"many";"many";"many powerful Enemies 0 *T*-3 to overcome";"Enemies";"enemy";"1";"";"Whitefield, George";"l1";"whitefield-1737";"SERMON";"c";"c";"R";"";"";"";"";"l1";"i_l1";"c_lmod"
"salt:/ppcmbe2/wilde-1895-1#sTok150";"no";"no";"But no man should have a secret from his own wife .";"man";"man";"";"1";"Wilde, Oscar";"l4";"wilde-1895";"DRAMA COMEDY";"c";"c";"G";"mann";"Weak";"Consonant-Stem";"M/N";"l4";"l_l4";"c_lmod"
"salt:/ppcmbe2/wilde-1895-1#sTok609";"every";"every";"*T*-1 every day do something of the same kind themselves";"day";"day";"";"1";"Wilde, Oscar";"l4";"wilde-1895";"DRAMA COMEDY";"c";"a";"G";"dæg";"Strong";"A-Stem";"M";"l4";"l_l4";"c_lmod"
"salt:/ppcmbe2/wilde-1895-1#sTok961";"Every";"every";"Sir Robert Chiltern : Every man of ambition has to fight his century with its own weapons .";"man";"man";"";"1";"Wilde, Oscar";"l4";"wilde-1895";"DRAMA COMEDY";"c";"c";"G";"mann";"Weak";"Consonant-Stem";"M/N";"l4";"l_l4";"c_lmod"
"salt:/ppcmbe2/wilde-1895-1#sTok1346";"any";"any";"Lord Goring : Ah ! I prefer a gentlemanly fool any day .";"day";"day";"";"1";"Wilde, Oscar";"l4";"wilde-1895";"DRAMA COMEDY";"c";"a";"G";"dæg";"Strong";"A-Stem";"M";"l4";"l_l4";"c_lmod"
"salt:/ppcmbe2/wilde-1895-1#sTok1512";"some";"some";"some days afterwards";"days";"day";"1";"";"Wilde, Oscar";"l4";"wilde-1895";"DRAMA COMEDY";"c";"a";"G";"dæg";"Strong";"A-Stem";"M";"l4";"l_l4";"c_lmod"
"salt:/ppcmbe2/wilde-1895-1#sTok1790";"few";"few";"*T*-3 few men get";"men";"man";"1";"";"Wilde, Oscar";"l4";"wilde-1895";"DRAMA COMEDY";"c";"c";"G";"mann";"Weak";"Consonant-Stem";"M/N";"l4";"l_l4";"c_lmod"
"salt:/ppcmbe2/wilde-1895-1#sTok1977";"all";"all";"of all men in the world";"men";"man";"1";"";"Wilde, Oscar";"l4";"wilde-1895";"DRAMA COMEDY";"c";"c";"G";"mann";"Weak";"Consonant-Stem";"M/N";"l4";"l_l4";"c_lmod"
"salt:/ppcmbe2/wilde-1895-1#sTok2301";"some";"some";"in some strange book";"book";"book";"";"1";"Wilde, Oscar";"l4";"wilde-1895";"DRAMA COMEDY";"c";"c";"G";"boc";"Weak";"Consonant-Stem";"F";"l4";"l_l4";"c_lmod"
"salt:/ppcmbe2/wilde-1895-1#sTok3129";"no";"no";"At least , it makes no matter .";"matter";"matter";"";"1";"Wilde, Oscar";"l4";"wilde-1895";"DRAMA COMEDY";"c";"s";"R";"";"";"";"";"l4";"l_l4";"c_lmod"
"salt:/ppcmbe2/wilde-1895-1#sTok5561";"any";"any";"any public man , my father , or Lord Merton , or Robert , say , had , years ago , written some foolish letter to someone";"man";"man";"";"1";"Wilde, Oscar";"l4";"wilde-1895";"DRAMA COMEDY";"c";"c";"G";"mann";"Weak";"Consonant-Stem";"M/N";"l4";"l_l4";"c_lmod"
"salt:/ppcmbe2/wilde-1895-1#sTok5759";"much";"much";"without much charity";"charity";"charity";"";"1";"Wilde, Oscar";"l4";"wilde-1895";"DRAMA COMEDY";"u";"a";"R";"";"";"";"";"l4";"l_l4";"c_lmod"
"salt:/ppcmbe2/wilde-1895-1#sTok5769";"much";"much";"without much charity";"charity";"charity";"";"1";"Wilde, Oscar";"l4";"wilde-1895";"DRAMA COMEDY";"u";"a";"R";"";"";"";"";"l4";"l_l4";"c_lmod"
"salt:/ppcmbe2/wilde-1895-1#sTok10626";"all";"all";"after all these years";"years";"year";"1";"";"Wilde, Oscar";"l4";"wilde-1895";"DRAMA COMEDY";"c";"a";"G";"gear";"Strong";"A-Stem";"N";"l4";"l_l4";"c_lmod"
"salt:/ppcmbe2/wilde-1895-1#sTok11749";"all";"all";"*T*-1 you have been wearing all these years";"years";"year";"1";"";"Wilde, Oscar";"l4";"wilde-1895";"DRAMA COMEDY";"c";"a";"G";"gear";"Strong";"A-Stem";"N";"l4";"l_l4";"c_lmod"
"salt:/ppcmbe2/wilde-1895-1#sTok12133";"All";"all";"All sins , except a sin against itself , Love should forgive .";"sins";"sin";"1";"";"Wilde, Oscar";"l4";"wilde-1895";"DRAMA COMEDY";"c";"a";"G";"syn";"Strong";"O-Stem";"F";"l4";"l_l4";"c_lmod"
"salt:/ppcmbe2/wilde-1895-1#sTok12425";"some";"some";"a lonely dishonoured death , it $may $be {TEXT:maybe} , some day";"day";"day";"";"1";"Wilde, Oscar";"l4";"wilde-1895";"DRAMA COMEDY";"c";"a";"G";"dæg";"Strong";"A-Stem";"M";"l4";"l_l4";"c_lmod"
"salt:/ppcmbe2/wollaston-1793-1#sTok600";"no";"no";"What 0 *T*-1 is now coming upon the world , no man can tell .";"man";"man";"";"1";"Wollaston, Francis";"l2";"wollaston-1793";"SERMON";"c";"c";"G";"mann";"Weak";"Consonant-Stem";"M/N";"l2";"j_l2";"c_lmod"
"salt:/ppcmbe2/wollaston-1793-1#sTok1240";"all";"all";"with all our might";"might";"might";"";"1";"Wollaston, Francis";"l2";"wollaston-1793";"SERMON";"u";"a";"G";"meaht";"Strong";"O-Stem";"F";"l2";"j_l2";"c_lmod"
"salt:/ppcmbe2/wollaston-1793-1#sTok3104";"every";"every";"over every country";"country";"country";"";"1";"Wollaston, Francis";"l2";"wollaston-1793";"SERMON";"c";"c";"R";"";"";"";"";"l2";"j_l2";"c_lmod"
"salt:/ppcmbe2/wollaston-1793-1#sTok4139";"all";"all";"before all our eyes";"eyes";"eye";"1";"";"Wollaston, Francis";"l2";"wollaston-1793";"SERMON";"c";"c";"G";"eage";"Strong";"A-Stem";"M";"l2";"j_l2";"c_lmod"
"salt:/ppcmbe2/wollaston-1793-1#sTok5372";"each";"each";"in each succeeding year";"year";"year";"";"1";"Wollaston, Francis";"l2";"wollaston-1793";"SERMON";"c";"a";"G";"gear";"Strong";"A-Stem";"N";"l2";"j_l2";"c_lmod"
"salt:/ppcmbe2/wollaston-1793-1#sTok5435";"few";"few";"with a few licentious men among ourselves ? men of unbounded ambition and desperate fortunes , who 0 *T*-1 are practising every artifice to checque the ardor of this nation , and the endeavors of its Governors , towards stemming the torrent of Anarchy and licentiousness gone forth on the continent";"men";"man";"1";"";"Wollaston, Francis";"l2";"wollaston-1793";"SERMON";"c";"c";"G";"mann";"Weak";"Consonant-Stem";"M/N";"l2";"j_l2";"c_lmod"
"salt:/ppcmbe2/wollaston-1793-1#sTok6743";"every";"every";"from every \" brother 0 that *T*-2 walketh disorderly";"brother";"brother";"";"1";"Wollaston, Francis";"l2";"wollaston-1793";"SERMON";"c";"c";"G";"broþor";"Irregular";"Stem in -r";"M";"l2";"j_l2";"c_lmod"
"salt:/ppcmbe2/wollaston-1793-1#sTok7177";"some";"some";"for some years";"years";"year";"1";"";"Wollaston, Francis";"l2";"wollaston-1793";"SERMON";"c";"a";"G";"gear";"Strong";"A-Stem";"N";"l2";"j_l2";"c_lmod"
"salt:/ppcmbe2/wollaston-1793-1#sTok7542";"every";"every";"*T*-4 every man ought to maintain what 0 he sees *T*-5 to be true";"man";"man";"";"1";"Wollaston, Francis";"l2";"wollaston-1793";"SERMON";"c";"c";"G";"mann";"Weak";"Consonant-Stem";"M/N";"l2";"j_l2";"c_lmod"
"salt:/ppcmbe2/wollaston-1793-1#sTok7578";"several";"several";"several years ministration among you";"years";"year";"1";"";"Wollaston, Francis";"l2";"wollaston-1793";"SERMON";"c";"a";"G";"gear";"Strong";"A-Stem";"N";"l2";"j_l2";"c_lmod"
"salt:/ppcmbe2/wollaston-1793-1#sTok8201";"some";"some";"some years since";"years";"year";"1";"";"Wollaston, Francis";"l2";"wollaston-1793";"SERMON";"c";"a";"G";"gear";"Strong";"A-Stem";"N";"l2";"j_l2";"c_lmod"
"salt:/ppcmbe2/wollaston-1793-1#sTok9996";"all";"all";"all men , and all Churches composed of Men";"men";"man";"1";"";"Wollaston, Francis";"l2";"wollaston-1793";"SERMON";"c";"c";"G";"mann";"Weak";"Consonant-Stem";"M/N";"l2";"j_l2";"c_lmod"
"salt:/ppcmbe2/wollaston-1793-1#sTok10165";"few";"few";"a few years after the Reformation";"years";"year";"1";"";"Wollaston, Francis";"l2";"wollaston-1793";"SERMON";"c";"a";"G";"gear";"Strong";"A-Stem";"N";"l2";"j_l2";"c_lmod"
"salt:/ppcmbe2/wollaston-1793-1#sTok10188";"many";"many";"and many , very many pious and learned men there have been , and still are , members of that communion , and officiating ministers and dignitaries in it .";"men";"man";"1";"";"Wollaston, Francis";"l2";"wollaston-1793";"SERMON";"c";"c";"G";"mann";"Weak";"Consonant-Stem";"M/N";"l2";"j_l2";"c_lmod"
"salt:/ppcmbe2/wollaston-1793-1#sTok10603";"all";"all";"to judge all men";"men";"man";"1";"";"Wollaston, Francis";"l2";"wollaston-1793";"SERMON";"c";"c";"G";"mann";"Weak";"Consonant-Stem";"M/N";"l2";"j_l2";"c_lmod"
"salt:/ppcmbe2/wollaston-1793-1#sTok11331";"every";"every";"every man must believe according to the conviction of his own , not another's , understanding";"man";"man";"";"1";"Wollaston, Francis";"l2";"wollaston-1793";"SERMON";"c";"c";"G";"mann";"Weak";"Consonant-Stem";"M/N";"l2";"j_l2";"c_lmod"
"salt:/ppcmbe2/wollaston-1793-1#sTok11367";"no";"no";"Nay , since 0 religion , if 0 a man be sincere , must be next to his heart ; and every man must believe according to the conviction of his own , not another's , understanding ; and *con* must be zealous to worship God accordingly ; the Ruling Powers of a state , can have no right to abridge any man of the liberty of so doing ; nor to lay any restraints upon him on that account ; <P_43> excepting when , 0 under the pretense of religion , the principles 0 0 *T*-1 he avows interfere with the concerns of the state .";"right";"right";"";"1";"Wollaston, Francis";"l2";"wollaston-1793";"SERMON";"c";"a";"G";"riht";"Strong";"A-Stem";"N";"l2";"j_l2";"c_lmod"
"salt:/ppcmbe2/wollaston-1793-1#sTok11371";"any";"any";"to abridge any man of the liberty of so doing";"man";"man";"";"1";"Wollaston, Francis";"l2";"wollaston-1793";"SERMON";"c";"c";"G";"mann";"Weak";"Consonant-Stem";"M/N";"l2";"j_l2";"c_lmod"
"salt:/ppcmbe2/wollaston-1793-1#sTok11481";"every";"every";"And though 0 some *ICH*-3 there may still be on one side , who 0 *T*-4 are for keeping up harsh laws ; and some on the other , for laying unlimited claim to a civil allowance , which 0 *T*-5 perhaps may be doubtful as to its consequences ; yet every man of every persuasion is certainly now at free liberty to worship God in his own way ;";"man";"man";"";"1";"Wollaston, Francis";"l2";"wollaston-1793";"SERMON";"c";"c";"G";"mann";"Weak";"Consonant-Stem";"M/N";"l2";"j_l2";"c_lmod"
"salt:/ppcmbe2/wollaston-1793-1#sTok11648";"all";"all";"to all men , even to an enemy , in distress";"men";"man";"1";"";"Wollaston, Francis";"l2";"wollaston-1793";"SERMON";"c";"c";"G";"mann";"Weak";"Consonant-Stem";"M/N";"l2";"j_l2";"c_lmod"
"salt:/ppcmbe2/wollstonecraft-1787-2#sTok26";"every";"every";"of every rational creature";"creature";"creature";"";"1";"Wollstonecraft, Mary";"l2";"wollstonecraft-1787";"EDUC TREAT";"c";"c";"R";"";"";"";"";"l2";"j_l2";"c_lmod"
"salt:/ppcmbe2/wollstonecraft-1787-2#sTok1896";"many";"many";"There are many little books which 0 *T*-2 have this tendency .";"books";"book";"1";"";"Wollstonecraft, Mary";"l2";"wollstonecraft-1787";"EDUC TREAT";"c";"c";"G";"boc";"Weak";"Consonant-Stem";"F";"l2";"j_l2";"c_lmod"
"salt:/ppcmbe2/wollstonecraft-1787-2#sTok3338";"every";"every";"every young creature agreeable <P_28> for the time";"creature";"creature";"";"1";"Wollstonecraft, Mary";"l2";"wollstonecraft-1787";"EDUC TREAT";"c";"c";"R";"";"";"";"";"l2";"j_l2";"c_lmod"
"salt:/ppcmbe2/wollstonecraft-1787-2#sTok3829";"every";"every";"to please every creature";"creature";"creature";"";"1";"Wollstonecraft, Mary";"l2";"wollstonecraft-1787";"EDUC TREAT";"c";"c";"R";"";"";"";"";"l2";"j_l2";"c_lmod"
"salt:/ppcmbe2/wollstonecraft-1787-2#sTok7221";"many";"many";"She may have been many years struggling to get established ,";"years";"year";"1";"";"Wollstonecraft, Mary";"l2";"wollstonecraft-1787";"EDUC TREAT";"c";"a";"G";"gear";"Strong";"A-Stem";"N";"l2";"j_l2";"c_lmod"
"salt:/ppcmbe2/wollstonecraft-1787-2#sTok9437";"Few";"few";"Few men seriously think of marrying an inferior ;";"men";"man";"1";"";"Wollstonecraft, Mary";"l2";"wollstonecraft-1787";"EDUC TREAT";"c";"c";"G";"mann";"Weak";"Consonant-Stem";"M/N";"l2";"j_l2";"c_lmod"
"salt:/ppcmbe2/wollstonecraft-1787-2#sTok9983";"every";"every";"we every day have an opportunity of *T*-1 observing";"day";"day";"";"1";"Wollstonecraft, Mary";"l2";"wollstonecraft-1787";"EDUC TREAT";"c";"a";"G";"dæg";"Strong";"A-Stem";"M";"l2";"j_l2";"c_lmod"
"salt:/ppcmbe2/wollstonecraft-1787-2#sTok11888";"some";"some";"some years after";"years";"year";"1";"";"Wollstonecraft, Mary";"l2";"wollstonecraft-1787";"EDUC TREAT";"c";"a";"G";"gear";"Strong";"A-Stem";"N";"l2";"j_l2";"c_lmod"
"salt:/ppcmbe2/wood-1864-2#sTok891";"some";"some";"of some tall tree";"tree";"tree";"";"1";"Wood, John George, Rev.";"l4";"wood-1864";"HANDB OTHER";"c";"c";"G";"treow";"Strong";"A-Stem";"N";"l4";"l_l4";"c_lmod"
"salt:/ppcmbe2/wood-1864-2#sTok1790";"no";"no";"*T*-1 there is no wood";"wood";"wood";"";"1";"Wood, John George, Rev.";"l4";"wood-1864";"HANDB OTHER";"u";"s";"G";"wudu";"Strong";"U-Stem";"M";"l4";"l_l4";"c_lmod"
"salt:/ppcmbe2/wood-1864-2#sTok2417";"every";"every";"in every possible manner";"manner";"manner";"";"1";"Wood, John George, Rev.";"l4";"wood-1864";"HANDB OTHER";"u";"a";"R";"";"";"";"";"l4";"l_l4";"c_lmod"
"salt:/ppcmbe2/wood-1864-2#sTok3321";"some";"some";"of some creature which 0 *T*-3 has passed by";"creature";"creature";"";"1";"Wood, John George, Rev.";"l4";"wood-1864";"HANDB OTHER";"c";"c";"R";"";"";"";"";"l4";"l_l4";"c_lmod"
"salt:/ppcmbe2/wood-1864-2#sTok4442";"any";"any";"with any oily substance";"substance";"substance";"";"1";"Wood, John George, Rev.";"l4";"wood-1864";"HANDB OTHER";"c";"s";"R";"";"";"";"";"l4";"l_l4";"c_lmod"
"salt:/ppcmbe2/wood-1864-2#sTok4739";"all";"all";"*T*-2 had spent all its few days of existence in the narrow mud-built cell which 0 *T*-3 constitutes the Martin's nest";"days";"day";"1";"";"Wood, John George, Rev.";"l4";"wood-1864";"HANDB OTHER";"c";"a";"G";"dæg";"Strong";"A-Stem";"M";"l4";"l_l4";"c_lmod"
"salt:/ppcmbe2/wood-1864-2#sTok4741";"few";"few";"*T*-2 had spent all its few days of existence in the narrow mud-built cell which 0 *T*-3 constitutes the Martin's nest";"days";"day";"1";"";"Wood, John George, Rev.";"l4";"wood-1864";"HANDB OTHER";"c";"a";"G";"dæg";"Strong";"A-Stem";"M";"l4";"l_l4";"c_lmod"
"salt:/ppcmbe2/wood-1864-2#sTok7359";"some";"some";"for some days";"days";"day";"1";"";"Wood, John George, Rev.";"l4";"wood-1864";"HANDB OTHER";"c";"a";"G";"dæg";"Strong";"A-Stem";"M";"l4";"l_l4";"c_lmod"
"salt:/ppcmbe2/wood-1864-2#sTok7753";"all";"all";"to lose all the fruit which 0 *T*-4 they have so carefully watched since 0 the blossoms gave promise of a heavy crop";"fruit";"fruit";"";"1";"Wood, John George, Rev.";"l4";"wood-1864";"HANDB OTHER";"c";"s";"R";"";"";"";"";"l4";"l_l4";"c_lmod"
"salt:/ppcmbe2/wood-1864-2#sTok7822";"all";"all";"yet keep all our fruit to ourselves";"fruit";"fruit";"";"1";"Wood, John George, Rev.";"l4";"wood-1864";"HANDB OTHER";"c";"s";"R";"";"";"";"";"l4";"l_l4";"c_lmod"
"salt:/ppcmbe2/wood-1864-2#sTok8128";"Some";"some";"Some practical men take one side of the question ,";"men";"man";"1";"";"Wood, John George, Rev.";"l4";"wood-1864";"HANDB OTHER";"c";"c";"G";"mann";"Weak";"Consonant-Stem";"M/N";"l4";"l_l4";"c_lmod"
"salt:/ppcmbe2/wood-1864-2#sTok11311";"some";"some";"Make some houses for them";"houses";"house";"1";"";"Wood, John George, Rev.";"l4";"wood-1864";"HANDB OTHER";"c";"c";"G";"hus";"Strong";"A-Stem";"N";"l4";"l_l4";"c_lmod"
"salt:/ppcmbe2/wyld-1725-2#sTok3781";"all";"all";"in all Manner of Practice , where 0 *T*-2 the Bounders are very irregular";"Manner";"manner";"";"1";"Wyld, Samuel";"l1";"wyld-1725";"HANDB OTHER";"u";"a";"R";"";"";"";"";"l1";"i_l1";"c_lmod"
"salt:/ppcmbe2/yonge-1865-1#sTok3554";"either";"either";"in either hand";"hand";"hand";"";"1";"Yonge, Charlotte Mary";"l4";"yonge-1865";"FICTION";"c";"c";"G";"hand";"Strong";"U-Stem";"F";"l4";"l_l4";"c_lmod"
"salt:/ppcmbe2/yonge-1865-1#sTok4622";"no";"no";"having no man nearly *ICH*-2 connected enough 0 *T*-3 to keep her in check";"man";"man";"";"1";"Yonge, Charlotte Mary";"l4";"yonge-1865";"FICTION";"c";"c";"G";"mann";"Weak";"Consonant-Stem";"M/N";"l4";"l_l4";"c_lmod"
"salt:/ppcmbe2/yonge-1865-1#sTok5993";"some";"some";"some day I shall have to take care of papa";"day";"day";"";"1";"Yonge, Charlotte Mary";"l4";"yonge-1865";"FICTION";"c";"a";"G";"dæg";"Strong";"A-Stem";"M";"l4";"l_l4";"c_lmod"
"salt:/ppcmbe2/yonge-1865-1#sTok8827";"some";"some";"of some good , sensible man 0 that *T*-2 would guide her";"man";"man";"";"1";"Yonge, Charlotte Mary";"l4";"yonge-1865";"FICTION";"c";"c";"G";"mann";"Weak";"Consonant-Stem";"M/N";"l4";"l_l4";"c_lmod"
"salt:/ppcmbe2/yonge-1865-1#sTok11880";"no";"no";"I have no right to be disgusted .";"right";"right";"";"1";"Yonge, Charlotte Mary";"l4";"yonge-1865";"FICTION";"c";"a";"G";"riht";"Strong";"A-Stem";"N";"l4";"l_l4";"c_lmod"
